IncidentID,AgencyName,County,RdwyNumber,Street,RoadwayName,StreetSfx,Latitude,Longitude,Milepoint,CollisionDate,CollisionTime,UnitsInvolved,MotorVehiclesInvolved,NumberKilled,NumberInjured,Weather,RdwyConditionCode,HitandRun,DirAnalysisCode,MannerofCollision,RdwyCharacter,LightCondition,KABCO Code,KABCO,RT_UNIQUE
14404866,MONTGOMERY CTY SHERIFF DEPT,MONTGOMERY,KY0213,2735,BEDFORD,RD,38.0110555,-83.8323589,8.036,6/7/2015,915,1,1,0,0,CLEAR,DRY,FALSE,RAN OFF ROADWAY (1 VEHICLE WITH/EARTH EMBANKMENT/DITCH),SINGLE VEHICLE,CURVE & HILLCREST,DARK-HWY NOT LIGHTED,5,O,087-KY-0213  -000
14404868,MONTGOMERY CTY SHERIFF DEPT,MONTGOMERY,KY0011,,LEVEE,RD,38.0116164,-83.9505943,7.209,6/8/2015,1850,1,1,0,0,RAINING,WET,FALSE,RAN OFF ROADWAY (1 VEHICLE WITH/EARTH EMBANKMENT/DITCH),SINGLE VEHICLE,CURVE & GRADE,DAYLIGHT,5,O,087-KY-0011  -000
14404870,MONTGOMERY CTY SHERIFF DEPT,MONTGOMERY,KY1331,,HOWARDS MILL,RD,38.0620749,-83.8188406,5.068,6/9/2015,920,1,1,0,1,CLEAR,DRY,FALSE,RAN OFF ROADWAY (1 VEHICLE WITH/EARTH EMBANKMENT/DITCH),SINGLE VEHICLE,STRAIGHT & LEVEL,DAYLIGHT,3,B,087-KY-1331  -000
14404871,MONTGOMERY CTY SHERIFF DEPT,MONTGOMERY,US0060,,OWINGSVILLE,RD,38.0747786,-83.9186961,7.187,6/10/2015,1612,2,2,0,2,CLEAR,DRY,FALSE,OPPOSING LEFT TURN,OPPOSING LEFT TURN,STRAIGHT & LEVEL,DAYLIGHT,3,B,087-US-0060  -000
14404873,MONTGOMERY CTY SHERIFF DEPT,MONTGOMERY,KY0713,5840,SPENCER,PIKE,38.0301718,-83.8469411,12.287,6/8/2015,1033,1,1,0,0,CLOUDY,WET,FALSE,RAN OFF ROADWAY (1 VEHICLE WITH/EARTH EMBANKMENT/DITCH),SINGLE VEHICLE,CURVE & LEVEL,DAYLIGHT,5,O,087-KY-0713  -000
14404874,MONTGOMERY CTY SHERIFF DEPT,MONTGOMERY,KY0011,,LEVEE,RD,38.0160359,-83.9500635,7.52,6/12/2015,1300,2,2,0,0,CLEAR,DRY,FALSE,REAR END IN TRAFFIC LANES BOTH VEHICLES MOVING,REAR END,STRAIGHT & GRADE,DAYLIGHT,5,O,087-KY-0011  -000
14407215,MT. STERLING POLICE DEPARTMENT,MONTGOMERY,US0460,,MAYSVILLE,ST,38.0788519,-83.9496568,7.963,5/13/2015,842,2,2,0,0,CLEAR,DRY,FALSE,REAR END - OTHER,REAR END,STRAIGHT & GRADE,DAYLIGHT,5,O,087-US-0460  -000
14407217,MT. STERLING POLICE DEPARTMENT,MONTGOMERY,KY0011,,MAYSVILLE,RD,38.0877515,-83.9500414,7.32,5/8/2015,1705,2,2,0,0,CLEAR,DRY,FALSE,REAR END - ONE VEHICLE STOPPED,REAR END,STRAIGHT & GRADE,DAYLIGHT,5,O,087-US-0460  -000
14407220,MT. STERLING POLICE DEPARTMENT,MONTGOMERY,KY0686,,INDIAN MOUND,DR,38.0710584,-83.9551158,0.449,5/10/2015,1634,2,2,0,0,CLEAR,DRY,FALSE,REAR END IN TRAFFIC ONE VEHICLE STOPPED,REAR END,CURVE & LEVEL,DAYLIGHT,5,O,087-KY-0686  -000
14407222,MT. STERLING POLICE DEPARTMENT,MONTGOMERY,KY0686,,INDIAN MOUND,DR,38.0477014,-83.9562636,2.078,5/11/2015,1617,2,2,0,0,RAINING,WET,FALSE,1 VEHICLE ENTERING/LEAVING ENTRANCE,ANGLE,STRAIGHT & LEVEL,DAYLIGHT,5,O,087-KY-0686  -000
14409114,MT. STERLING POLICE DEPARTMENT,MONTGOMERY,KY0713,,LOCUST,ST,38.0562985,-83.9371029,6.554,3/29/2015,1948,2,2,0,0,CLEAR,DRY,FALSE,1 VEHICLE ENTERING/LEAVING ENTRANCE,ANGLE,STRAIGHT & LEVEL,DAYLIGHT,5,O,087-KY-0713  -000
14409117,MT. STERLING POLICE DEPARTMENT,MONTGOMERY,,,EVANS,AVE,38.0754648,-83.9511262,0.148,3/28/2015,1631,2,2,0,1,CLEAR,DRY,FALSE,1 VEHICLE ENTERING/LEAVING ENTRANCE,ANGLE,STRAIGHT & LEVEL,DAYLIGHT,4,C,087-CS-1116  -000
14409120,MT. STERLING POLICE DEPARTMENT,MONTGOMERY,US0060,,MAIN,ST,38.0570849,-83.9391497,5.295,3/30/2015,1911,2,2,0,0,CLEAR,DRY,FALSE,REAR END IN TRAFFIC LANES BOTH VEHICLES MOVING,REAR END,STRAIGHT & LEVEL,DAYLIGHT,5,O,087-US-0060  -000
14409125,MT. STERLING POLICE DEPARTMENT,MONTGOMERY,US0460,,MAYSVILLE,ST,38.0649213,-83.9450534,8.944,3/30/2015,1604,2,2,0,0,CLEAR,DRY,TRUE,REAR END IN TRAFFIC LANES BOTH VEHICLES MOVING,REAR END,STRAIGHT & LEVEL,DAYLIGHT,5,O,087-US-0460  -000
14409127,MT. STERLING POLICE DEPARTMENT,MONTGOMERY,US0460,1100,CAMARGO,RD,38.0411331,-83.9341126,10.758,3/20/2015,1330,3,3,0,0,CLOUDY,DRY,FALSE,REAR END IN TRAFFIC LANES BOTH VEHICLES MOVING,REAR END,STRAIGHT & LEVEL,DAYLIGHT,5,O,087-US-0460  -000
14409130,MT. STERLING POLICE DEPARTMENT,MONTGOMERY,KY0686,,INDIAN MOUND,DR,38.0689738,-83.9551212,0.596,3/30/2015,2002,2,2,0,0,CLEAR,DRY,FALSE,HEAD-ON COLLISION,HEAD ON,CURVE & LEVEL,DUSK,5,O,087-KY-0686  -000
14409630,MT. STERLING POLICE DEPARTMENT,MONTGOMERY,KY0686,810,INDIAN MOUND,DR,38.0617307,-83.9555204,1.109,4/6/2015,1105,2,2,0,0,CLOUDY,DRY,FALSE,REAR END IN TRAFFIC LANES BOTH VEHICLES MOVING,REAR END,STRAIGHT & LEVEL,DAYLIGHT,5,O,087-KY-0686  -000
14414286,MT. STERLING POLICE DEPARTMENT,MONTGOMERY,US0460,620,MAYSVILLE,ST,38.0726162,-83.947768,8.404,5/15/2015,1614,2,2,0,0,CLEAR,DRY,FALSE,1 VEHICLE ENTERING/LEAVING ENTRANCE,ANGLE,STRAIGHT & LEVEL,DAYLIGHT,5,O,087-US-0460  -000
14415528,MT. STERLING POLICE DEPARTMENT,MONTGOMERY,KY0686,,INDIAN MOUND,DR,38.0537639,-83.9562369,1.662,4/13/2015,726,2,2,0,0,CLEAR,DRY,FALSE,REAR END - OTHER,REAR END,STRAIGHT & LEVEL,DAYLIGHT,5,O,087-KY-0686  -000
14415536,MT. STERLING POLICE DEPARTMENT,MONTGOMERY,,,HIGH,ST,38.0572689,-83.9437631,0.257,4/13/2015,1404,2,2,0,1,CLEAR,DRY,FALSE,ANGLE COLLISION - ONE VEHICLE TURNING LEFT,ANGLE,STRAIGHT & HILLCREST,DAYLIGHT,2,A,087-CS-1052  -000
14417041,MT. STERLING POLICE DEPARTMENT,MONTGOMERY,KY0686,,INDIAN MOUND DR MT STERLING,BYP,38.0581158,-83.9558504,1.358,5/22/2015,1353,2,2,0,1,CLEAR,DRY,FALSE,1 VEHICLE ENTERING/LEAVING ENTRANCE,ANGLE,STRAIGHT & GRADE,DAYLIGHT,2,A,087-KY-0686  -000
14417044,MT. STERLING POLICE DEPARTMENT,MONTGOMERY,US0460,,MAYSVILLE,ST,38.0706545,-83.9469476,8.535,5/27/2015,1202,2,2,0,1,CLEAR,DRY,FALSE,ANGLE COLLISION - BOTH VEHICLES GOING STRAIGHT,ANGLE,STRAIGHT & GRADE,DAYLIGHT,3,B,087-US-0460  -000
14422615,MT. STERLING POLICE DEPARTMENT,MONTGOMERY,KY0686,,INDIAN MOUND,DR,38.0528523,-83.9563213,1.724,6/11/2015,1408,2,2,0,0,CLEAR,DRY,FALSE,SIDESWIPE COLLISION - SAME DIRECTION,SIDESWIPE-SAME DIRECTION,STRAIGHT & LEVEL,DAYLIGHT,5,O,087-KY-0686  -000
14422617,MT. STERLING POLICE DEPARTMENT,MONTGOMERY,US0460,637,MAYSVILLE,RD,38.0746377,-83.9482656,8.248,6/15/2015,1351,2,2,0,0,CLEAR,DRY,FALSE,SIDESWIPE COLLISION - SAME DIRECTION,SIDESWIPE-SAME DIRECTION,STRAIGHT & LEVEL,DAYLIGHT,5,O,087-US-0460  -000
14423820,MT. STERLING POLICE DEPARTMENT,MONTGOMERY,US0060,,MAIN,ST,38.0595968,-83.9333786,5.67,4/29/2015,1555,3,3,0,1,CLEAR,DRY,FALSE,1 VEHICLE ENTERING/LEAVING ENTRANCE,ANGLE,STRAIGHT & GRADE,DAYLIGHT,4,C,087-US-0060  -000
14423822,MT. STERLING POLICE DEPARTMENT,MONTGOMERY,KY0011,,LEVEE,RD,38.0396585,-83.9488609,9.141,4/30/2015,1803,2,2,0,0,CLEAR,WET,FALSE,1 VEHICLE ENTERING/LEAVING ENTRANCE,ANGLE,STRAIGHT & LEVEL,DAYLIGHT,5,O,087-KY-0011  -000
14427451,MT. STERLING POLICE DEPARTMENT,MONTGOMERY,US0460,,MAYSVILLE,ST,38.0627327,-83.9442883,9.104,5/31/2015,1338,2,2,0,0,CLEAR,DRY,FALSE,REAR END IN TRAFFIC LANES BOTH VEHICLES MOVING,REAR END,STRAIGHT & LEVEL,DAYLIGHT,5,O,087-US-0460  -000
14430188,MT. STERLING POLICE DEPARTMENT,MONTGOMERY,KY0686,,INDIAN MOUND,DR,38.0673238,-83.9551714,0.717,6/5/2015,1846,2,2,0,0,CLEAR,DRY,FALSE,REAR END IN TRAFFIC LANES BOTH VEHICLES MOVING,REAR END,STRAIGHT & LEVEL,DAYLIGHT,5,O,087-KY-0686  -000
14430190,MT. STERLING POLICE DEPARTMENT,MONTGOMERY,KY0011,,LEVEE,RD,38.0417336,-83.9474397,9.288,5/27/2015,931,2,2,0,0,CLOUDY,DRY,FALSE,REAR END - OTHER,REAR END,STRAIGHT & LEVEL,DAYLIGHT,5,O,087-KY-0011  -000
14430193,MT. STERLING POLICE DEPARTMENT,MONTGOMERY,US0460,501,MAYSVILLE,ST,38.067589,-83.9458785,8.755,5/31/2015,1129,2,2,0,0,CLEAR,DRY,FALSE,SIDESWIPE COLLISION - SAME DIRECTION,SIDESWIPE-SAME DIRECTION,STRAIGHT & GRADE,DAYLIGHT,5,O,087-US-0460  -000
14432125,MT. STERLING POLICE DEPARTMENT,MONTGOMERY,US0460,,MAYSVILLE,ST,38.0757779,-83.9489304,8.163,5/7/2015,745,2,2,0,0,CLEAR,DRY,FALSE,REAR END - ONE VEHICLE STOPPED,REAR END,STRAIGHT & LEVEL,DAYLIGHT,5,O,087-US-0460  -000
14432127,MT. STERLING POLICE DEPARTMENT,MONTGOMERY,US0460,,MAYSVILLE,RD,38.0788708,-83.9494726,7.945,5/7/2015,844,2,2,0,0,CLEAR,DRY,FALSE,REAR END - OTHER,REAR END,STRAIGHT & GRADE,DAYLIGHT,5,O,087-US-0460  -000
14432609,"KY STATE POLICE, POST 08",MONTGOMERY,KY0011,,LEVEE,RD,38.0281281,-83.9488959,8.365,5/12/2015,2230,1,1,0,0,CLEAR,DRY,TRUE,RAN OFF ROADWAY (1 VEHICLE WITH/EARTH EMBANKMENT/DITCH),SINGLE VEHICLE,CURVE & LEVEL,DARK-HWY NOT LIGHTED,5,O,087-KY-0011  -000
14436994,MT. STERLING POLICE DEPARTMENT,MONTGOMERY,US0460,440,MAYSVILLE,ST,38.0663372,-83.9455043,8.843,6/6/2015,934,1,1,0,1,CLEAR,DRY,FALSE,COLLISION WITH FIXED OBJECT NON - INTERSECTION - FIRST EVENT COLLISION 09 - 32 EXCLUDING 16,SINGLE VEHICLE,STRAIGHT & LEVEL,DAYLIGHT,4,C,087-US-0460  -000
14440620,MT. STERLING POLICE DEPARTMENT,MONTGOMERY,KY0686,,INDIAN MOUND,DR,38.0734211,-83.9511291,0.171,5/1/2015,1600,2,2,0,1,CLEAR,DRY,FALSE,1 VEHICLE ENTERING/LEAVING ENTRANCE,ANGLE,STRAIGHT & LEVEL,DAYLIGHT,3,B,087-KY-0686  -000
14440623,MT. STERLING POLICE DEPARTMENT,MONTGOMERY,US0460,,MAYSVILLE,RD,38.0741384,-83.9481938,8.281,5/6/2015,758,2,2,0,0,CLEAR,DRY,FALSE,SIDESWIPE-SAME DIRECTION,SIDESWIPE-SAME DIRECTION,STRAIGHT & LEVEL,DAYLIGHT,5,O,087-US-0460  -000
14440625,MT. STERLING POLICE DEPARTMENT,MONTGOMERY,US0460,,PARIS,RD,38.0880509,-83.9502285,7.299,5/6/2015,1752,2,2,0,0,CLEAR,DRY,FALSE,REAR END IN TRAFFIC LANES BOTH VEHICLES MOVING,REAR END,STRAIGHT & LEVEL,DAYLIGHT,5,O,087-US-0460  -000
14440628,MT. STERLING POLICE DEPARTMENT,MONTGOMERY,US0060,,MAIN,ST,38.0557578,-83.9449975,4.962,5/6/2015,1947,2,2,0,1,CLEAR,DRY,FALSE,ANGLE COLLISION - BOTH VEHICLES GOING STRAIGHT,ANGLE,STRAIGHT & LEVEL,DAYLIGHT,4,C,087-US-0060  -000
14445174,MT. STERLING POLICE DEPARTMENT,MONTGOMERY,KY0686,,INDIAN MOUND,DR,38.0673566,-83.9554218,0.719,6/15/2015,1512,2,2,0,0,CLOUDY,DRY,FALSE,REAR END - OTHER,REAR END,STRAIGHT & LEVEL,DAYLIGHT,5,O,087-KY-0686  -000
14446301,MT. STERLING POLICE DEPARTMENT,MONTGOMERY,US0060,,WINCHESTER,RD,38.0538255,-83.9566946,4.321,6/8/2015,1706,2,2,0,0,RAINING,WET,FALSE,REAR END IN TRAFFIC LANES BOTH VEHICLES MOVING,REAR END,STRAIGHT & LEVEL,DAYLIGHT,5,O,087-US-0060  -000
14446303,MT. STERLING POLICE DEPARTMENT,MONTGOMERY,,,DARLEY,CRK,38.050095,-83.9523983,0.078,6/10/2015,227,1,1,0,0,CLEAR,DRY,TRUE,COLLISION WITH FIXED OBJECT NON - INTERSECTION - FIRST EVENT COLLISION 09 - 32 EXCLUDING 16,SINGLE VEHICLE,STRAIGHT & LEVEL,DARK-HWY LIGHTED/ON,5,O,087-CS-1151  -000
14447059,MONTGOMERY CTY SHERIFF DEPT,MONTGOMERY,,,DOVE TRACE,EST,38.0281128,-83.9695633,0.254,3/11/2015,948,2,2,0,0,FOG,DRY,FALSE,VEHICLE BACKING NON INTERSECTION,BACKING,STRAIGHT & LEVEL,DAYLIGHT,5,O,087-CR-1239  -000
14447061,MONTGOMERY CTY SHERIFF DEPT,MONTGOMERY,US0060,,OWINGSVILLE,RD,38.074936,-83.9184611,7.202,3/11/2015,1227,2,2,0,0,CLEAR,DRY,FALSE,ANGLE COLLISION - OTHER,ANGLE,STRAIGHT & LEVEL,DAYLIGHT,5,O,087-US-0060  -000
14447069,MONTGOMERY CTY SHERIFF DEPT,MONTGOMERY,,4428,SPENCER,PIKE,38.0301796,-83.8752765,10.714,3/14/2015,2325,1,1,0,0,CLOUDY,WET,FALSE,COLLISION WITH FIXED OBJECT NON - INTERSECTION - FIRST EVENT COLLISION 09 - 32 EXCLUDING 16,SINGLE VEHICLE,CURVE & LEVEL,DARK-HWY NOT LIGHTED,5,O,087-KY-0713  -000
14448476,MT. STERLING POLICE DEPARTMENT,MONTGOMERY,KY0686,,INDIAN MOUND,DR,38.0492082,-83.9564897,1.977,6/7/2015,1617,2,2,0,0,CLEAR,DRY,FALSE,1 VEHICLE ENTERING/LEAVING ENTRANCE,ANGLE,CURVE & LEVEL,DAYLIGHT,5,O,087-KY-0686  -000
14448692,MT. STERLING POLICE DEPARTMENT,MONTGOMERY,KY0686,499,INDIAN MOUND,DR,38.0675806,-83.9555099,0.704,5/20/2015,711,2,2,0,0,CLEAR,DRY,FALSE,1 VEHICLE ENTERING/LEAVING ENTRANCE,ANGLE,STRAIGHT & LEVEL,DAYLIGHT,5,O,087-KY-0686  -000
14452354,MT. STERLING POLICE DEPARTMENT,MONTGOMERY,,,BROOKMEDE,DR,38.0510485,-83.9589985,0.206,5/2/2015,1610,1,1,0,0,CLEAR,DRY,FALSE,COLLISION WITH FIXED OBJECT NON - INTERSECTION - FIRST EVENT COLLISION 09 - 32 EXCLUDING 16,SINGLE VEHICLE,CURVE & GRADE,DAYLIGHT,5,O,087-CS-1027  -000
14452357,MT. STERLING POLICE DEPARTMENT,MONTGOMERY,,,RICHMOND,AVE,38.0537298,-83.9476508,0.078,4/29/2015,1648,2,2,0,0,CLEAR,DRY,FALSE,SIDESWIPE COLLISION - SAME DIRECTION,SIDESWIPE-SAME DIRECTION,STRAIGHT & GRADE,DAYLIGHT,5,O,087-CS-1024  -000
14453846,MT. STERLING POLICE DEPARTMENT,MONTGOMERY,KY0011,,LEVEE,RD,38.0401168,-83.9485744,9.172,6/20/2015,2250,3,3,0,1,CLEAR,WET,FALSE,HEAD-ON COLLISION,HEAD ON,STRAIGHT & LEVEL,DARK-HWY LIGHTED/ON,4,C,087-KY-0011  -000
14455050,MT. STERLING POLICE DEPARTMENT,MONTGOMERY,KY0686,499,INDIAN MOUND,DR,38.0679292,-83.9554806,0.68,5/8/2015,1059,2,2,0,0,CLEAR,DRY,FALSE,1 VEHICLE ENTERING/LEAVING ENTRANCE,ANGLE,STRAIGHT & LEVEL,DAYLIGHT,5,O,087-KY-0686  -000
14457088,MT. STERLING POLICE DEPARTMENT,MONTGOMERY,KY0686,,INDIAN MOUND DR MT STERLING,BYP,38.0408409,-83.9390104,3.241,5/11/2015,754,1,1,0,0,CLEAR,DRY,FALSE,COLLISION WITH FIXED OBJECT NON - INTERSECTION - FIRST EVENT COLLISION 09 - 32 EXCLUDING 16,SINGLE VEHICLE,STRAIGHT & GRADE,DAYLIGHT,5,O,087-KY-0686  -000
14457091,MT. STERLING POLICE DEPARTMENT,MONTGOMERY,,,LARKSPUR,DR,38.0707688,-83.9423713,0.071,5/11/2015,200,3,3,0,0,CLEAR,DRY,TRUE,COLLISION WITH FIXED OBJECT NON - INTERSECTION - FIRST EVENT COLLISION 09 - 32 EXCLUDING 16,ANGLE,STRAIGHT & LEVEL,DARK-HWY LIGHTED/ON,5,O,087-CS-1108  -000
14457967,MT. STERLING POLICE DEPARTMENT,MONTGOMERY,,,MAGNOLIA,DR,38.069977,-83.9412015,0.233,5/23/2015,1258,2,2,0,0,CLEAR,DRY,FALSE,VEHICLE BACKING NON INTERSECTION,BACKING,STRAIGHT & GRADE,DAYLIGHT,5,O,087-CS-1180  -000
14458132,MT. STERLING POLICE DEPARTMENT,MONTGOMERY,,,LOCUST,ST,38.0549607,-83.9428712,0.235,6/18/2015,1808,2,2,0,0,RAINING,WET,FALSE,ANGLE COLLISION - BOTH VEHICLES GOING STRAIGHT,ANGLE,STRAIGHT & LEVEL,DAYLIGHT,5,O,087-CS-1023  -000
14458135,MT. STERLING POLICE DEPARTMENT,MONTGOMERY,,,WINGTIP,WAY,38.0741871,-83.9479012,0.001,6/19/2015,1204,2,2,0,0,CLOUDY,DRY,FALSE,REAR END IN TRAFFIC LANES BOTH VEHICLES MOVING,REAR END,STRAIGHT & LEVEL,DAYLIGHT,5,O,087-CS-1121  -000
14459554,MT. STERLING POLICE DEPARTMENT,MONTGOMERY,,,WILLIN,WAY,38.0410818,-83.9341664,0.25,6/13/2015,1711,2,2,0,0,CLEAR,DRY,FALSE,REAR END IN TRAFFIC LANES BOTH VEHICLES MOVING,REAR END,STRAIGHT & LEVEL,DAYLIGHT,5,O,087-CS-1164  -000
14462868,MT. STERLING POLICE DEPARTMENT,MONTGOMERY,KY0686,,INDIAN MOUND,DR,38.0598637,-83.9556783,1.238,5/20/2015,1345,2,2,0,0,CLEAR,DRY,FALSE,1 VEHICLE ENTERING/LEAVING ENTRANCE,ANGLE,STRAIGHT & LEVEL,DAYLIGHT,5,O,087-KY-0686  -000
14462871,MT. STERLING POLICE DEPARTMENT,MONTGOMERY,KY0686,,INDIAN MOUND,DR,38.0598809,-83.9556824,1.236,5/20/2015,1412,2,2,0,0,CLEAR,DRY,FALSE,REAR END IN TRAFFIC LANES BOTH VEHICLES MOVING,REAR END,STRAIGHT & LEVEL,DAYLIGHT,5,O,087-KY-0686  -000
14462873,MT. STERLING POLICE DEPARTMENT,MONTGOMERY,US0460,,MAYSVILLE,RD,38.0875728,-83.9499796,7.333,5/27/2015,1744,2,2,0,0,RAINING,WET,FALSE,REAR END IN TRAFFIC LANES BOTH VEHICLES MOVING,REAR END,STRAIGHT & LEVEL,DAYLIGHT,5,O,087-US-0460  -000
14463288,MT. STERLING POLICE DEPARTMENT,MONTGOMERY,,,SPRING,ST,38.0514666,-83.9560547,0.018,6/19/2015,1302,2,2,0,0,CLEAR,DRY,TRUE,1 VEHICLE PARKED POSITION (NOT PARKING LOT/DRIVEWAY),ANGLE,STRAIGHT & GRADE,DAYLIGHT,5,O,087-CR-1042  -000
14463290,MT. STERLING POLICE DEPARTMENT,MONTGOMERY,US0060,,MAIN,ST,38.055771,-83.9450307,4.96,6/19/2015,1834,2,2,0,2,RAINING,WET,FALSE,1 VEHICLE ENTERING/LEAVING ENTRANCE,ANGLE,STRAIGHT & LEVEL,DAYLIGHT,3,B,087-US-0060  -000
14465963,MT. STERLING POLICE DEPARTMENT,MONTGOMERY,KY0686,,INDIAN MOUND,DR,38.0736568,-83.9513102,0.177,8/29/2015,1122,2,2,0,1,CLEAR,DRY,FALSE,ANGLE COLLISION - OTHER,ANGLE,CURVE & LEVEL,DAYLIGHT,4,C,087-KY-0686  -000
14470432,MT. STERLING POLICE DEPARTMENT,MONTGOMERY,KY0686,,INDIAN MOUND,DR,38.0699393,-83.9554673,0.543,6/22/2015,1609,2,2,0,0,CLEAR,DRY,FALSE,1 VEHICLE ENTERING/LEAVING ENTRANCE,ANGLE,STRAIGHT & LEVEL,DAYLIGHT,5,O,087-KY-0686  -000
14472669,MT. STERLING POLICE DEPARTMENT,MONTGOMERY,US0460,,MAYSVILLE,ST,38.0743349,-83.9484267,8.265,7/1/2015,1422,2,2,0,3,CLEAR,DRY,FALSE,REAR END - ONE VEHICLE TURNING RIGHT,REAR END,STRAIGHT & LEVEL,DAYLIGHT,2,A,087-US-0460  -000
14472782,MT. STERLING POLICE DEPARTMENT,MONTGOMERY,KY0686,,INDIAN MOUND,DR,38.041876,-83.9346286,3.491,8/6/2015,1044,2,2,0,0,RAINING,WET,FALSE,REAR END - OTHER,REAR END,STRAIGHT & LEVEL,DAYLIGHT,5,O,087-KY-0686  -000
14477791,MONTGOMERY CTY SHERIFF DEPT,MONTGOMERY,,,JAMIE RIDGE,,38.0720987,-83.8993127,0.124,6/16/2015,1603,2,1,0,1,CLEAR,DRY,FALSE,COLLISION WITH BICYCLIST NON INTERSECTION,SINGLE VEHICLE,STRAIGHT & LEVEL,DAYLIGHT,4,C,087-CR-1021P -000
14477794,MONTGOMERY CTY SHERIFF DEPT,MONTGOMERY,US0460,,CAMARGO,RD,38.0006403,-83.8978704,0,7/11/2015,1914,2,2,0,0,CLEAR,DRY,FALSE,VEHICLE BACKING NON INTERSECTION,BACKING,STRAIGHT & LEVEL,DAYLIGHT,5,O,087-CS-2003  -000
14477799,MONTGOMERY CTY SHERIFF DEPT,MONTGOMERY,US0460,,MAIN,ST,37.9757679,-83.8488605,17.551,7/24/2015,2136,2,2,0,0,CLEAR,DRY,FALSE,1 VEHICLE ENTERING/LEAVING ENTRANCE,ANGLE,STRAIGHT & LEVEL,DUSK,5,O,087-US-0460  -000
14477801,MONTGOMERY CTY SHERIFF DEPT,MONTGOMERY,US0460,,MAIN,ST,37.9499215,-83.7747313,22.035,7/27/2015,1808,2,2,0,0,CLEAR,DRY,FALSE,RAN OFF ROADWAY (1 VEHICLE WITH/EARTH EMBANKMENT/DITCH),ANGLE,STRAIGHT & LEVEL,DAYLIGHT,5,O,087-US-0460  -000
14478635,MONTGOMERY CTY SHERIFF DEPT,MONTGOMERY,KY0011,,LEVEE,RD,37.9853408,-83.9403944,5.123,7/18/2015,737,2,2,0,2,CLEAR,DRY,FALSE,HEAD-ON COLLISION,HEAD ON,STRAIGHT & LEVEL,DAYLIGHT,2,A,087-KY-0011  -000
14478637,MONTGOMERY CTY SHERIFF DEPT,MONTGOMERY,US0060,3060,OWINGSVILLE,RD,38.0862264,-83.8996097,8.54,7/20/2015,1237,2,2,0,0,CLEAR,DRY,FALSE,1 VEHICLE ENTERING/LEAVING ENTRANCE,ANGLE,STRAIGHT & LEVEL,DAYLIGHT,5,O,087-US-0060  -000
14479348,MONTGOMERY CTY SHERIFF DEPT,MONTGOMERY,KY0713,,SPENCER,PIKE,38.0504558,-83.9092946,8.314,7/21/2015,1254,2,2,0,0,CLEAR,DRY,FALSE,SIDESWIPE COLLISION - OPPOSITE DIRECTION,SIDESWIPE-OPPOSITE DIRECTION,STRAIGHT & LEVEL,DAYLIGHT,5,O,087-KY-0713  -000
14479350,MONTGOMERY CTY SHERIFF DEPT,MONTGOMERY,US0060,,OWINGSVILLE,RD,38.0747568,-83.9186903,7.185,7/22/2015,2005,2,2,0,3,CLEAR,DRY,FALSE,OPPOSING LEFT TURN,OPPOSING LEFT TURN,STRAIGHT & LEVEL,DUSK,2,A,087-US-0060  -000
14479353,MONTGOMERY CTY SHERIFF DEPT,MONTGOMERY,KY0686,,INDIAN MOUND DR MT STERLING,BYP,38.0578939,-83.9561228,1.375,7/23/2015,1400,2,2,0,1,CLEAR,DRY,FALSE,ANGLE COLLISION - BOTH VEHICLES GOING STRAIGHT,ANGLE,STRAIGHT & LEVEL,DAYLIGHT,4,C,087-KY-0686  -000
14479358,MONTGOMERY CTY SHERIFF DEPT,MONTGOMERY,US0060,,WINCHESTER,RD,38.0492453,-83.9773967,3.101,7/23/2015,540,2,2,0,0,CLOUDY,DRY,FALSE,ANGLE COLLISION - ONE VEHICLE TURNING LEFT,ANGLE,STRAIGHT & LEVEL,DARK-HWY NOT LIGHTED,5,O,087-US-0060  -000
14479360,MONTGOMERY CTY SHERIFF DEPT,MONTGOMERY,KY0213,,BEDFORD,RD,38.0232736,-83.8242101,9.132,7/24/2015,1539,2,2,0,1,CLEAR,DRY,FALSE,ANGLE COLLISION - ONE VEHICLE TURNING LEFT,ANGLE,STRAIGHT & GRADE,DAYLIGHT,3,B,087-KY-0213  -000
14479363,MONTGOMERY CTY SHERIFF DEPT,MONTGOMERY,I 0064,,,,38.0741487,-83.9766983,108.07,7/26/2015,758,1,1,0,0,CLEAR,DRY,FALSE,COLLISION WITH ANIMAL NON INTERSECTION,SINGLE VEHICLE,STRAIGHT & GRADE,DAYLIGHT,5,O,087-I -0064  -000
14479370,MONTGOMERY CTY SHERIFF DEPT,MONTGOMERY,KY0011,,LEVEE,RD,38.0365041,-83.9499717,8.927,7/30/2015,1253,2,2,0,0,CLEAR,DRY,FALSE,1 VEHICLE ENTERING/LEAVING ENTRANCE,ANGLE,STRAIGHT & LEVEL,DAYLIGHT,5,O,087-KY-0011  -000
14479373,MONTGOMERY CTY SHERIFF DEPT,MONTGOMERY,,,STEPSTONE,RD,38.0953524,-83.852218,2.59,7/30/2015,630,1,1,0,0,CLEAR,DRY,FALSE,RAN OFF ROADWAY (1 VEHICLE WITH/EARTH EMBANKMENT/DITCH),SINGLE VEHICLE,STRAIGHT & GRADE,DAYLIGHT,5,O,087-CR-1008  -000