IncidentID,AgencyName,County,RdwyNumber,Street,RoadwayName,StreetSfx,Latitude,Longitude,Milepoint,CollisionDate,CollisionTime,UnitsInvolved,MotorVehiclesInvolved,NumberKilled,NumberInjured,Weather,RdwyConditionCode,HitandRun,DirAnalysisCode,MannerofCollision,RdwyCharacter,LightCondition,KABCO Code,KABCO,RT_UNIQUE
17452099,MT. STERLING POLICE DEPARTMENT,MONTGOMERY,,,MAGNOLIA,DR,38.0733096,-83.9408464,0.003,10/10/2015,2336,2,2,0,0,CLEAR,DRY,FALSE,1 VEHICLE PARKED POSITION (NOT PARKING LOT/DRIVEWAY),BACKING,STRAIGHT & LEVEL,DARK-HWY LIGHTED/ON,5,O,087-CS-1109  -000
17452502,MT. STERLING POLICE DEPARTMENT,MONTGOMERY,KY0686,1100,INDIAN MOUND,DR,38.0542959,-83.9562009,1.623,10/3/2015,2230,1,1,0,1,CLOUDY,WET,FALSE,COLLISION WITH FIXED OBJECT NON - INTERSECTION - FIRST EVENT COLLISION 09 - 32 EXCLUDING 16,SINGLE VEHICLE,STRAIGHT & LEVEL,DARK-HWY LIGHTED/OFF,4,C,087-KY-0686  -000
17453098,MT. STERLING POLICE DEPARTMENT,MONTGOMERY,KY0686,,INDIAN MOUND,DR,38.0736103,-83.9511856,0.171,11/2/2015,1021,2,2,0,0,CLOUDY,DRY,FALSE,ANGLE COLLISION - ONE VEHICLE TURNING LEFT,ANGLE,STRAIGHT & LEVEL,DAYLIGHT,5,O,087-KY-0686  -000
17453099,MT. STERLING POLICE DEPARTMENT,MONTGOMERY,US0460,,MAYSVILLE,ST,38.0726483,-83.9477832,8.402,11/2/2015,1549,2,2,0,0,CLEAR,DRY,FALSE,REAR END IN TRAFFIC ONE VEHICLE STOPPED,REAR END,STRAIGHT & LEVEL,DAYLIGHT,5,O,087-US-0460  -000
17453100,MT. STERLING POLICE DEPARTMENT,MONTGOMERY,KY0686,810,INDIAN MOUND,DR,38.0608655,-83.9555879,1.168,10/30/2015,1546,2,2,0,0,CLOUDY,DRY,FALSE,REAR END IN TRAFFIC LANES BOTH VEHICLES MOVING,REAR END,STRAIGHT & LEVEL,DAYLIGHT,5,O,087-KY-0686  -000
17454431,MT. STERLING POLICE DEPARTMENT,MONTGOMERY,US0460,440,MAYSVILLE,ST,38.0667665,-83.945695,8.812,10/2/2015,1148,2,2,0,0,RAINING,WET,FALSE,1 VEHICLE ENTERING/LEAVING ENTRANCE,ANGLE,STRAIGHT & GRADE,DAYLIGHT,5,O,087-US-0460  -000
17455868,MT. STERLING POLICE DEPARTMENT,MONTGOMERY,US0060,,WINCHESTER,RD,38.0538607,-83.9561715,0,10/9/2015,1553,2,2,0,0,CLOUDY,WET,FALSE,REAR END IN TRAFFIC ONE VEHICLE STOPPED,REAR END,STRAIGHT & LEVEL,DAYLIGHT,5,O,087-US-0060  -000
17455869,MT. STERLING POLICE DEPARTMENT,MONTGOMERY,I 0064,,,,38.0765482,-83.9492785,0.201,10/9/2015,1629,2,2,0,0,CLOUDY,WET,FALSE,REAR END - ON RAMP,REAR END,STRAIGHT & LEVEL,DAYLIGHT,5,O,087-CR-1042  -000
17456016,MT. STERLING POLICE DEPARTMENT,MONTGOMERY,US0460,,CAMARGO,RD,38.041941,-83.9343469,10.7,10/9/2015,1832,2,2,0,0,CLOUDY,DRY,FALSE,1 VEHICLE ENTERING/LEAVING ENTRANCE,ANGLE,STRAIGHT & LEVEL,DAYLIGHT,5,O,087-US-0460  -000
17456865,MONTGOMERY CO. SCHOOL DIST. PD,MONTGOMERY,US0460,1040,MAYSVILLE,RD,38.082139,-83.9496696,7.717,10/22/2015,747,2,2,0,0,CLEAR,DRY,FALSE,REAR END IN TRAFFIC LANES BOTH VEHICLES MOVING,REAR END,CURVE & LEVEL,DAYLIGHT,5,O,087-US-0460  -000
17458092,"KY STATE POLICE, POST 08",MONTGOMERY,,,OLD OWINGSVILLE,RD,38.0742442,-83.9107377,0.714,9/28/2015,1500,2,2,0,0,CLEAR,DRY,FALSE,OTHER ROADWAY OR MID-BLOCK COLLISION,REAR TO REAR,CURVE & GRADE,DAYLIGHT,5,O,087-CR-1029  -000
17459329,MT. STERLING POLICE DEPARTMENT,MONTGOMERY,KY0686,,INDIAN MOUND,DR,38.0541096,-83.956479,1.637,8/22/2015,1938,2,2,0,0,CLEAR,DRY,FALSE,REAR END - BOTH VEHICLES GOING STRAIGHT ,REAR END,STRAIGHT & LEVEL,DAYLIGHT,5,O,087-KY-0686  -000
17459333,MT. STERLING POLICE DEPARTMENT,MONTGOMERY,US0460,,MAYSVILLE,ST,38.0768554,-83.9493373,8.086,8/28/2015,1513,2,2,0,0,CLEAR,DRY,FALSE,ANGLE COLLISION - ONE VEHICLE TURNING LEFT,ANGLE,STRAIGHT & LEVEL,DAYLIGHT,5,O,087-US-0460  -000
17459335,MT. STERLING POLICE DEPARTMENT,MONTGOMERY,US0460,,MAYSVILLE,ST,38.0768824,-83.9493267,8.084,8/28/2015,1526,2,2,0,1,CLEAR,DRY,FALSE,ANGLE COLLISION - ONE VEHICLE TURNING LEFT,ANGLE,STRAIGHT & LEVEL,DAYLIGHT,3,B,087-US-0460  -000
17459338,MT. STERLING POLICE DEPARTMENT,MONTGOMERY,,,VANCE,DR,38.0743809,-83.9514651,0.069,8/30/2015,1543,2,2,0,0,CLEAR,DRY,FALSE,ANGLE COLLISION - BOTH VEHICLES GOING STRAIGHT,ANGLE,STRAIGHT & GRADE,DAYLIGHT,5,O,087-CS-1115  -000
17459865,"KY STATE POLICE, POST 08",MONTGOMERY,US0060,,OWINGSVILLE,RD,38.08575,-83.89983333,8.459,5/28/2015,400,2,2,0,0,CLEAR,DRY,TRUE,1 VEHICLE PARKED POSITION (NOT PARKING LOT/DRIVEWAY),SIDESWIPE-SAME DIRECTION,STRAIGHT & LEVEL,DARK-HWY LIGHTED/OFF,5,O,087-US-0060  -000
17459866,"KY STATE POLICE, POST 08",MONTGOMERY,,,TURLEY,RD,38.0793674,-83.8426978,1.847,10/22/2015,1552,1,1,0,1,CLEAR,DRY,FALSE,COLLISION WITH FIXED OBJECT NON - INTERSECTION - FIRST EVENT COLLISION 09 - 32 EXCLUDING 16,SINGLE VEHICLE,CURVE & GRADE,DAYLIGHT,4,C,087-CR-1009  -000
17460329,MT. STERLING POLICE DEPARTMENT,MONTGOMERY,,,HARRISON,AVE,38.060907,-83.9413219,0.117,11/11/2015,1553,1,1,0,0,CLEAR,DRY,FALSE,COLLISION WITH FIXED OBJECT IN INTERSECTION - FIRST EVENT COLLISION 09 - 32,SINGLE VEHICLE,STRAIGHT & LEVEL,DAYLIGHT,5,O,087-CS-1089  -000
17461345,MONTGOMERY CTY SHERIFF DEPT,MONTGOMERY,KY1331,,OLD OWINGSVILLE,RD,38.0829852,-83.901419,0.003,8/17/2015,1641,2,2,0,0,CLEAR,DRY,FALSE,REAR END IN TRAFFIC LANES BOTH VEHICLES MOVING,REAR END,STRAIGHT & LEVEL,DAYLIGHT,5,O,087-KY-1331  -000
17461346,MONTGOMERY CTY SHERIFF DEPT,MONTGOMERY,,,PERRY,PIKE,38.0401349,-83.8541149,0.653,9/18/2015,1647,1,1,0,0,CLEAR,DRY,FALSE,RAN OFF ROADWAY (1 VEHICLE WITH/EARTH EMBANKMENT/DITCH),SINGLE VEHICLE,CURVE & GRADE,DAYLIGHT,5,O,087-CR-1100  -000
17461347,MONTGOMERY CTY SHERIFF DEPT,MONTGOMERY,I 0064,,,,38.0744298,-83.9695484,108.45,8/10/2015,2152,2,2,0,0,CLOUDY,DRY,FALSE,REAR END IN TRAFFIC LANES BOTH VEHICLES MOVING,REAR END,STRAIGHT & LEVEL,DARK-HWY NOT LIGHTED,5,O,087-I -0064  -000
17461350,MONTGOMERY CTY SHERIFF DEPT,MONTGOMERY,KY0713,,GRASSY LICK,RD,38.0712975,-83.9862888,3.816,10/2/2015,1850,2,2,0,0,RAINING,WET,FALSE,1 VEHICLE ENTERING/LEAVING ENTRANCE,ANGLE,STRAIGHT & GRADE,DAYLIGHT,5,O,087-KY-0713  -000
17461559,MONTGOMERY CTY SHERIFF DEPT,MONTGOMERY,KY3363,,SAWMILL,RD,37.9341267,-83.9092518,0.765,9/19/2015,1737,1,1,0,0,CLOUDY,DRY,FALSE,RAN OFF ROADWAY (1 VEHICLE WITH/EARTH EMBANKMENT/DITCH),SINGLE VEHICLE,CURVE & GRADE,DAYLIGHT,5,O,087-KY-3363  -000
17461561,MONTGOMERY CTY SHERIFF DEPT,MONTGOMERY,US0060,,OWINGSVILLE,RD,38.0851011,-83.8996793,8.424,11/4/2015,238,2,2,0,0,CLEAR,DRY,TRUE,1 VEHICLE PARKED POSITION (NOT PARKING LOT/DRIVEWAY),BACKING,STRAIGHT & LEVEL,DARK-HWY LIGHTED/ON,5,O,087-US-0060  -000
17461562,MONTGOMERY CTY SHERIFF DEPT,MONTGOMERY,KY0011,,LEVEE,RD,37.9673484,-83.9390933,3.799,10/5/2015,1951,2,2,0,0,CLEAR,DRY,FALSE,SIDESWIPE COLLISION - OPPOSITE DIRECTION,SIDESWIPE-OPPOSITE DIRECTION,CURVE & LEVEL,DARK-HWY LIGHTED/OFF,5,O,087-KY-0011  -000
17461563,MONTGOMERY CTY SHERIFF DEPT,MONTGOMERY,,,OLD OWINGSVILLE,RD,38.0712471,-83.9182783,1.176,8/29/2015,1915,2,2,0,0,RAINING,WET,FALSE,1 VEHICLE ENTERING/LEAVING ENTRANCE,ANGLE,STRAIGHT & LEVEL,DAYLIGHT,5,O,087-CR-1029  -000
17461565,MONTGOMERY CTY SHERIFF DEPT,MONTGOMERY,KY0011,,MAYSVILLE,RD,38.1060337,-83.9552562,11.308,10/17/2015,1143,2,2,0,0,CLEAR,DRY,FALSE,REAR END IN TRAFFIC LANES BOTH VEHICLES MOVING,REAR END,CURVE & GRADE,DAYLIGHT,5,O,087-KY-0011  -000
17461567,MONTGOMERY CTY SHERIFF DEPT,MONTGOMERY,KY0686,,INDIAN MOUND,DR,38.0529745,-83.9565413,1.715,10/29/2015,635,3,3,0,0,CLOUDY,DRY,FALSE,REAR END IN TRAFFIC LANES BOTH VEHICLES MOVING,REAR END,STRAIGHT & GRADE,DARK-HWY LIGHTED/ON,5,O,087-KY-0686  -000
17461568,MONTGOMERY CTY SHERIFF DEPT,MONTGOMERY,KY0646,,NEST EGG,RD,37.9603328,-83.9656229,6.432,11/2/2015,715,2,2,0,0,FOG,DRY,FALSE,SIDESWIPE COLLISION - OPPOSITE DIRECTION,SIDESWIPE-OPPOSITE DIRECTION,STRAIGHT & LEVEL,DAWN,5,O,087-KY-0646  -000
17461571,MONTGOMERY CTY SHERIFF DEPT,MONTGOMERY,KY0011,,MAYSVILLE,RD,38.1375478,-83.957512,13.547,11/8/2015,650,1,1,0,0,CLEAR,DRY,FALSE,COLLISION WITH ANIMAL NON INTERSECTION,SINGLE VEHICLE,STRAIGHT & LEVEL,DAWN,5,O,087-KY-0011  -000
17461572,MONTGOMERY CTY SHERIFF DEPT,MONTGOMERY,US0060,,,,38.0889808,-83.899999,0.156,11/5/2015,1138,2,2,0,0,CLEAR,DRY,FALSE,REAR END - ON RAMP,REAR END,CURVE & LEVEL,DAYLIGHT,5,O,087-CR-1040  -000
17461573,MONTGOMERY CTY SHERIFF DEPT,MONTGOMERY,KY0011,,MAYSVILLE,RD,38.1055044,-83.9551853,11.273,11/8/2015,1040,1,1,0,1,CLEAR,DRY,FALSE,RAN OFF ROADWAY (1 VEHICLE WITH/EARTH EMBANKMENT/DITCH),SINGLE VEHICLE,CURVE & GRADE,DAYLIGHT,4,C,087-KY-0011  -000
17461574,MONTGOMERY CTY SHERIFF DEPT,MONTGOMERY,KY0011,,MAYSVILLE,RD,38.0923295,-83.9501547,10.321,11/8/2015,1109,2,2,0,0,CLEAR,DRY,FALSE,REAR END IN TRAFFIC LANES BOTH VEHICLES MOVING,REAR END,STRAIGHT & HILLCREST,DAYLIGHT,5,O,087-KY-0011  -000
17461759,MONTGOMERY CTY SHERIFF DEPT,MONTGOMERY,,,MCCORMICK,RD,38.0090459,-83.8703329,0.297,11/6/2015,2314,1,1,0,0,CLEAR,DRY,FALSE,RAN OFF ROADWAY (1 VEHICLE WITH/EARTH EMBANKMENT/DITCH),SINGLE VEHICLE,CURVE & GRADE,DARK-HWY NOT LIGHTED,5,O,087-CR-1123  -000
17478741,MT. STERLING POLICE DEPARTMENT,MONTGOMERY,,210,ANTWERP,AVE,38.058681,-83.9507461,0.09,9/19/2015,643,2,2,0,0,CLEAR,DRY,FALSE,1 VEHICLE PARKED POSITION (NOT PARKING LOT/DRIVEWAY),BACKING,STRAIGHT & GRADE,DARK-HWY NOT LIGHTED,5,O,087-CS-1049  -000
17479011,"KY STATE POLICE, POST 08",MONTGOMERY,,,STEPSTONE,RD,38.0918332,-83.8395591,3.383,10/10/2015,2325,1,1,0,0,CLEAR,DRY,FALSE,RAN OFF ROADWAY (1 VEHICLE WITH/EARTH EMBANKMENT/DITCH),SINGLE VEHICLE,STRAIGHT & LEVEL,DARK (UNKNOWN ROADWAY LIGHTING),5,O,087-CR-1008  -000
17479150,MT. STERLING POLICE DEPARTMENT,MONTGOMERY,KY0686,,INDIAN MOUND,DR,38.0621816,-83.9557219,1.078,9/29/2015,1739,2,2,0,0,RAINING,WET,FALSE,1 VEHICLE ENTERING/LEAVING ENTRANCE,ANGLE,STRAIGHT & LEVEL,DAYLIGHT,5,O,087-KY-0686  -000
17480395,MT. STERLING POLICE DEPARTMENT,MONTGOMERY,US0460,,MAYSVILLE,ST,38.070084,-83.946692,8.577,11/27/2015,1740,1,1,0,0,CLEAR,DRY,FALSE,OTHER COLLISIONS ON SHOULDER,SINGLE VEHICLE,STRAIGHT & HILLCREST,DARK-HWY LIGHTED/ON,5,O,087-US-0460  -000
17480696,MT. STERLING POLICE DEPARTMENT,MONTGOMERY,US0460,,MAYSVILLE,ST,38.0654055,-83.9451993,8.799,9/14/2015,1549,2,2,0,6,CLEAR,DRY,FALSE,ANGLE COLLISION - ONE VEHICLE TURNING LEFT,ANGLE,STRAIGHT & GRADE,DAYLIGHT,3,B,087-US-0460  -000
17481084,MT. STERLING POLICE DEPARTMENT,MONTGOMERY,US0060,,MAIN,ST,38.0571522,-83.9390496,5.302,12/23/2015,1328,2,2,0,0,CLEAR,DRY,FALSE,VEHICLE BACKING IN INTERSECTION,BACKING,STRAIGHT & LEVEL,DAYLIGHT,5,O,087-US-0060  -000
17482200,"KY STATE POLICE, POST 08",MONTGOMERY,,,FALCON,DR,38.0757884,-83.9474166,0.057,11/6/2015,1906,2,2,0,0,RAINING,WET,TRUE,SIDESWIPE COLLISION - OPPOSITE DIRECTION,SIDESWIPE-OPPOSITE DIRECTION,STRAIGHT & LEVEL,DUSK,5,O,087-CS-1119  -000
17483143,MT. STERLING POLICE DEPARTMENT,MONTGOMERY,KY0686,,INDIAN MOUND,DR,38.0736163,-83.9512146,0.172,11/11/2015,1850,2,2,0,0,CLEAR,DRY,FALSE,SIDESWIPE-SAME DIRECTION,SIDESWIPE-SAME DIRECTION,STRAIGHT & LEVEL,DARK-HWY NOT LIGHTED,5,O,087-KY-0686  -000
17483145,MT. STERLING POLICE DEPARTMENT,MONTGOMERY,US0460,,MAYSVILLE,RD,38.0741219,-83.9481792,8.282,11/17/2015,803,2,2,0,0,RAINING,WET,FALSE,REAR END - OTHER,REAR END,STRAIGHT & LEVEL,DAYLIGHT,5,O,087-US-0460  -000
17483225,MT. STERLING POLICE DEPARTMENT,MONTGOMERY,US0460,,MAYSVILLE,ST,38.0636956,-83.9446487,9.034,10/30/2015,1209,3,3,0,0,CLEAR,DRY,FALSE,REAR END - OTHER,REAR END,STRAIGHT & GRADE,DAYLIGHT,5,O,087-US-0460  -000
17484158,MONTGOMERY CTY SHERIFF DEPT,MONTGOMERY,US0460,,CAMARGO,RD,38.0037971,-83.9019412,13.963,12/9/2015,750,3,3,0,0,CLEAR,DRY,FALSE,REAR END IN TRAFFIC LANES BOTH VEHICLES MOVING,REAR END,STRAIGHT & LEVEL,DAYLIGHT,5,O,087-US-0460  -000
17484159,MONTGOMERY CTY SHERIFF DEPT,MONTGOMERY,,,WELCH,RD,37.9624487,-83.8689032,0.042,12/12/2015,1152,2,2,0,0,CLEAR,DRY,FALSE,SIDESWIPE COLLISION - OPPOSITE DIRECTION,SIDESWIPE-OPPOSITE DIRECTION,STRAIGHT & LEVEL,DAYLIGHT,5,O,087-CR-1117  -000
17484160,MONTGOMERY CTY SHERIFF DEPT,MONTGOMERY,,,NATHAN,DR,38.0820009,-83.9277902,0.044,12/16/2015,639,2,2,0,0,CLEAR,DRY,FALSE,1 VEHICLE PARKED POSITION (NOT PARKING LOT/DRIVEWAY),ANGLE,STRAIGHT & GRADE,DARK-HWY NOT LIGHTED,5,O,087-PS-1036  -000
17484161,MONTGOMERY CTY SHERIFF DEPT,MONTGOMERY,KY3363,,SAWMILL,RD,37.9263597,-83.9114579,0.118,12/17/2015,1803,2,2,0,0,CLEAR,DRY,FALSE,SIDESWIPE COLLISION - OPPOSITE DIRECTION,SIDESWIPE-OPPOSITE DIRECTION,STRAIGHT & LEVEL,DARK-HWY NOT LIGHTED,5,O,087-KY-3363  -000
17484162,MONTGOMERY CTY SHERIFF DEPT,MONTGOMERY,,,CLARENCE,DR,38.0926946,-83.9008014,0.172,12/21/2015,1115,2,2,0,0,CLOUDY,WET,FALSE,REAR END IN TRAFFIC LANES BOTH VEHICLES MOVING,REAR END,STRAIGHT & LEVEL,DAYLIGHT,5,O,087-CR-1019G -000
17484163,MONTGOMERY CTY SHERIFF DEPT,MONTGOMERY,,,OLD OWINGSVILLE,RD,38.0739025,-83.9114355,0.758,12/21/2015,1318,2,2,0,2,RAINING,WET,FALSE,REAR END - ONE VEHICLE TURNING LEFT,REAR END,STRAIGHT & LEVEL,DAYLIGHT,3,B,087-CR-1029  -000
17484164,MONTGOMERY CTY SHERIFF DEPT,MONTGOMERY,KY0713,,GRASSY LICK,RD,38.0588625,-83.9619724,5.401,12/22/2015,2030,2,2,0,0,CLOUDY,DRY,TRUE,SIDESWIPE COLLISION - OPPOSITE DIRECTION,SIDESWIPE-OPPOSITE DIRECTION,STRAIGHT & GRADE,DARK-HWY NOT LIGHTED,5,O,087-KY-0713  -000
17484165,MONTGOMERY CTY SHERIFF DEPT,MONTGOMERY,,,OLD OWINGSVILLE,RD,38.0816861,-83.9018366,0.096,12/22/2015,2125,2,2,0,0,CLOUDY,DRY,FALSE,ANGLE COLLISION - ONE VEHICLE TURNING LEFT,ANGLE,STRAIGHT & GRADE,DARK-HWY NOT LIGHTED,5,O,087-CR-1029  -000
17484167,MONTGOMERY CTY SHERIFF DEPT,MONTGOMERY,,,CLAY LICK,RD,37.9701125,-83.7941636,0.029,11/30/2015,1258,1,1,0,1,CLOUDY,WET,FALSE,RAN OFF ROADWAY (1 VEHICLE WITH/EARTH EMBANKMENT/DITCH),SINGLE VEHICLE,CURVE & LEVEL,DAYLIGHT,3,B,087-CR-1110  -000
17484169,MONTGOMERY CTY SHERIFF DEPT,MONTGOMERY,KY0011,,MAYSVILLE,RD,38.1433103,-83.9581988,13.94,12/30/2015,1521,1,1,0,0,CLOUDY,DRY,FALSE,RAN OFF ROADWAY (1 VEHICLE WITH/EARTH EMBANKMENT/DITCH),SINGLE VEHICLE,CURVE & LEVEL,DAYLIGHT,5,O,087-KY-0011  -000
17484357,MT. STERLING POLICE DEPARTMENT,MONTGOMERY,KY0686,,INDIAN MOUND DR MT STERLING,BYP,38.0741065,-83.948322,0.001,12/21/2015,1145,2,2,0,0,CLOUDY,WET,FALSE,REAR END - ONE VEHICLE STOPPED,REAR END,STRAIGHT & LEVEL,DAYLIGHT,5,O,087-KY-0686  -000
17484906,MT. STERLING POLICE DEPARTMENT,MONTGOMERY,US0460,,MAYSVILLE,RD,38.0759245,-83.9489781,8.18,11/18/2015,1557,2,2,0,0,RAINING,WET,FALSE,1 VEHICLE ENTERING/LEAVING ENTRANCE,ANGLE,STRAIGHT & LEVEL,DAYLIGHT,5,O,087-US-0460  -000
17484907,MT. STERLING POLICE DEPARTMENT,MONTGOMERY,,,STONE TRACE,DR,38.0800798,-83.9506843,0.061,11/18/2015,1319,2,2,0,0,CLOUDY,DRY,FALSE,1 VEHICLE ENTERING OR LEAVING PARKED POSITION (NOT PARKING LOT),SIDESWIPE-SAME DIRECTION,STRAIGHT & LEVEL,DAYLIGHT,5,O,087-CS-1125  -000
17484908,MT. STERLING POLICE DEPARTMENT,MONTGOMERY,,,SPRING,ST,38.0514517,-83.9552308,0.063,11/18/2015,2106,2,2,0,0,CLEAR,WET,FALSE,1 VEHICLE PARKED POSITION (NOT PARKING LOT/DRIVEWAY),BACKING,STRAIGHT & LEVEL,DARK-HWY NOT LIGHTED,5,O,087-CR-1042  -000
17485412,MT. STERLING POLICE DEPARTMENT,MONTGOMERY,KY0686,,INDIAN MOUND,DR,38.0538764,-83.9564806,1.653,12/13/2015,1312,2,2,0,1,CLOUDY,DRY,FALSE,REAR END - OTHER,REAR END,STRAIGHT & LEVEL,DAYLIGHT,4,C,087-KY-0686  -000
17486229,MONTGOMERY CTY SHERIFF DEPT,MONTGOMERY,KY0713,,SPENCER,PIKE,38.0305513,-83.865776,11.234,11/15/2015,1606,2,2,0,1,CLEAR,DRY,FALSE,1 VEHICLE ENTERING/LEAVING ENTRANCE,ANGLE,STRAIGHT & LEVEL,DAYLIGHT,4,C,087-KY-0713  -000
17486230,MONTGOMERY CTY SHERIFF DEPT,MONTGOMERY,US0460,,CAMARGO,RD,37.9978114,-83.8953073,14.531,11/24/2015,1648,2,2,0,0,CLEAR,DRY,FALSE,REAR END IN TRAFFIC LANES BOTH VEHICLES MOVING,REAR END,STRAIGHT & LEVEL,DAYLIGHT,5,O,087-US-0460  -000
17486405,MT. STERLING POLICE DEPARTMENT,MONTGOMERY,,,FALCON,DR,38.0756362,-83.9484386,0,11/21/2015,1820,2,2,0,2,CLOUDY,WET,FALSE,ANGLE COLLISION - ONE VEHICLE TURNING LEFT,ANGLE,STRAIGHT & LEVEL,DARK-HWY LIGHTED/ON,4,C,087-CS-1119  -000
17486619,MT. STERLING POLICE DEPARTMENT,MONTGOMERY,US0460,,MAYSVILLE,ST,38.0679013,-83.9459845,8.732,12/30/2015,1128,2,2,0,0,CLOUDY,DRY,FALSE,REAR END - OTHER,REAR END,STRAIGHT & GRADE,DAYLIGHT,5,O,087-US-0460  -000
17486719,MT. STERLING POLICE DEPARTMENT,MONTGOMERY,US0460,130,MAYSVILLE,ST,38.0576823,-83.9425918,9.474,12/16/2015,1736,1,1,0,3,CLEAR,DRY,FALSE,COLLISION WITH FIXED OBJECT NON - INTERSECTION - FIRST EVENT COLLISION 09 - 32 EXCLUDING 16,SINGLE VEHICLE,STRAIGHT & LEVEL,DARK-HWY LIGHTED/ON,2,A,087-US-0460  -000
17486944,MT. STERLING POLICE DEPARTMENT,MONTGOMERY,US0060,,MAIN,ST,38.0567243,-83.9406817,5.207,12/16/2015,1055,2,2,0,0,CLEAR,DRY,FALSE,ANGLE COLLISION - ONE VEHICLE TURNING LEFT,ANGLE,STRAIGHT & LEVEL,DAYLIGHT,5,O,087-US-0060  -000
17487259,MT. STERLING POLICE DEPARTMENT,MONTGOMERY,KY0686,499,INDIAN MOUND,DR,38.0710283,-83.9551201,0.465,12/17/2015,1536,2,2,0,0,CLEAR,DRY,FALSE,SIDESWIPE COLLISION - SAME DIRECTION,SIDESWIPE-SAME DIRECTION,STRAIGHT & LEVEL,DAYLIGHT,5,O,087-KY-0686  -000
17487693,"KY STATE POLICE, POST 08",MONTGOMERY,KY0686,,INDIAN MOUND DR MT STERLING,BYP,38.0512886,-83.9198576,4.563,11/17/2015,2001,1,1,0,0,CLEAR,DRY,FALSE,COLLISION WITH ANIMAL NON INTERSECTION,SINGLE VEHICLE,STRAIGHT & LEVEL,DARK-HWY NOT LIGHTED,5,O,087-KY-0686  -000
17487741,MT. STERLING POLICE DEPARTMENT,MONTGOMERY,KY0686,216,INDIAN MOUND,DR,38.073583,-83.9513601,0.18,12/11/2015,1719,2,2,0,0,CLEAR,DRY,FALSE,1 VEHICLE ENTERING/LEAVING ENTRANCE,ANGLE,STRAIGHT & LEVEL,DARK-HWY LIGHTED/ON,5,O,087-KY-0686  -000
17487742,MT. STERLING POLICE DEPARTMENT,MONTGOMERY,KY0686,,INDIAN MOUND,DR,38.0412526,-83.9470273,2.814,12/17/2015,1654,2,2,0,0,CLEAR,DRY,FALSE,SIDESWIPE COLLISION - SAME DIRECTION,SIDESWIPE-SAME DIRECTION,STRAIGHT & LEVEL,DAYLIGHT,5,O,087-KY-0686  -000
17487743,MT. STERLING POLICE DEPARTMENT,MONTGOMERY,US0460,,MAYSVILLE,RD,38.0819555,-83.9495585,7.729,12/21/2015,1816,3,3,0,1,RAINING,WET,FALSE,REAR END IN TRAFFIC LANES BOTH VEHICLES MOVING,REAR END,STRAIGHT & LEVEL,DARK-HWY LIGHTED/OFF,2,A,087-US-0460  -000
17487744,MT. STERLING POLICE DEPARTMENT,MONTGOMERY,,,STONE TRACE,DR,38.080212,-83.9501254,0.026,12/21/2015,2116,1,1,0,0,RAINING,WET,FALSE,COLLISION WITH FIXED OBJECT NON - INTERSECTION - FIRST EVENT COLLISION 09 - 32 EXCLUDING 16,SINGLE VEHICLE,STRAIGHT & LEVEL,DARK-HWY LIGHTED/OFF,5,O,087-CS-1125  -000
17488345,MT. STERLING POLICE DEPARTMENT,MONTGOMERY,,,VANCE,DR,38.0736931,-83.9512688,0.02,12/23/2015,1239,2,2,0,0,CLOUDY,DRY,FALSE,REAR END - OTHER,REAR END,STRAIGHT & GRADE,DAYLIGHT,5,O,087-CS-1115  -000
17488573,MT. STERLING POLICE DEPARTMENT,MONTGOMERY,US0460,,MAYSVILLE,ST,38.0692776,-83.9464714,8.633,1/25/2016,1550,3,3,0,0,CLEAR,DRY,FALSE,REAR END IN TRAFFIC LANES BOTH VEHICLES MOVING,REAR END,STRAIGHT & LEVEL,DAYLIGHT,5,O,087-US-0460  -000
17488574,MT. STERLING POLICE DEPARTMENT,MONTGOMERY,US0460,,MAYSVILLE,ST,38.0575398,-83.9424587,9.486,2/1/2016,1535,2,2,0,0,CLEAR,DRY,TRUE,ANGLE COLLISION - BOTH VEHICLES GOING STRAIGHT,ANGLE,STRAIGHT & LEVEL,DAYLIGHT,5,O,087-US-0460  -000
17488575,MT. STERLING POLICE DEPARTMENT,MONTGOMERY,,,WINN,ST,38.0630722,-83.9478555,0.18,2/3/2016,829,2,2,0,0,CLOUDY,WET,FALSE,ANGLE COLLISION - BOTH VEHICLES GOING STRAIGHT,ANGLE,STRAIGHT & GRADE,DAYLIGHT,5,O,087-CS-1063  -000
17489760,MT. STERLING POLICE DEPARTMENT,MONTGOMERY,,,QUEEN,ST,38.0558928,-83.9387397,0.001,11/9/2015,1658,2,2,0,0,CLEAR,DRY,FALSE,REAR END - BOTH VEHICLES GOING STRAIGHT ,REAR END,STRAIGHT & LEVEL,DAYLIGHT,5,O,087-CS-1080  -000
17489761,MT. STERLING POLICE DEPARTMENT,MONTGOMERY,KY0686,,INDIAN MOUND,DR,38.0419563,-83.9342594,3.512,11/12/2015,1108,2,2,0,0,CLEAR,DRY,FALSE,ANGLE COLLISION - BOTH VEHICLES GOING STRAIGHT,ANGLE,STRAIGHT & LEVEL,DAYLIGHT,5,O,087-KY-0686  -000