IncidentID,AgencyName,County,RdwyNumber,Street,RoadwayName,StreetSfx,Latitude,Longitude,Milepoint,CollisionDate,CollisionTime,UnitsInvolved,MotorVehiclesInvolved,NumberKilled,NumberInjured,Weather,RdwyConditionCode,HitandRun,DirAnalysisCode,MannerofCollision,RdwyCharacter,LightCondition,KABCO Code,KABCO,RT_UNIQUE
17514849,MT. STERLING POLICE DEPARTMENT,MONTGOMERY,KY0686,,INDIAN MOUND,DR,38.0619316,-83.9554925,1.095,2/5/2016,1827,2,2,0,0,CLEAR,DRY,FALSE,REAR END IN TRAFFIC ONE VEHICLE STOPPED,REAR END,STRAIGHT & LEVEL,DARK-HWY LIGHTED/ON,5,O,087-KY-0686  -000
17515129,MT. STERLING POLICE DEPARTMENT,MONTGOMERY,US0460,,CAMARGO,RD,38.0421425,-83.9344109,10.686,12/23/2015,1643,2,2,0,0,CLEAR,DRY,FALSE,REAR END - ONE VEHICLE STOPPED,REAR END,STRAIGHT & LEVEL,DAYLIGHT,5,O,087-US-0460  -000
17515130,MT. STERLING POLICE DEPARTMENT,MONTGOMERY,KY0686,,INDIAN MOUND,DR,38.0736202,-83.9512053,0.172,12/31/2015,1811,2,2,0,0,CLEAR,DRY,TRUE,ANGLE COLLISION - ONE VEHICLE TURNING LEFT,ANGLE,STRAIGHT & LEVEL,DARK-HWY LIGHTED/ON,5,O,087-KY-0686  -000
17516090,MONTGOMERY CTY SHERIFF DEPT,MONTGOMERY,KY0686,,INDIAN MOUND DR MT STERLING,BYP,38.0582487,-83.9558833,1.35,10/30/2015,1415,2,2,0,0,CLOUDY,DRY,FALSE,REAR END IN TRAFFIC LANES BOTH VEHICLES MOVING,REAR END,STRAIGHT & GRADE,DAYLIGHT,5,O,087-KY-0686  -000
17516093,MONTGOMERY CTY SHERIFF DEPT,MONTGOMERY,KY0011,,LEVEE,RD,37.9819264,-83.9406873,4.897,11/10/2015,730,1,1,0,0,CLEAR,DRY,FALSE,OTHER ROADWAY OR MID-BLOCK COLLISION,SINGLE VEHICLE,CURVE & LEVEL,DAYLIGHT,5,O,087-KY-0011  -000
17516094,MONTGOMERY CTY SHERIFF DEPT,MONTGOMERY,US0460,,MAIN,ST,37.957228,-83.7938947,20.876,11/9/2015,1758,1,1,0,0,CLEAR,DRY,FALSE,COLLISION WITH ANIMAL NON INTERSECTION,SINGLE VEHICLE,STRAIGHT & LEVEL,DARK-HWY NOT LIGHTED,5,O,087-US-0460  -000
17516096,MONTGOMERY CTY SHERIFF DEPT,MONTGOMERY,KY0686,,INDIAN MOUND,DR,38.0734145,-83.9178992,6.225,11/11/2015,1845,3,3,0,0,CLOUDY,DRY,FALSE,ANGLE COLLISION - ONE VEHICLE TURNING RIGHT,ANGLE,STRAIGHT & GRADE,DARK-HWY NOT LIGHTED,5,O,087-KY-0686  -000
17516097,MONTGOMERY CTY SHERIFF DEPT,MONTGOMERY,KY1991,,HINKSTON,PIKE,38.0916966,-83.9254003,2.355,11/14/2015,2248,1,1,0,0,CLOUDY,DRY,FALSE,COLLISION WITH FIXED OBJECT NON - INTERSECTION - FIRST EVENT COLLISION 09 - 32 EXCLUDING 16,SINGLE VEHICLE,CURVE & GRADE,DARK-HWY NOT LIGHTED,5,O,087-KY-1991  -000
17516100,MONTGOMERY CTY SHERIFF DEPT,MONTGOMERY,KY0646,,WILLOUGHBY TOWN,RD,37.9454739,-83.8819449,1.017,11/20/2015,2054,1,1,0,0,CLEAR,DRY,TRUE,RAN OFF ROADWAY (1 VEHICLE WITH/EARTH EMBANKMENT/DITCH),SINGLE VEHICLE,CURVE & GRADE,DARK-HWY NOT LIGHTED,5,O,087-KY-0646  -000
17516101,MONTGOMERY CTY SHERIFF DEPT,MONTGOMERY,US0060,,WINCHESTER,RD,38.0326947,-84.0225846,0.248,11/24/2015,1010,2,2,0,2,CLEAR,DRY,FALSE,SIDESWIPE COLLISION - OPPOSITE DIRECTION,SIDESWIPE-OPPOSITE DIRECTION,CURVE & GRADE,DAYLIGHT,3,B,087-US-0060  -000
17516102,MONTGOMERY CTY SHERIFF DEPT,MONTGOMERY,KY0686,,INDIAN MOUND DR MT STERLING,BYP,38.0466977,-83.9560272,2.152,11/23/2015,1215,2,2,0,0,CLEAR,DRY,FALSE,REAR END IN TRAFFIC LANES BOTH VEHICLES MOVING,REAR END,CURVE & LEVEL,DAYLIGHT,5,O,087-KY-0686  -000
17516103,MONTGOMERY CTY SHERIFF DEPT,MONTGOMERY,KY0011,3212,LEVEE,RD,38.0117182,-83.9506763,7.217,11/29/2015,630,1,1,0,0,RAINING,WET,FALSE,RAN OFF ROADWAY (1 VEHICLE WITH/EARTH EMBANKMENT/DITCH),SINGLE VEHICLE,CURVE & GRADE,DARK-HWY NOT LIGHTED,5,O,087-KY-0011  -000
17516104,MONTGOMERY CTY SHERIFF DEPT,MONTGOMERY,KY0646,,KIDDVILLE,RD,38.0045745,-83.9604845,10.938,11/26/2015,1352,2,2,0,0,CLEAR,DRY,FALSE,SIDESWIPE COLLISION - OPPOSITE DIRECTION,SIDESWIPE-OPPOSITE DIRECTION,CURVE & LEVEL,DAYLIGHT,5,O,087-KY-0646  -000
17516193,MT. STERLING POLICE DEPARTMENT,MONTGOMERY,US0460,,BANK,ST,38.0561391,-83.9432859,9.549,1/15/2016,2156,2,2,0,0,CLOUDY,DRY,FALSE,VEHICLE BACKING NON INTERSECTION,BACKING,STRAIGHT & GRADE,DARK-HWY LIGHTED/ON,5,O,087-US-0460  -000
17516211,MT. STERLING POLICE DEPARTMENT,MONTGOMERY,US0060,,WINCHESTER,RD,38.0538125,-83.9564018,4.315,2/12/2016,2251,2,2,0,0,SNOWING,WET,FALSE,ANGLE COLLISION - BOTH VEHICLES GOING STRAIGHT,ANGLE,STRAIGHT & LEVEL,DUSK,5,O,087-US-0060  -000
17516393,MONTGOMERY CTY SHERIFF DEPT,MONTGOMERY,,,OLD OWINGSVILLE,RD,38.0672993,-83.9251347,1.67,11/30/2015,1200,3,3,0,0,CLEAR,DRY,FALSE,ANGLE COLLISION - ONE VEHICLE TURNING RIGHT,ANGLE,STRAIGHT & LEVEL,DAYLIGHT,5,O,087-CR-1029  -000
17516394,MONTGOMERY CTY SHERIFF DEPT,MONTGOMERY,KY0213,,BEDFORD,RD,38.0221091,-83.8243374,9.051,11/26/2015,1523,2,2,0,0,CLEAR,DRY,FALSE,1 VEHICLE ENTERING/LEAVING ENTRANCE,ANGLE,STRAIGHT & LEVEL,DAYLIGHT,5,O,087-KY-0213  -000
17516395,MONTGOMERY CTY SHERIFF DEPT,MONTGOMERY,KY0713,,GRASSY LICK,RD,38.0608374,-83.9664956,5.117,11/29/2015,1206,1,1,0,0,RAINING,WET,FALSE,RAN OFF ROADWAY (1 VEHICLE WITH/EARTH EMBANKMENT/DITCH),SINGLE VEHICLE,CURVE & LEVEL,DAYLIGHT,5,O,087-KY-0713  -000
17516396,MONTGOMERY CTY SHERIFF DEPT,MONTGOMERY,KY0686,,INDIAN MOUND DR MT STERLING,BYP,38.0545719,-83.9167909,4.85,12/1/2015,1433,2,2,0,0,RAINING,WET,FALSE,1 VEHICLE ENTERING/LEAVING ENTRANCE,ANGLE,STRAIGHT & LEVEL,DAYLIGHT,5,O,087-KY-0686  -000
17516398,MONTGOMERY CTY SHERIFF DEPT,MONTGOMERY,,,OLD OWINGSVILLE,RD,38.0732594,-83.9128424,0.847,11/30/2015,2235,1,1,0,0,RAINING,WET,FALSE,RAN OFF ROADWAY (1 VEHICLE WITH/EARTH EMBANKMENT/DITCH),SINGLE VEHICLE,STRAIGHT & GRADE,DARK-HWY NOT LIGHTED,5,O,087-CR-1029  -000
17516399,MONTGOMERY CTY SHERIFF DEPT,MONTGOMERY,,,CLARENCE,DR,38.0925793,-83.8976602,0,12/3/2015,450,2,2,0,0,CLOUDY,WET,FALSE,REAR END - ONE VEHICLE TURNING RIGHT,REAR END,STRAIGHT & GRADE,DARK-HWY LIGHTED/ON,5,O,087-CR-1019G -000
17516400,MONTGOMERY CTY SHERIFF DEPT,MONTGOMERY,US0460,,MAIN,ST,37.9700596,-83.8312059,18.551,12/3/2015,2210,1,1,0,0,CLOUDY,DRY,FALSE,RAN OFF ROADWAY (1 VEHICLE WITH/EARTH EMBANKMENT/DITCH),SINGLE VEHICLE,STRAIGHT & LEVEL,DARK-HWY NOT LIGHTED,5,O,087-US-0460  -000
17516401,MONTGOMERY CTY SHERIFF DEPT,MONTGOMERY,KY0713,,SPENCER,PIKE,38.0408976,-83.893034,9.452,11/26/2015,1900,1,1,0,0,CLEAR,DRY,TRUE,COLLISION WITH FIXED OBJECT NON - INTERSECTION - FIRST EVENT COLLISION 09 - 32 EXCLUDING 16,SINGLE VEHICLE,STRAIGHT & LEVEL,DARK-HWY NOT LIGHTED,5,O,087-KY-0713  -000
17516402,MONTGOMERY CTY SHERIFF DEPT,MONTGOMERY,KY0646,,CREAM ALLEY,RD,37.9644199,-83.9134636,3.27,12/6/2015,700,1,1,0,0,RAINING,WET,FALSE,COLLISION WITH FIXED OBJECT NON - INTERSECTION - FIRST EVENT COLLISION 09 - 32 EXCLUDING 16,SINGLE VEHICLE,CURVE & GRADE,DAWN,5,O,087-KY-0646  -000
17516405,MONTGOMERY CTY SHERIFF DEPT,MONTGOMERY,US0460,11720,MAIN,ST,37.9556064,-83.788366,21.196,12/7/2015,1549,2,2,0,2,CLOUDY,DRY,FALSE,1 VEHICLE ENTERING/LEAVING ENTRANCE,ANGLE,STRAIGHT & LEVEL,DAYLIGHT,3,B,087-US-0460  -000
17516466,MT. STERLING POLICE DEPARTMENT,MONTGOMERY,US0460,,MAYSVILLE,RD,38.0829799,-83.9496009,7.654,12/24/2015,1832,3,3,0,1,CLEAR,DRY,TRUE,REAR END IN TRAFFIC LANES BOTH VEHICLES MOVING,REAR END,STRAIGHT & LEVEL,DARK-HWY LIGHTED/OFF,2,A,087-US-0460  -000
17518392,MT. STERLING POLICE DEPARTMENT,MONTGOMERY,KY0686,500,INDIAN MOUND DR MT STERLING,BYP,38.067708,-83.9551824,0.694,1/25/2016,1303,2,2,0,0,CLEAR,DRY,FALSE,VEHICLE BACKING NON INTERSECTION,BACKING,STRAIGHT & LEVEL,DAYLIGHT,5,O,087-KY-0686  -000
17523393,MT. STERLING POLICE DEPARTMENT,MONTGOMERY,US0460,1011,MAYSVILLE,RD,38.0801156,-83.9495875,7.858,12/15/2015,828,2,2,0,0,CLOUDY,DRY,FALSE,1 VEHICLE ENTERING/LEAVING ENTRANCE,ANGLE,STRAIGHT & LEVEL,DAYLIGHT,5,O,087-US-0460  -000
17524762,MONTGOMERY CTY SHERIFF DEPT,MONTGOMERY,KY0011,,LEVEE,RD,37.9256832,-83.9133967,0.431,11/20/2015,2152,1,1,0,2,CLEAR,DRY,FALSE,COLLISION WITH FIXED OBJECT NON - INTERSECTION - FIRST EVENT COLLISION 09 - 32 EXCLUDING 16,SINGLE VEHICLE,CURVE & GRADE,DARK-HWY NOT LIGHTED,4,C,087-KY-0011  -000
17524776,MONTGOMERY CTY SHERIFF DEPT,MONTGOMERY,I 0064,,,,38.0894196,-83.8979093,0.277,11/20/2015,1829,2,2,0,0,CLEAR,DRY,FALSE,REAR END - ON RAMP,REAR END,STRAIGHT & GRADE,DARK-HWY LIGHTED/ON,5,O,087-CR-1042  -000
17524789,MONTGOMERY CTY SHERIFF DEPT,MONTGOMERY,US0460,,MAIN,ST,37.9693393,-83.8272511,18.775,11/20/2015,1943,1,1,0,0,CLEAR,DRY,FALSE,OTHER ROADWAY OR MID-BLOCK COLLISION,SINGLE VEHICLE,STRAIGHT & LEVEL,DARK-HWY NOT LIGHTED,5,O,087-US-0460  -000
17524797,MONTGOMERY CTY SHERIFF DEPT,MONTGOMERY,KY0646,,KIDDVILLE,RD,37.9911123,-83.9759247,9.657,8/11/2015,1039,1,1,0,0,CLEAR,DRY,FALSE,COLLISION WITH FIXED OBJECT NON - INTERSECTION - FIRST EVENT COLLISION 09 - 32 EXCLUDING 16,SINGLE VEHICLE,CURVE & LEVEL,DAYLIGHT,5,O,087-KY-0646  -000
17524799,MONTGOMERY CTY SHERIFF DEPT,MONTGOMERY,KY0011,,MAYSVILLE,RD,38.1291215,-83.9588869,12.962,8/12/2015,1751,1,1,0,0,CLEAR,DRY,FALSE,COLLISION WITH FIXED OBJECT NON - INTERSECTION - FIRST EVENT COLLISION 09 - 32 EXCLUDING 16,SINGLE VEHICLE,STRAIGHT & HILLCREST,DAYLIGHT,5,O,087-KY-0011  -000
17527138,MT. STERLING POLICE DEPARTMENT,MONTGOMERY,KY1991,,HINKSTON,PIKE,38.0667346,-83.9421595,0.198,12/31/2015,1141,1,1,0,0,CLOUDY,DRY,FALSE,NON-COLLISION OBJECT COLLISION,SINGLE VEHICLE,STRAIGHT & LEVEL,DAYLIGHT,5,O,087-KY-1991  -000
17527140,MT. STERLING POLICE DEPARTMENT,MONTGOMERY,,1300,SPRING,ST,38.0514591,-83.9559399,0.038,1/4/2016,1755,2,1,0,1,CLEAR,DRY,FALSE,COLLISION WITH PEDESTRIAN NON - INTERSECTION,SINGLE VEHICLE,STRAIGHT & LEVEL,DUSK,4,C,087-CR-1042  -000
17527141,MT. STERLING POLICE DEPARTMENT,MONTGOMERY,US0060,,MAIN,ST,38.0560834,-83.9435918,5.041,1/6/2016,754,2,2,0,0,CLEAR,DRY,FALSE,OPPOSITE DIRECTION - BOTH VEHICLES GOING STRAIGHT AHEAD,HEAD ON,STRAIGHT & LEVEL,DAWN,5,O,087-US-0060  -000
17527143,MT. STERLING POLICE DEPARTMENT,MONTGOMERY,KY0686,,INDIAN MOUND,DR,38.0673348,-83.9554392,0.721,1/7/2016,1013,2,2,0,0,CLEAR,DRY,FALSE,ANGLE COLLISION - OTHER,ANGLE,STRAIGHT & LEVEL,DAYLIGHT,5,O,087-KY-0686  -000
17527144,MT. STERLING POLICE DEPARTMENT,MONTGOMERY,,,WINN,ST,38.0628093,-83.9486536,0.227,1/8/2016,1151,2,2,0,0,RAINING,WET,FALSE,1 VEHICLE PARKED POSITION (NOT PARKING LOT/DRIVEWAY),BACKING,STRAIGHT & LEVEL,DAYLIGHT,5,O,087-CS-1063  -000
17527146,MT. STERLING POLICE DEPARTMENT,MONTGOMERY,I 0064,,,,38.0768873,-83.9493394,0.032,1/9/2016,1616,2,2,0,0,CLEAR,DRY,FALSE,REAR END - OTHER,REAR END,STRAIGHT & LEVEL,DAYLIGHT,5,O,087-CR-1036  -000
17527148,MT. STERLING POLICE DEPARTMENT,MONTGOMERY,US0060,,MAIN,ST,38.059614,-83.9333482,5.672,12/30/2015,1515,2,2,0,0,CLOUDY,WET,FALSE,ANGLE COLLISION - ONE VEHICLE TURNING LEFT,ANGLE,STRAIGHT & GRADE,DAYLIGHT,5,O,087-US-0060  -000
17530615,MONTGOMERY CTY SHERIFF DEPT,MONTGOMERY,,,WARE CHAPEL,RD,37.9359511,-83.8909822,0.964,12/17/2015,715,1,1,0,0,CLEAR,DRY,TRUE,COLLISION WITH FIXED OBJECT NON - INTERSECTION - FIRST EVENT COLLISION 09 - 32 EXCLUDING 16,SINGLE VEHICLE,CURVE & GRADE,DAYLIGHT,5,O,087-CR-1214  -000
17531432,MT. STERLING POLICE DEPARTMENT,MONTGOMERY,KY0686,,INDIAN MOUND DR MT STERLING,BYP,38.0673538,-83.955449,0.72,12/26/2015,1155,2,2,0,0,RAINING,WET,FALSE,REAR END - OTHER,REAR END,STRAIGHT & LEVEL,DAYLIGHT,5,O,087-KY-0686  -000
17531445,MONTGOMERY CTY SHERIFF DEPT,MONTGOMERY,US0460,,CAMARGO,RD,37.9946522,-83.8891473,14.952,11/9/2015,1823,2,2,0,0,CLEAR,DRY,FALSE,REAR END IN TRAFFIC LANES BOTH VEHICLES MOVING,REAR END,STRAIGHT & LEVEL,DARK-HWY LIGHTED/ON,5,O,087-US-0460  -000
17531655,"KY STATE POLICE, POST 08",MONTGOMERY,US0060,,OWINGSVILLE,RD,38.0859753,-83.8997149,8.476,1/8/2016,836,2,2,0,1,RAINING,WET,FALSE,1 VEHICLE ENTERING/LEAVING ENTRANCE,ANGLE,STRAIGHT & GRADE,DAYLIGHT,4,C,087-US-0060  -000
17531658,MONTGOMERY CTY SHERIFF DEPT,MONTGOMERY,,,ALEXA,DR,38.0655256,-83.9552233,0.015,1/26/2016,958,2,2,0,0,CLOUDY,WET,FALSE,SIDESWIPE COLLISION - OPPOSITE DIRECTION,SIDESWIPE-OPPOSITE DIRECTION,STRAIGHT & LEVEL,DAYLIGHT,5,O,087-CS-1064  -000
17534231,MT. STERLING POLICE DEPARTMENT,MONTGOMERY,KY0686,,INDIAN MOUND DR MT STERLING,BYP,38.0580507,-83.9558558,1.362,1/29/2016,1437,2,2,0,0,CLEAR,DRY,TRUE,1 VEHICLE PARKED POSITION (NOT PARKING LOT/DRIVEWAY),,STRAIGHT & GRADE,DAYLIGHT,5,O,087-KY-0686  -000
17534232,MT. STERLING POLICE DEPARTMENT,MONTGOMERY,US0060,,MAIN,ST,38.060025,-83.9329739,5.709,1/30/2016,1701,2,2,0,1,CLEAR,DRY,FALSE,1 VEHICLE ENTERING/LEAVING ENTRANCE,ANGLE,STRAIGHT & GRADE,DAYLIGHT,3,B,087-US-0060  -000
17534233,MT. STERLING POLICE DEPARTMENT,MONTGOMERY,US0460,,MAYSVILLE,RD,38.0820382,-83.9496106,7.723,1/31/2016,1137,1,1,0,0,CLEAR,DRY,FALSE,OTHER ROADWAY OR MID-BLOCK COLLISION,SINGLE VEHICLE,STRAIGHT & GRADE,DAYLIGHT,5,O,087-US-0460  -000
17537476,MT. STERLING POLICE DEPARTMENT,MONTGOMERY,KY0686,,INDIAN MOUND,DR,38.0673161,-83.9551689,0.717,2/27/2016,2243,2,2,0,0,CLEAR,DRY,FALSE,SIDESWIPE COLLISION - SAME DIRECTION,SIDESWIPE-SAME DIRECTION,STRAIGHT & LEVEL,DARK-HWY LIGHTED/ON,5,O,087-KY-0686  -000
17537477,MT. STERLING POLICE DEPARTMENT,MONTGOMERY,,,MT STERLING,PLZ,38.072859,-83.9497319,0.109,2/25/2016,1243,2,2,0,0,CLEAR,DRY,TRUE,1 VEHICLE PARKED POSITION (NOT PARKING LOT/DRIVEWAY),BACKING,STRAIGHT & LEVEL,DAYLIGHT,5,O,087-PR-1371  -000
17538323,MT. STERLING POLICE DEPARTMENT,MONTGOMERY,,215,YOUNG,LN,38.0744271,-83.9518996,0.258,3/2/2016,943,2,2,0,0,CLOUDY,DRY,FALSE,REAR END IN TRAFFIC LANES BOTH VEHICLES MOVING,REAR END,STRAIGHT & LEVEL,DAYLIGHT,5,O,087-CS-1117  -000
17538337,MT. STERLING POLICE DEPARTMENT,MONTGOMERY,US0460,,MAYSVILLE,ST,38.0603794,-83.9434665,9.277,3/2/2016,1905,2,2,0,1,CLEAR,DRY,FALSE,ANGLE COLLISION - ONE VEHICLE TURNING LEFT,ANGLE,STRAIGHT & LEVEL,DUSK,4,C,087-US-0460  -000
17541424,MT. STERLING POLICE DEPARTMENT,MONTGOMERY,US0460,,MAYSVILLE,ST,38.0626674,-83.9442787,9.109,3/17/2016,712,2,2,0,0,CLEAR,DRY,FALSE,REAR END IN TRAFFIC LANES BOTH VEHICLES MOVING,REAR END,STRAIGHT & GRADE,DAWN,5,O,087-US-0460  -000
17541425,MT. STERLING POLICE DEPARTMENT,MONTGOMERY,KY0686,499,INDIAN MOUND DR MT STERLING,BYP,38.067336,-83.955424,0.721,3/22/2016,1116,2,2,0,1,CLEAR,DRY,FALSE,1 VEHICLE ENTERING/LEAVING ENTRANCE,ANGLE,STRAIGHT & LEVEL,DAYLIGHT,4,C,087-KY-0686  -000
17546909,MT. STERLING POLICE DEPARTMENT,MONTGOMERY,US0460,,MAYSVILLE,RD,38.0726852,-83.9477832,8.4,3/10/2016,1908,2,2,0,0,RAINING,WET,FALSE,1 VEHICLE ENTERING/LEAVING ENTRANCE,ANGLE,STRAIGHT & LEVEL,DARK-HWY LIGHTED/ON,5,O,087-US-0460  -000
17547321,MT. STERLING POLICE DEPARTMENT,MONTGOMERY,,,QUEEN,ST,38.0582842,-83.9395347,0.085,2/20/2016,1754,2,2,0,2,CLEAR,DRY,FALSE,ANGLE COLLISION - BOTH VEHICLES GOING STRAIGHT,ANGLE,STRAIGHT & HILLCREST,DAYLIGHT,4,C,087-CS-1080  -000
17547545,MT. STERLING POLICE DEPARTMENT,MONTGOMERY,,220,YOUNG,LN,38.0742753,-83.9527417,0.219,3/11/2016,1812,2,2,0,0,CLEAR,DRY,FALSE,1 VEHICLE ENTERING/LEAVING ENTRANCE,ANGLE,STRAIGHT & LEVEL,DAYLIGHT,5,O,087-CS-1117  -000
17548549,MT. STERLING POLICE DEPARTMENT,MONTGOMERY,,,EVANS,AVE,38.0754517,-83.951479,0.167,4/9/2016,1312,2,2,0,0,CLEAR,DRY,FALSE,ANGLE COLLISION - BOTH VEHICLES GOING STRAIGHT,ANGLE,STRAIGHT & LEVEL,DAYLIGHT,5,O,087-CS-1116  -000
17549472,MONTGOMERY CTY SHERIFF DEPT,MONTGOMERY,KY0686,,INDIAN MOUND,DR,38.0420668,-83.9508977,2.589,1/2/2016,1828,2,2,0,1,CLEAR,DRY,TRUE,1 VEHICLE ENTERING/LEAVING ENTRANCE,ANGLE,STRAIGHT & LEVEL,DARK-HWY NOT LIGHTED,3,B,087-KY-0686  -000
17549475,MONTGOMERY CTY SHERIFF DEPT,MONTGOMERY,US0060,,WINCHESTER,RD,38.0469204,-83.9853772,2.62,1/25/2016,1647,1,1,0,0,CLEAR,WET,FALSE,RAN OFF ROADWAY (1 VEHICLE WITH/EARTH EMBANKMENT/DITCH),SINGLE VEHICLE,CURVE & LEVEL,DAYLIGHT,5,O,087-US-0060  -000
17549576,MONTGOMERY CTY SHERIFF DEPT,MONTGOMERY,KY0011,,LEVEE,RD,37.9926089,-83.9411643,5.625,1/26/2016,1446,1,1,0,1,CLEAR,DRY,FALSE,COLLISION WITH FIXED OBJECT NON - INTERSECTION - FIRST EVENT COLLISION 09 - 32 EXCLUDING 16,SINGLE VEHICLE,STRAIGHT & LEVEL,DAYLIGHT,2,A,087-KY-0011  -000
17549579,MONTGOMERY CTY SHERIFF DEPT,MONTGOMERY,KY0646,1365,WILLOUGHBY TOWN,RD,37.9448445,-83.8799816,0.903,2/3/2016,1217,1,1,0,1,CLEAR,DRY,FALSE,RAN OFF ROADWAY (1 VEHICLE WITH/EARTH EMBANKMENT/DITCH),SINGLE VEHICLE,CURVE & GRADE,DAYLIGHT,4,C,087-KY-0646  -000
17549580,MONTGOMERY CTY SHERIFF DEPT,MONTGOMERY,US0060,3060,OWINGSVILLE,RD,38.0859658,-83.8997324,8.475,2/2/2016,1237,2,2,0,0,CLEAR,DRY,FALSE,1 VEHICLE ENTERING/LEAVING ENTRANCE,ANGLE,STRAIGHT & LEVEL,DAYLIGHT,5,O,087-US-0060  -000
17549585,MONTGOMERY CTY SHERIFF DEPT,MONTGOMERY,KY0713,4200,GRASSY LICK,RD,38.0800664,-84.0186871,1.797,2/7/2016,1051,1,1,0,0,CLEAR,DRY,FALSE,RAN OFF ROADWAY (1 VEHICLE WITH/EARTH EMBANKMENT/DITCH),SINGLE VEHICLE,CURVE & HILLCREST,DAYLIGHT,5,O,087-KY-0713  -000
17549611,MONTGOMERY CTY SHERIFF DEPT,MONTGOMERY,KY0713,,GRASSY LICK,RD,38.0916665,-84.0189351,0.864,2/7/2016,1142,2,2,0,0,CLEAR,DRY,FALSE,SIDESWIPE COLLISION - OPPOSITE DIRECTION,SIDESWIPE-OPPOSITE DIRECTION,STRAIGHT & LEVEL,DAYLIGHT,5,O,087-KY-0713  -000
17549641,MONTGOMERY CTY SHERIFF DEPT,MONTGOMERY,KY0011,,LEVEE,RD,38.0237538,-83.9484616,8.064,2/6/2016,2236,1,1,0,0,CLOUDY,DRY,FALSE,RAN OFF ROADWAY (1 VEHICLE WITH/EARTH EMBANKMENT/DITCH),SINGLE VEHICLE,STRAIGHT & LEVEL,DARK-HWY NOT LIGHTED,5,O,087-KY-0011  -000
17549643,MONTGOMERY CTY SHERIFF DEPT,MONTGOMERY,US0060,,OWINGSVILLE,RD,38.0885726,-83.8984549,8.664,2/10/2016,450,1,1,0,0,SNOWING,SNOW/SLUSH,FALSE,COLLISION WITH FIXED OBJECT NON - INTERSECTION - FIRST EVENT COLLISION 09 - 32 EXCLUDING 16,SINGLE VEHICLE,STRAIGHT & GRADE,DARK-HWY LIGHTED/ON,5,O,087-US-0060  -000
17549650,MONTGOMERY CTY SHERIFF DEPT,MONTGOMERY,,549,JAMIE RIDGE,,38.0721104,-83.8991443,0.13,2/14/2016,1131,2,2,0,0,SNOWING,WET,FALSE,1 VEHICLE PARKED POSITION (NOT PARKING LOT/DRIVEWAY),BACKING,STRAIGHT & LEVEL,DAYLIGHT,5,O,087-CR-1021P -000
17549655,MONTGOMERY CTY SHERIFF DEPT,MONTGOMERY,KY1331,,OLD OWINGSVILLE,RD,38.0822671,-83.9014879,0.05,2/14/2016,1622,1,1,0,0,BLOWING SAND/SOIL/DIRT/SNOW,SNOW/SLUSH,FALSE,COLLISION WITH FIXED OBJECT NON - INTERSECTION - FIRST EVENT COLLISION 09 - 32 EXCLUDING 16,SINGLE VEHICLE,CURVE & LEVEL,DAYLIGHT,5,O,087-KY-1331  -000
17549657,MONTGOMERY CTY SHERIFF DEPT,MONTGOMERY,US0460,1181,PARIS,RD,38.0935805,-83.9727072,5.894,2/8/2016,1340,1,1,0,0,SNOWING,SNOW/SLUSH,FALSE,COLLISION WITH FIXED OBJECT NON - INTERSECTION - FIRST EVENT COLLISION 09 - 32 EXCLUDING 16,SINGLE VEHICLE,CURVE & GRADE,DAYLIGHT,5,O,087-US-0460  -000
17549747,MONTGOMERY CTY SHERIFF DEPT,MONTGOMERY,US0060,707,OWINGSVILLE,RD,38.0620934,-83.9312944,5.88,2/14/2016,2226,1,1,0,0,SNOWING,SNOW/SLUSH,FALSE,COLLISION WITH FIXED OBJECT NON - INTERSECTION - FIRST EVENT COLLISION 09 - 32 EXCLUDING 16,SINGLE VEHICLE,STRAIGHT & GRADE,DARK-HWY LIGHTED/ON,5,O,087-US-0060  -000
17549749,MONTGOMERY CTY SHERIFF DEPT,MONTGOMERY,KY0011,,LEVEE,RD,37.9695241,-83.9366132,4.005,2/15/2016,1508,2,2,0,1,RAINING,WET,FALSE,1 VEHICLE ENTERING/LEAVING ENTRANCE,ANGLE,CURVE & LEVEL,DAYLIGHT,3,B,087-KY-0011  -000
17549751,MONTGOMERY CTY SHERIFF DEPT,MONTGOMERY,US0460,,CAMARGO,RD,38.0015213,-83.899672,14.168,2/17/2016,1507,2,2,0,0,CLOUDY,WET,FALSE,REAR END IN TRAFFIC LANES BOTH VEHICLES MOVING,REAR END,STRAIGHT & GRADE,DAYLIGHT,5,O,087-US-0460  -000
17549753,MONTGOMERY CTY SHERIFF DEPT,MONTGOMERY,KY0686,,INDIAN MOUND DR MT STERLING,BYP,38.0541334,-83.9564641,1.635,2/20/2016,1133,2,2,0,0,CLEAR,DRY,FALSE,REAR END IN TRAFFIC LANES BOTH VEHICLES MOVING,REAR END,STRAIGHT & LEVEL,DAYLIGHT,5,O,087-KY-0686  -000
17549754,MONTGOMERY CTY SHERIFF DEPT,MONTGOMERY,US0060,,OWINGSVILLE,RD,38.0894546,-83.8980665,8.725,2/20/2016,1834,2,2,0,0,CLEAR,DRY,FALSE,REAR END - OTHER,REAR END,STRAIGHT & GRADE,DARK-HWY LIGHTED/ON,5,O,087-US-0060  -000
17549756,MONTGOMERY CTY SHERIFF DEPT,MONTGOMERY,,,TOWN BRANCH,RD,38.0145153,-83.8213844,0.229,2/16/2016,109,1,1,0,0,SNOWING,SNOW/SLUSH,FALSE,RAN OFF ROADWAY (1 VEHICLE WITH/EARTH EMBANKMENT/DITCH),SINGLE VEHICLE,CURVE & GRADE,DARK-HWY NOT LIGHTED,5,O,087-CR-1104  -000