IncidentID,AgencyName,County,RdwyNumber,Street,RoadwayName,StreetSfx,Latitude,Longitude,Milepoint,CollisionDate,CollisionTime,UnitsInvolved,MotorVehiclesInvolved,NumberKilled,NumberInjured,Weather,RdwyConditionCode,HitandRun,DirAnalysisCode,MannerofCollision,RdwyCharacter,LightCondition,KABCO Code,KABCO,RT_UNIQUE
17549758,MONTGOMERY CTY SHERIFF DEPT,MONTGOMERY,,2060,MAYSVILLE,RD,38.0921658,-83.9503948,0,9/12/2015,233,1,1,0,0,RAINING,WET,FALSE,RAN OFF ROADWAY (1 VEHICLE WITH/EARTH EMBANKMENT/DITCH),SINGLE VEHICLE,CURVE & GRADE,DARK-HWY LIGHTED/OFF,5,O,087-CS-1039  -000
17549761,MONTGOMERY CTY SHERIFF DEPT,MONTGOMERY,US0460,,MAIN,ST,37.9630991,-83.8008501,20.318,10/4/2015,1912,1,1,0,0,CLEAR,DRY,FALSE,COLLISION WITH FIXED OBJECT IN INTERSECTION - FIRST EVENT COLLISION 09 - 32,SINGLE VEHICLE,CURVE & GRADE,DUSK,5,O,087-US-0460  -000
17549762,MONTGOMERY CTY SHERIFF DEPT,MONTGOMERY,,,RICHMOND,AVE,38.0435704,-83.9501225,0.157,10/3/2015,329,1,1,0,0,CLEAR,DRY,TRUE,OTHER COLLISIONS ON SHOULDER,SINGLE VEHICLE,STRAIGHT & HILLCREST,DARK-HWY LIGHTED/OFF,5,O,087-CS-1024  -000
17549763,MONTGOMERY CTY SHERIFF DEPT,MONTGOMERY,,,GARDNER,LN,38.07256,-83.9160964,0.095,10/9/2015,2315,2,2,0,0,CLEAR,DRY,TRUE,1 VEHICLE PARKED POSITION (NOT PARKING LOT/DRIVEWAY),ANGLE,STRAIGHT & LEVEL,DARK-HWY LIGHTED/ON,5,O,087-CR-1022A -000
17549764,MONTGOMERY CTY SHERIFF DEPT,MONTGOMERY,I 0064,,,,38.0741859,-83.9843929,0.41,10/20/2015,103,1,1,0,0,CLEAR,DRY,FALSE,RAN OFF ROADWAY (1 VEHICLE WITH/EARTH EMBANKMENT/DITCH),SINGLE VEHICLE,STRAIGHT & LEVEL,DARK-HWY NOT LIGHTED,5,O,087-CR-1044  -000
17549861,MONTGOMERY CTY SHERIFF DEPT,MONTGOMERY,KY0011,,LEVEE,RD,38.009981,-83.9490925,6.971,11/4/2015,2033,1,1,0,1,CLEAR,DRY,FALSE,COLLISION WITH FIXED OBJECT IN INTERSECTION - FIRST EVENT COLLISION 09 - 32,SINGLE VEHICLE,STRAIGHT & GRADE,DARK-HWY NOT LIGHTED,3,B,087-KY-0011  -000
17549862,MONTGOMERY CTY SHERIFF DEPT,MONTGOMERY,KY0713,,GRASSY LICK,RD,38.0771598,-83.999962,2.814,11/5/2015,111,1,1,0,0,CLEAR,DRY,FALSE,COLLISION WITH ANIMAL NON INTERSECTION,SINGLE VEHICLE,STRAIGHT & LEVEL,DARK-HWY NOT LIGHTED,5,O,087-KY-0713  -000
17549864,MONTGOMERY CTY SHERIFF DEPT,MONTGOMERY,,,CECIL,RD,38.1561427,-83.9774117,1.791,12/5/2015,2010,1,1,1,0,CLEAR,DRY,FALSE,COLLISION WITH FIXED OBJECT NON - INTERSECTION - FIRST EVENT COLLISION 09 - 32 EXCLUDING 16,SINGLE VEHICLE,STRAIGHT & LEVEL,DARK-HWY NOT LIGHTED,1,K,087-CR-1313  -000
17549865,MONTGOMERY CTY SHERIFF DEPT,MONTGOMERY,KY0713,,SPENCER,PIKE,38.0303747,-83.8444212,12.424,12/6/2015,2009,2,2,0,0,CLEAR,DRY,FALSE,SIDESWIPE COLLISION - OPPOSITE DIRECTION,SIDESWIPE-OPPOSITE DIRECTION,CURVE & LEVEL,DARK-HWY NOT LIGHTED,5,O,087-KY-0713  -000
17549961,MT. STERLING POLICE DEPARTMENT,MONTGOMERY,KY0686,,INDIAN MOUND DR MT STERLING,BYP,38.058052,-83.955844,1.362,3/4/2016,1408,2,2,0,0,CLEAR,DRY,FALSE,1 VEHICLE ENTERING/LEAVING ENTRANCE,ANGLE,CURVE & GRADE,DAYLIGHT,5,O,087-KY-0686  -000
17550895,MT. STERLING POLICE DEPARTMENT,MONTGOMERY,US0460,,MAYSVILLE,ST,38.0706571,-83.9469444,8.535,2/18/2016,1706,2,2,0,4,CLEAR,DRY,FALSE,OPPOSING LEFT TURN,OPPOSING LEFT TURN,STRAIGHT & LEVEL,DAYLIGHT,3,B,087-US-0460  -000
17550897,MT. STERLING POLICE DEPARTMENT,MONTGOMERY,I 0064,,,,38.0789409,-83.9490737,0,2/20/2016,544,1,1,0,0,CLOUDY,DRY,FALSE,OTHER RAMP RELATED COLLISIONS NOT LISTED ABOVE,SINGLE VEHICLE,STRAIGHT & GRADE,DARK-HWY LIGHTED/ON,5,O,087-CR-1036  -000
17550898,MT. STERLING POLICE DEPARTMENT,MONTGOMERY,,,WINGTIP,WAY,38.0749272,-83.948135,0.052,2/20/2016,1203,2,2,0,0,CLEAR,DRY,FALSE,VEHICLE BACKING NON INTERSECTION,BACKING,STRAIGHT & GRADE,DAYLIGHT,5,O,087-CS-1121  -000
17550983,MT. STERLING POLICE DEPARTMENT,MONTGOMERY,,,DARLEY,CRK,38.0501264,-83.9532588,0.031,3/14/2016,52,1,1,0,0,CLOUDY,WET,FALSE,COLLISION WITH FIXED OBJECT NON - INTERSECTION - FIRST EVENT COLLISION 09 - 32 EXCLUDING 16,SINGLE VEHICLE,STRAIGHT & LEVEL,DARK-HWY LIGHTED/ON,5,O,087-CS-1151  -000
17551603,MT. STERLING POLICE DEPARTMENT,MONTGOMERY,,,MT STERLING,PLZ,38.0729289,-83.9498411,0.115,4/15/2016,1415,3,3,0,0,CLEAR,DRY,FALSE,1 VEHICLE PARKED POSITION (NOT PARKING LOT/DRIVEWAY),BACKING,STRAIGHT & LEVEL,DAYLIGHT,5,O,087-PR-1371  -000
17551888,MT. STERLING POLICE DEPARTMENT,MONTGOMERY,,,COLLIER,WAY,38.0529166,-83.9509868,0,3/20/2016,2025,2,2,0,0,CLOUDY,DRY,FALSE,OPPOSITE DIRECTION - BOTH VEHICLES GOING STRAIGHT AHEAD,SIDESWIPE-OPPOSITE DIRECTION,STRAIGHT & GRADE,DARK-HWY LIGHTED/ON,5,O,087-CS-1145  -000
17552009,"KY STATE POLICE, POST 08",MONTGOMERY,KY0686,,INDIAN MOUND DR MT STERLING,BYP,38.0715308,-83.9167831,6.081,3/18/2016,1354,2,2,0,0,CLEAR,DRY,FALSE,1 VEHICLE ENTERING/LEAVING ENTRANCE,ANGLE,CURVE & LEVEL,DAYLIGHT,5,O,087-KY-0686  -000
17552078,MONTGOMERY CTY SHERIFF DEPT,MONTGOMERY,US0460,,,,38.0767032,-83.9537842,0.269,12/8/2015,1812,2,2,0,0,CLEAR,DRY,FALSE,MULTIPLE VEHICLE COLLISION ON RAMP,SIDESWIPE-SAME DIRECTION,STRAIGHT & LEVEL,DARK-HWY NOT LIGHTED,5,O,087-CR-1042  -000
17552079,MONTGOMERY CTY SHERIFF DEPT,MONTGOMERY,,,CLARENCE,DR,38.0926468,-83.8993229,0.091,12/9/2015,1713,2,2,0,0,CLEAR,DRY,FALSE,1 VEHICLE ENTERING/LEAVING ENTRANCE,ANGLE,STRAIGHT & LEVEL,DUSK,5,O,087-CR-1019G -000
17552080,MONTGOMERY CTY SHERIFF DEPT,MONTGOMERY,KY0646,,NEST EGG,RD,37.968573,-83.937811,4.62,12/9/2015,2308,1,1,0,0,CLEAR,DRY,FALSE,RAN OFF ROADWAY (1 VEHICLE WITH/EARTH EMBANKMENT/DITCH),SINGLE VEHICLE,STRAIGHT & LEVEL,DARK-HWY NOT LIGHTED,5,O,087-KY-0646  -000
17552081,MONTGOMERY CTY SHERIFF DEPT,MONTGOMERY,KY0686,,INDIAN MOUND DR MT STERLING,BYP,38.0407668,-83.9412023,3.121,12/10/2015,1838,2,2,0,0,CLEAR,DRY,FALSE,1 VEHICLE ENTERING/LEAVING ENTRANCE,ANGLE,STRAIGHT & LEVEL,DARK-HWY NOT LIGHTED,5,O,087-KY-0686  -000
17552083,MONTGOMERY CTY SHERIFF DEPT,MONTGOMERY,US0060,,WINCHESTER,RD,38.0526656,-83.9682082,3.666,12/13/2015,1858,1,1,0,0,CLEAR,DRY,FALSE,COLLISION WITH ANIMAL NON INTERSECTION,SINGLE VEHICLE,STRAIGHT & LEVEL,DARK-HWY NOT LIGHTED,5,O,087-US-0060  -000
17552400,MT. STERLING POLICE DEPARTMENT,MONTGOMERY,KY0686,,INDIAN MOUND,DR,38.0598785,-83.9556839,1.237,3/15/2016,1835,2,2,0,1,CLEAR,DRY,FALSE,ANGLE COLLISION - BOTH VEHICLES GOING STRAIGHT,ANGLE,STRAIGHT & LEVEL,DAYLIGHT,2,A,087-KY-0686  -000
17552401,MT. STERLING POLICE DEPARTMENT,MONTGOMERY,,,SYCAMORE,ST,38.0601185,-83.9465832,0.312,3/12/2016,1225,2,2,0,0,CLEAR,DRY,FALSE,VEHICLE BACKING NON INTERSECTION,BACKING,STRAIGHT & LEVEL,DAYLIGHT,5,O,087-CS-1054  -000
17552563,MONTGOMERY CTY SHERIFF DEPT,MONTGOMERY,US0060,,WINCHESTER,RD,38.0339907,-84.0182477,0.498,2/26/2016,130,1,1,0,0,CLOUDY,DRY,FALSE,COLLISION WITH FIXED OBJECT NON - INTERSECTION - FIRST EVENT COLLISION 09 - 32 EXCLUDING 16,SINGLE VEHICLE,STRAIGHT & GRADE,DARK-HWY NOT LIGHTED,5,O,087-US-0060  -000
17552564,MONTGOMERY CTY SHERIFF DEPT,MONTGOMERY,KY0713,,SPENCER,PIKE,38.0220518,-83.8191808,14.026,2/22/2016,730,1,1,0,0,FOG,DRY,FALSE,COLLISION WITH FIXED OBJECT IN INTERSECTION - FIRST EVENT COLLISION 09 - 32,SINGLE VEHICLE,CURVE & LEVEL,DAYLIGHT,5,O,087-KY-0713  -000
17552565,MONTGOMERY CTY SHERIFF DEPT,MONTGOMERY,,,BRENTWOOD,DR,38.075293,-83.908315,0.007,2/26/2016,1125,1,1,0,0,CLOUDY,DRY,FALSE,COLLISION WITH FIXED OBJECT IN INTERSECTION - FIRST EVENT COLLISION 09 - 32,SINGLE VEHICLE,STRAIGHT & HILLCREST,DAYLIGHT,5,O,087-CR-1024  -000
17552567,MONTGOMERY CTY SHERIFF DEPT,MONTGOMERY,,,HARPERS RIDGE,RD,38.0283925,-83.8378438,0.139,2/28/2016,200,1,1,0,3,CLOUDY,DRY,FALSE,OVERTURNED IN ROADWAY,SINGLE VEHICLE,STRAIGHT & LEVEL,DARK-HWY NOT LIGHTED,3,B,087-CR-1007  -000
17552570,MONTGOMERY CTY SHERIFF DEPT,MONTGOMERY,,,LARISON,RD,37.9523503,-83.9524644,0.167,2/25/2016,1550,2,2,0,0,CLEAR,DRY,FALSE,SIDESWIPE COLLISION - SAME DIRECTION,SIDESWIPE-SAME DIRECTION,STRAIGHT & LEVEL,DAYLIGHT,5,O,087-PR-1257  -000
17552571,MONTGOMERY CTY SHERIFF DEPT,MONTGOMERY,,1415,OLD OWINGSVILLE,RD,38.0689791,-83.9237325,1.53,2/29/2016,815,2,2,0,0,CLOUDY,DRY,FALSE,RAN OFF ROADWAY (1 VEHICLE WITH/EARTH EMBANKMENT/DITCH),ANGLE,CURVE & LEVEL,DAYLIGHT,5,O,087-CR-1029  -000
17552573,MONTGOMERY CTY SHERIFF DEPT,MONTGOMERY,KY2346,,AIRPORT,RD,38.0507882,-83.9801831,0.171,2/26/2016,1429,1,1,0,1,CLEAR,DRY,FALSE,COLLISION WITH FIXED OBJECT NON - INTERSECTION - FIRST EVENT COLLISION 09 - 32 EXCLUDING 16,SINGLE VEHICLE,CURVE & GRADE,DAYLIGHT,2,A,087-KY-2346  -000
17552574,MONTGOMERY CTY SHERIFF DEPT,MONTGOMERY,,,VANCE,DR,38.0744373,-83.9514821,0.073,2/26/2016,1718,2,2,0,0,CLEAR,DRY,FALSE,1 VEHICLE ENTERING/LEAVING ENTRANCE,ANGLE,STRAIGHT & GRADE,DAYLIGHT,5,O,087-CS-1115  -000
17552577,MONTGOMERY CTY SHERIFF DEPT,MONTGOMERY,I 0064,,,,38.0926722,-83.8756411,113.776,2/29/2016,1324,2,2,0,0,CLEAR,DRY,FALSE,COLLISION WITH NON-FIXED OBJECT ,ANGLE,STRAIGHT & LEVEL,DAYLIGHT,5,O,087-I -0064  -000
17552578,MONTGOMERY CTY SHERIFF DEPT,MONTGOMERY,KY0011,,LEVEE,RD,37.9418922,-83.9288996,1.887,3/3/2016,1300,1,1,0,0,SNOWING,SNOW/SLUSH,FALSE,COLLISION WITH FIXED OBJECT NON - INTERSECTION - FIRST EVENT COLLISION 09 - 32 EXCLUDING 16,SINGLE VEHICLE,STRAIGHT & GRADE,DAYLIGHT,5,O,087-KY-0011  -000
17552580,MONTGOMERY CTY SHERIFF DEPT,MONTGOMERY,,,WOODFORD,DR,38.0463787,-83.9435791,0.028,3/4/2016,759,2,2,0,0,FOG,WET,FALSE,REAR END IN TRAFFIC LANES BOTH VEHICLES MOVING,REAR END,STRAIGHT & GRADE,DAYLIGHT,5,O,087-CR-1001  -000
17554388,MONTGOMERY CTY SHERIFF DEPT,MONTGOMERY,KY0686,,INDIAN MOUND DR MT STERLING,BYP,38.0655853,-83.9555002,0.843,3/4/2016,1623,2,2,0,0,CLOUDY,DRY,FALSE,REAR END IN TRAFFIC ONE VEHICLE STOPPED,REAR END,STRAIGHT & GRADE,DAYLIGHT,5,O,087-KY-0686  -000
17554390,MONTGOMERY CTY SHERIFF DEPT,MONTGOMERY,,,FOXGLOVE,DR,38.0655482,-83.9565542,0.058,3/4/2016,1639,2,2,0,0,CLOUDY,DRY,FALSE,VEHICLE BACKING NON INTERSECTION,BACKING,STRAIGHT & GRADE,DAYLIGHT,5,O,087-PR-1352  -000
17554392,MONTGOMERY CTY SHERIFF DEPT,MONTGOMERY,US0460,,CAMARGO,RD,38.0446221,-83.9350765,10.505,3/4/2016,1555,2,2,0,0,CLOUDY,DRY,FALSE,ANGLE COLLISION - ONE VEHICLE TURNING LEFT,ANGLE,STRAIGHT & LEVEL,DAYLIGHT,5,O,087-US-0460  -000
17554394,MONTGOMERY CTY SHERIFF DEPT,MONTGOMERY,,,FOX,RD,37.9810542,-83.8857433,2.565,3/6/2016,236,2,2,0,0,CLOUDY,WET,TRUE,SIDESWIPE COLLISION - OPPOSITE DIRECTION,SIDESWIPE-OPPOSITE DIRECTION,STRAIGHT & LEVEL,DARK-HWY NOT LIGHTED,5,O,087-CR-1209  -000
17554395,MONTGOMERY CTY SHERIFF DEPT,MONTGOMERY,KY0011,4031,MAYSVILLE,RD,38.1241858,-83.9596131,12.62,3/6/2016,1246,2,2,0,0,CLEAR,DRY,FALSE,REAR END IN TRAFFIC LANES BOTH VEHICLES MOVING,REAR END,STRAIGHT & LEVEL,DAYLIGHT,5,O,087-KY-0011  -000
17554396,MONTGOMERY CTY SHERIFF DEPT,MONTGOMERY,KY0713,,SPENCER,PIKE,38.0304649,-83.8774299,10.566,2/3/2016,1230,1,1,0,0,BLOWING SAND/SOIL/DIRT/SNOW,SNOW/SLUSH,FALSE,COLLISION WITH FIXED OBJECT NON - INTERSECTION - FIRST EVENT COLLISION 09 - 32 EXCLUDING 16,SINGLE VEHICLE,CURVE & GRADE,DAYLIGHT,5,O,087-KY-0713  -000
17554398,MONTGOMERY CTY SHERIFF DEPT,MONTGOMERY,KY0011,,LEVEE,RD,38.0257602,-83.9483977,8.202,5/1/2015,1824,3,3,0,0,CLEAR,DRY,FALSE,REAR END IN TRAFFIC LANES BOTH VEHICLES MOVING,REAR END,STRAIGHT & LEVEL,DAYLIGHT,5,O,087-KY-0011  -000
17554705,MONTGOMERY CTY SHERIFF DEPT,MONTGOMERY,US0060,,OWINGSVILLE,RD,38.0856048,-83.8993529,8.463,1/24/2016,1656,2,2,0,0,CLEAR,DRY,FALSE,1 VEHICLE PARKED POSITION (NOT PARKING LOT/DRIVEWAY),BACKING,STRAIGHT & LEVEL,DAYLIGHT,5,O,087-US-0060  -000
17554706,MONTGOMERY CTY SHERIFF DEPT,MONTGOMERY,,,QUEEN,ST,38.0490879,-83.9363345,0.012,2/8/2016,1629,2,2,0,0,CLEAR,WET,TRUE,1 VEHICLE PARKED POSITION (NOT PARKING LOT/DRIVEWAY),BACKING,STRAIGHT & LEVEL,DAYLIGHT,5,O,087-CS-1080  -000
17554707,MONTGOMERY CTY SHERIFF DEPT,MONTGOMERY,,,WOODFORD,DR,38.0454666,-83.9420254,0.133,2/15/2016,1709,2,2,0,0,RAINING,WET,FALSE,1 VEHICLE PARKED POSITION (NOT PARKING LOT/DRIVEWAY),REAR END,STRAIGHT & GRADE,DAYLIGHT,5,O,087-CR-1001  -000
17554709,MONTGOMERY CTY SHERIFF DEPT,MONTGOMERY,US0460,,MAIN,ST,37.9631011,-83.8009147,20.315,2/20/2016,1723,2,2,0,0,CLEAR,DRY,FALSE,REAR END IN TRAFFIC LANES BOTH VEHICLES MOVING,REAR END,CURVE & GRADE,DAYLIGHT,5,O,087-US-0460  -000
17554710,MONTGOMERY CTY SHERIFF DEPT,MONTGOMERY,US0460,,CAMARGO,RD,37.9946634,-83.8891712,14.95,2/22/2016,1742,2,2,0,0,CLEAR,DRY,FALSE,VEHICLE BACKING NON INTERSECTION,BACKING,STRAIGHT & LEVEL,DAYLIGHT,5,O,087-US-0460  -000
17554711,MONTGOMERY CTY SHERIFF DEPT,MONTGOMERY,KY0713,4143,GRASSY LICK,RD,38.0801059,-84.0185204,1.8,12/31/2015,1851,1,1,0,0,CLOUDY,DRY,FALSE,RAN OFF ROADWAY (1 VEHICLE WITH/EARTH EMBANKMENT/DITCH),SINGLE VEHICLE,CURVE & GRADE,DARK-HWY NOT LIGHTED,5,O,087-KY-0713  -000
17554713,MONTGOMERY CTY SHERIFF DEPT,MONTGOMERY,KY0011,8005,LEVEE,RD,37.950168,-83.9351767,2.541,12/28/2015,1554,2,2,0,2,RAINING,WET,FALSE,HEAD-ON COLLISION,HEAD ON,STRAIGHT & LEVEL,DAYLIGHT,3,B,087-KY-0011  -000
17554714,MONTGOMERY CTY SHERIFF DEPT,MONTGOMERY,KY0713,,SPENCER,PIKE,38.0184449,-83.7731768,16.872,12/31/2015,1549,1,1,0,0,CLOUDY,DRY,TRUE,RAN OFF ROADWAY (1 VEHICLE WITH/EARTH EMBANKMENT/DITCH),SINGLE VEHICLE,STRAIGHT & LEVEL,DAYLIGHT,5,O,087-KY-0713  -000
17554715,MONTGOMERY CTY SHERIFF DEPT,MONTGOMERY,,,STEPSTONE,RD,38.0860781,-83.8854125,0.661,1/30/2016,1332,2,2,0,0,CLOUDY,DRY,FALSE,SIDESWIPE COLLISION - OPPOSITE DIRECTION,SIDESWIPE-OPPOSITE DIRECTION,CURVE & LEVEL,DAYLIGHT,5,O,087-KY-1331  -000
17554805,MONTGOMERY CTY SHERIFF DEPT,MONTGOMERY,KY0537,1147,BUNKER HILL,RD,38.1403268,-83.9980235,1.655,2/5/2016,705,1,1,0,0,CLEAR,DRY,FALSE,COLLISION WITH FIXED OBJECT NON - INTERSECTION - FIRST EVENT COLLISION 09 - 32 EXCLUDING 16,SINGLE VEHICLE,STRAIGHT & GRADE,DARK-HWY NOT LIGHTED,5,O,087-KY-0537  -000
17554806,MONTGOMERY CTY SHERIFF DEPT,MONTGOMERY,KY0011,,LEVEE,RD,38.0299781,-83.9494684,8.494,2/3/2016,950,1,1,0,1,CLEAR,DRY,FALSE,RAN OFF ROADWAY (1 VEHICLE WITH/EARTH EMBANKMENT/DITCH),SINGLE VEHICLE,CURVE & LEVEL,DAYLIGHT,4,C,087-KY-0011  -000
17554809,MONTGOMERY CTY SHERIFF DEPT,MONTGOMERY,US0060,,OWINGSVILLE,RD,38.0747794,-83.9186358,7.188,2/10/2016,631,2,2,0,0,SNOWING,SNOW/SLUSH,FALSE,1 VEHICLE ENTERING/LEAVING ENTRANCE,ANGLE,STRAIGHT & LEVEL,DAYLIGHT,5,O,087-US-0060  -000
17554810,MONTGOMERY CTY SHERIFF DEPT,MONTGOMERY,US0060,,WINCHESTER,RD,38.0344601,-84.0167948,0.585,2/12/2016,651,1,1,0,0,CLOUDY,DRY,FALSE,COLLISION WITH ANIMAL NON INTERSECTION,SINGLE VEHICLE,STRAIGHT & GRADE,DARK-HWY NOT LIGHTED,5,O,087-US-0060  -000
17554811,MONTGOMERY CTY SHERIFF DEPT,MONTGOMERY,I 0064,,,,38.0869515,-83.8992503,0.413,2/8/2016,1256,2,2,0,2,SNOWING,SNOW/SLUSH,FALSE,REAR END - ON RAMP,REAR END,STRAIGHT & HILLCREST,DAYLIGHT,3,B,087-CR-1044  -000
17554812,MONTGOMERY CTY SHERIFF DEPT,MONTGOMERY,I 0064,,,,38.0819646,-83.9355257,110.443,2/13/2016,1038,2,2,0,0,CLEAR,DRY,FALSE,1 VEHICLE ENTERING/LEAVING ENTRANCE,ANGLE,STRAIGHT & GRADE,DAYLIGHT,5,O,087-I -0064  -000
17554814,MONTGOMERY CTY SHERIFF DEPT,MONTGOMERY,I 0064,,,,38.0725513,-83.9968556,106.99,2/17/2016,912,2,2,0,1,CLOUDY,WET,FALSE,REAR END IN TRAFFIC LANES BOTH VEHICLES MOVING,REAR END,STRAIGHT & GRADE,DARK-HWY NOT LIGHTED,4,C,087-I -0064  -000
17554815,MONTGOMERY CTY SHERIFF DEPT,MONTGOMERY,I 0064,,,,38.062285,-84.0263065,105.241,2/17/2016,912,1,1,0,1,CLOUDY,WET,FALSE,RAN OFF ROADWAY (1 VEHICLE WITH/EARTH EMBANKMENT/DITCH),SINGLE VEHICLE,STRAIGHT & GRADE,DAYLIGHT,4,C,087-I -0064  -000
17554816,MONTGOMERY CTY SHERIFF DEPT,MONTGOMERY,US0460,,CAMARGO,RD,38.0008515,-83.8989481,14.229,2/18/2016,728,1,1,0,0,CLOUDY,DRY,FALSE,COLLISION WITH FIXED OBJECT NON - INTERSECTION - FIRST EVENT COLLISION 09 - 32 EXCLUDING 16,SINGLE VEHICLE,STRAIGHT & LEVEL,DAYLIGHT,5,O,087-US-0460  -000
17554817,MONTGOMERY CTY SHERIFF DEPT,MONTGOMERY,,,OLDHAM,RD,37.9911319,-83.9306091,1.257,2/21/2016,1308,2,2,0,0,CLOUDY,WET,FALSE,SIDESWIPE COLLISION - OPPOSITE DIRECTION,SIDESWIPE-OPPOSITE DIRECTION,STRAIGHT & GRADE,DAYLIGHT,5,O,087-CR-1203  -000
17554818,MONTGOMERY CTY SHERIFF DEPT,MONTGOMERY,KY0011,,LEVEE,RD,37.9925335,-83.9411469,5.619,2/21/2016,2320,1,1,0,0,CLOUDY,DRY,FALSE,RAN OFF ROADWAY (1 VEHICLE WITH/EARTH EMBANKMENT/DITCH),SINGLE VEHICLE,STRAIGHT & LEVEL,DARK-HWY NOT LIGHTED,5,O,087-KY-0011  -000
17554819,MONTGOMERY CTY SHERIFF DEPT,MONTGOMERY,KY0686,,INDIAN MOUND,DR,38.0627463,-83.9137987,5.439,2/20/2016,500,2,2,0,3,CLOUDY,DRY,FALSE,HEAD-ON COLLISION,HEAD ON,STRAIGHT & GRADE,DARK-HWY LIGHTED/ON,2,A,087-KY-0686  -000
17554820,MONTGOMERY CTY SHERIFF DEPT,MONTGOMERY,US0060,,WINCHESTER,RD,38.034353,-84.0171402,0.565,2/20/2016,600,1,1,0,0,CLOUDY,DRY,FALSE,COLLISION WITH ANIMAL NON INTERSECTION,SINGLE VEHICLE,CURVE & GRADE,DARK-HWY NOT LIGHTED,5,O,087-US-0060  -000
17554821,MONTGOMERY CTY SHERIFF DEPT,MONTGOMERY,US0460,,CAMARGO,RD,38.0123614,-83.9074133,13.282,2/21/2016,1243,2,2,0,1,CLEAR,DRY,FALSE,REAR END IN TRAFFIC LANES BOTH VEHICLES MOVING,REAR END,CURVE & LEVEL,DAYLIGHT,2,A,087-US-0460  -000
17555505,MONTGOMERY CTY SHERIFF DEPT,MONTGOMERY,,,FAIRVIEW,AVE,38.0709305,-83.923368,0.087,2/29/2016,1432,2,2,0,0,CLEAR,DRY,FALSE,OPPOSITE DIRECTION - BOTH VEHICLES GOING STRAIGHT AHEAD,SIDESWIPE-OPPOSITE DIRECTION,STRAIGHT & GRADE,DAYLIGHT,5,O,087-CR-1005C -000
17555506,MONTGOMERY CTY SHERIFF DEPT,MONTGOMERY,US0460,655,PARIS,RD,38.0901946,-83.9634335,6.442,3/3/2016,1409,1,1,0,0,SNOWING,SNOW/SLUSH,FALSE,COLLISION WITH FIXED OBJECT NON - INTERSECTION - FIRST EVENT COLLISION 09 - 32 EXCLUDING 16,SINGLE VEHICLE,STRAIGHT & HILLCREST,DAYLIGHT,5,O,087-US-0460  -000
17556351,MT. STERLING POLICE DEPARTMENT,MONTGOMERY,US0460,,MAYSVILLE,ST,38.0726231,-83.9477651,8.404,2/26/2016,2233,2,2,0,4,CLEAR,DRY,FALSE,ANGLE COLLISION - ONE VEHICLE TURNING LEFT,ANGLE,STRAIGHT & LEVEL,DARK-HWY LIGHTED/ON,4,C,087-US-0460  -000
17556354,MT. STERLING POLICE DEPARTMENT,MONTGOMERY,US0460,,MAYSVILLE,RD,38.0829649,-83.9495582,7.655,2/28/2016,630,1,1,0,0,CLEAR,DRY,FALSE,COLLISION WITH ANIMAL NON INTERSECTION,SINGLE VEHICLE,STRAIGHT & GRADE,DARK-HWY NOT LIGHTED,5,O,087-US-0460  -000
17558212,MT. STERLING POLICE DEPARTMENT,MONTGOMERY,KY0686,499,INDIAN MOUND,DR,38.0677332,-83.9554298,0.693,4/2/2016,1201,2,2,0,0,CLEAR,DRY,FALSE,1 VEHICLE ENTERING OR LEAVING PARKED POSITION (NOT PARKING LOT),SIDESWIPE-SAME DIRECTION,STRAIGHT & LEVEL,DAYLIGHT,5,O,087-KY-0686  -000
17558245,MT. STERLING POLICE DEPARTMENT,MONTGOMERY,KY0686,217,INDIAN MOUND,DR,38.0735904,-83.9515473,0.191,3/5/2016,1453,2,2,0,0,RAINING,WET,FALSE,1 VEHICLE PARKED POSITION (NOT PARKING LOT/DRIVEWAY),BACKING,STRAIGHT & LEVEL,DAYLIGHT,5,O,087-KY-0686  -000
17559592,MT. STERLING POLICE DEPARTMENT,MONTGOMERY,US0460,,MAYSVILLE,ST,38.0741001,-83.9483283,8.281,3/28/2016,1645,2,2,0,2,CLOUDY,DRY,FALSE,OPPOSING LEFT TURN,OPPOSING LEFT TURN,STRAIGHT & LEVEL,DAYLIGHT,3,B,087-US-0460  -000
17559594,MT. STERLING POLICE DEPARTMENT,MONTGOMERY,US0060,439,MAIN,ST,38.0540027,-83.9540436,4.447,4/1/2016,1911,2,2,0,0,CLEAR,DRY,FALSE,VEHICLE BACKING NON INTERSECTION,BACKING,STRAIGHT & LEVEL,DAYLIGHT,5,O,087-US-0060  -000
17559595,MT. STERLING POLICE DEPARTMENT,MONTGOMERY,KY0011,,LEVEE,RD,38.0502053,-83.9415238,10.002,3/9/2016,2150,2,2,0,0,CLEAR,DRY,TRUE,OPPOSITE DIRECTION - BOTH VEHICLES GOING STRAIGHT AHEAD,SIDESWIPE-OPPOSITE DIRECTION,STRAIGHT & LEVEL,DARK-HWY LIGHTED/ON,5,O,087-KY-0011  -000
17566162,"KY STATE POLICE, POST 08",MONTGOMERY,KY0011,,MAYSVILLE,RD,38.1553376,-83.9564735,14.831,3/16/2016,1438,1,1,0,0,CLEAR,DRY,FALSE,COLLISION WITH FIXED OBJECT NON - INTERSECTION - FIRST EVENT COLLISION 09 - 32 EXCLUDING 16,SINGLE VEHICLE,CURVE & GRADE,DAYLIGHT,5,O,087-KY-0011  -000