IncidentID,AgencyName,County,RdwyNumber,Street,RoadwayName,StreetSfx,Latitude,Longitude,Milepoint,CollisionDate,CollisionTime,UnitsInvolved,MotorVehiclesInvolved,NumberKilled,NumberInjured,Weather,RdwyConditionCode,HitandRun,DirAnalysisCode,MannerofCollision,RdwyCharacter,LightCondition,KABCO Code,KABCO,RT_UNIQUE
18035862,MT. STERLING POLICE DEPARTMENT,MONTGOMERY,US0460,,MAYSVILLE,ST,38.075149,-83.9486991,8.208,8/5/2016,1738,2,2,0,0,CLEAR,DRY,FALSE,REAR END IN TRAFFIC LANES BOTH VEHICLES MOVING,REAR END,STRAIGHT & LEVEL,DAYLIGHT,5,O,087-US-0460  -000
18035863,MT. STERLING POLICE DEPARTMENT,MONTGOMERY,KY0011,1004,LEVEE,RD,38.0403619,-83.9485533,9.185,8/8/2016,931,2,2,0,0,CLEAR,DRY,FALSE,1 VEHICLE ENTERING/LEAVING ENTRANCE,ANGLE,STRAIGHT & LEVEL,DAYLIGHT,5,O,087-KY-0011  -000
18035864,MT. STERLING POLICE DEPARTMENT,MONTGOMERY,US0060,247,MAIN,ST,38.055044,-83.9474246,4.83,8/8/2016,1836,1,1,0,0,CLEAR,DRY,TRUE,COLLISION WITH FIXED OBJECT NON - INTERSECTION - FIRST EVENT COLLISION 09 - 32 EXCLUDING 16,SINGLE VEHICLE,CURVE & LEVEL,DAYLIGHT,,,087-US-0060  -000
18035865,MT. STERLING POLICE DEPARTMENT,MONTGOMERY,I 0064,,,,38.0764526,-83.9492247,0.208,8/6/2016,2000,2,2,0,0,CLEAR,DRY,FALSE,REAR END - ON RAMP,REAR END,STRAIGHT & HILLCREST,DAYLIGHT,5,O,087-CR-1042  -000
18035866,MT. STERLING POLICE DEPARTMENT,MONTGOMERY,,111,RONAMEKI,DR,38.0558407,-83.9546784,0.134,8/8/2016,2057,1,1,0,0,CLEAR,DRY,FALSE,COLLISION WITH ANIMAL NON INTERSECTION,SINGLE VEHICLE,STRAIGHT & HILLCREST,DAYLIGHT,5,O,087-CS-1046  -000
18035867,MT. STERLING POLICE DEPARTMENT,MONTGOMERY,US0460,,MAYSVILLE,RD,38.0740833,-83.9481667,8.285,8/9/2016,1655,2,2,0,0,CLEAR,DRY,FALSE,1 VEHICLE ENTERING/LEAVING ENTRANCE,ANGLE,STRAIGHT & LEVEL,DAYLIGHT,5,O,087-US-0460  -000
18035868,MT. STERLING POLICE DEPARTMENT,MONTGOMERY,KY0686,499,INDIAN MOUND,DR,38.0678046,-83.9554597,0.689,8/9/2016,1406,2,2,0,0,CLEAR,DRY,FALSE,VEHICLE BACKING NON INTERSECTION,BACKING,STRAIGHT & LEVEL,DAYLIGHT,5,O,087-KY-0686  -000
18036908,MT. STERLING POLICE DEPARTMENT,MONTGOMERY,KY0686,,INDIAN MOUND,DR,38.0687388,-83.9550648,0.623,8/10/2016,1300,1,1,0,0,CLEAR,DRY,FALSE,COLLISION WITH FIXED OBJECT NON - INTERSECTION - FIRST EVENT COLLISION 09 - 32 EXCLUDING 16,SINGLE VEHICLE,STRAIGHT & LEVEL,DAYLIGHT,5,O,087-KY-0686  -000
18049680,MT. STERLING POLICE DEPARTMENT,MONTGOMERY,KY0686,,INDIAN MOUND,DR,38.0674038,-83.9554242,0.716,8/4/2016,1108,2,2,0,0,CLEAR,DRY,FALSE,ANGLE COLLISION - ONE VEHICLE TURNING LEFT,ANGLE,STRAIGHT & LEVEL,DAYLIGHT,5,O,087-KY-0686  -000
18049681,MT. STERLING POLICE DEPARTMENT,MONTGOMERY,,,VANCE,DR,38.0743842,-83.9514583,0.055,8/11/2016,1836,2,2,0,0,CLEAR,DRY,FALSE,ANGLE COLLISION - ONE VEHICLE TURNING LEFT,ANGLE,STRAIGHT & LEVEL,DAYLIGHT,5,O,087-CS-1115  -000
18051622,MT. STERLING POLICE DEPARTMENT,MONTGOMERY,US0060,,MAIN,ST,38.0561764,-83.9431311,5.066,8/12/2016,1326,2,2,0,0,CLEAR,DRY,FALSE,1 VEHICLE PARKED POSITION (NOT PARKING LOT/DRIVEWAY),SIDESWIPE-SAME DIRECTION,STRAIGHT & GRADE,DAYLIGHT,5,O,087-US-0060  -000
18051623,MT. STERLING POLICE DEPARTMENT,MONTGOMERY,US0460,700,MAYSVILLE,ST,38.0755387,-83.948827,8.181,8/12/2016,1308,2,2,0,0,CLEAR,DRY,FALSE,1 VEHICLE ENTERING/LEAVING ENTRANCE,ANGLE,STRAIGHT & LEVEL,DAYLIGHT,5,O,087-US-0460  -000
18051624,MT. STERLING POLICE DEPARTMENT,MONTGOMERY,US0460,,MAYSVILLE,RD,38.0793829,-83.9497389,7.913,8/12/2016,1534,2,2,0,0,CLEAR,DRY,FALSE,REAR END IN TRAFFIC LANES BOTH VEHICLES MOVING,REAR END,STRAIGHT & LEVEL,DAYLIGHT,5,O,087-US-0460  -000
18051625,MT. STERLING POLICE DEPARTMENT,MONTGOMERY,KY0686,,INDIAN MOUND,DR,38.0537877,-83.956246,1.66,8/13/2016,1730,3,3,0,0,CLEAR,DRY,TRUE,ANGLE COLLISION - BOTH VEHICLES GOING STRAIGHT,ANGLE,STRAIGHT & LEVEL,DAYLIGHT,5,O,087-KY-0686  -000
18060503,MT. STERLING POLICE DEPARTMENT,MONTGOMERY,KY0011,,MAYSVILLE,RD,38.0908873,-83.9501398,10.222,8/15/2016,1828,2,2,0,0,RAINING,WET,FALSE,HEAD-ON COLLISION,HEAD ON,CURVE & GRADE,DAYLIGHT,5,O,087-KY-0011  -000
18060504,MT. STERLING POLICE DEPARTMENT,MONTGOMERY,US0460,,MAYSVILLE,RD,38.0755882,-83.9486929,8.18,8/11/2016,2248,2,2,0,0,CLEAR,DRY,TRUE,REAR END - OTHER,REAR END,STRAIGHT & LEVEL,DARK-HWY LIGHTED/ON,5,O,087-US-0460  -000
18060505,MT. STERLING POLICE DEPARTMENT,MONTGOMERY,,,FOX,ST,38.0554277,-83.9344709,0.097,8/15/2016,1559,2,2,0,0,CLEAR,DRY,TRUE,1 VEHICLE PARKED POSITION (NOT PARKING LOT/DRIVEWAY),SIDESWIPE-OPPOSITE DIRECTION,STRAIGHT & LEVEL,DAYLIGHT,5,O,087-CR-1048  -000
18066119,MT. STERLING POLICE DEPARTMENT,MONTGOMERY,,,REESE,WAY,38.0672604,-83.9539779,0.079,8/11/2016,1221,2,2,0,1,CLOUDY,DRY,FALSE,ANGLE COLLISION - BOTH VEHICLES GOING STRAIGHT,ANGLE,STRAIGHT & LEVEL,DAYLIGHT,4,C,087-CS-1031  -000
18070143,MT. STERLING POLICE DEPARTMENT,MONTGOMERY,,,JOHNSON,AVE,38.063491,-83.9406827,0.205,8/17/2016,1211,1,1,0,0,CLOUDY,WET,FALSE,COLLISION WITH FIXED OBJECT IN INTERSECTION - FIRST EVENT COLLISION 09 - 32,SINGLE VEHICLE,STRAIGHT & LEVEL,DAYLIGHT,5,O,087-CR-1129  -000
18073924,"KY STATE POLICE, POST 08",MONTGOMERY,US0460,,MAIN,ST,37.9767593,-83.8521789,17.366,8/17/2016,1515,3,3,0,1,CLOUDY,WET,FALSE,REAR END IN TRAFFIC LANES BOTH VEHICLES MOVING,REAR END,STRAIGHT & LEVEL,DAYLIGHT,4,C,087-US-0460  -000
18083398,MT. STERLING POLICE DEPARTMENT,MONTGOMERY,,,KASANDRA,WAY,38.0531508,-83.9332473,0.008,8/14/2016,2000,2,2,0,0,CLEAR,DRY,FALSE,1 VEHICLE PARKED POSITION (NOT PARKING LOT/DRIVEWAY),SIDESWIPE-SAME DIRECTION,CURVE & LEVEL,DAYLIGHT,5,O,087-CS-1017  -000
18083400,MT. STERLING POLICE DEPARTMENT,MONTGOMERY,US0060,,MAIN,ST,38.0564147,-83.9420449,5.129,8/19/2016,1815,2,2,0,0,CLEAR,DRY,FALSE,ANGLE COLLISION - BOTH VEHICLES GOING STRAIGHT,ANGLE,STRAIGHT & LEVEL,DAYLIGHT,5,O,087-US-0060  -000
18083713,MT. STERLING POLICE DEPARTMENT,MONTGOMERY,US0060,,MAIN,ST,38.0556818,-83.9455915,4.932,8/20/2016,1018,2,2,0,0,CLOUDY,DRY,FALSE,1 VEHICLE PARKED POSITION (NOT PARKING LOT/DRIVEWAY),SIDESWIPE-SAME DIRECTION,STRAIGHT & LEVEL,DAYLIGHT,5,O,087-US-0060  -000
18112270,MT. STERLING POLICE DEPARTMENT,MONTGOMERY,,,HIGH,ST,38.0587718,-83.9371782,0.301,8/24/2016,943,2,2,0,0,CLEAR,DRY,FALSE,1 VEHICLE PARKED POSITION (NOT PARKING LOT/DRIVEWAY),BACKING,STRAIGHT & GRADE,DAYLIGHT,5,O,087-CS-1052  -000
18112271,MT. STERLING POLICE DEPARTMENT,MONTGOMERY,US0460,,MAYSVILLE,ST,38.0755198,-83.9486928,8.188,8/25/2016,1427,2,2,0,0,CLEAR,DRY,FALSE,SIDESWIPE-SAME DIRECTION,SIDESWIPE-SAME DIRECTION,STRAIGHT & LEVEL,DAYLIGHT,5,O,087-US-0460  -000
18123769,"KY STATE POLICE, POST 08",MONTGOMERY,US0060,,OWINGSVILLE,RD,38.0856064,-83.8997504,8.453,8/24/2016,2345,2,2,0,0,CLEAR,DRY,FALSE,1 VEHICLE PARKED POSITION (NOT PARKING LOT/DRIVEWAY),SIDESWIPE-OPPOSITE DIRECTION,STRAIGHT & LEVEL,DARK-HWY LIGHTED/ON,5,O,087-US-0060  -000
18141933,MT. STERLING POLICE DEPARTMENT,MONTGOMERY,US0460,,MAYSVILLE,ST,38.075049,-83.9486399,8.216,8/30/2016,824,2,2,0,1,CLEAR,DRY,FALSE,REAR END IN TRAFFIC ONE VEHICLE STOPPED,REAR END,STRAIGHT & LEVEL,DAYLIGHT,3,B,087-US-0460  -000
18141935,MT. STERLING POLICE DEPARTMENT,MONTGOMERY,,440,SPRING,ST,38.051319,-83.9511666,0.298,8/31/2016,748,2,2,0,0,CLEAR,DRY,TRUE,1 VEHICLE PARKED POSITION (NOT PARKING LOT/DRIVEWAY),SIDESWIPE-OPPOSITE DIRECTION,STRAIGHT & LEVEL,DAYLIGHT,5,O,087-CR-1042  -000
18158147,MT. STERLING POLICE DEPARTMENT,MONTGOMERY,KY0011,,LEVEE,RD,38.0495029,-83.9420051,9.909,9/2/2016,1609,2,2,0,0,CLEAR,DRY,FALSE,1 VEHICLE ENTERING/LEAVING ENTRANCE,ANGLE,STRAIGHT & LEVEL,DAYLIGHT,5,O,087-KY-0011  -000
18158148,MT. STERLING POLICE DEPARTMENT,MONTGOMERY,KY0713,,LOCUST,ST,38.0562472,-83.9372975,6.543,9/2/2016,4,1,1,0,0,CLEAR,DRY,FALSE,COLLISION WITH FIXED OBJECT NON - INTERSECTION - FIRST EVENT COLLISION 09 - 32 EXCLUDING 16,SINGLE VEHICLE,STRAIGHT & LEVEL,DARK-HWY LIGHTED/ON,5,O,087-KY-0713  -000
18178009,MT. STERLING POLICE DEPARTMENT,MONTGOMERY,,28,JOHNSON,AVE,38.0631028,-83.9425697,0.098,8/6/2016,758,2,2,0,0,CLEAR,DRY,FALSE,1 VEHICLE ENTERING/LEAVING ENTRANCE,ANGLE,STRAIGHT & HILLCREST,DAYLIGHT,5,O,087-CR-1129  -000
18178010,MT. STERLING POLICE DEPARTMENT,MONTGOMERY,US0460,,CAMARGO,RD,38.0419574,-83.9342626,10.7,9/6/2016,1603,2,2,0,0,CLEAR,DRY,FALSE,REAR END - OTHER,REAR END,STRAIGHT & LEVEL,DAYLIGHT,5,O,087-US-0460  -000
18178366,MT. STERLING POLICE DEPARTMENT,MONTGOMERY,US0460,,MAYSVILLE,ST,38.0738329,-83.94826,8.298,9/7/2016,1349,2,2,0,0,CLEAR,DRY,FALSE,SIDESWIPE-SAME DIRECTION,SIDESWIPE-SAME DIRECTION,STRAIGHT & LEVEL,DAYLIGHT,5,O,087-US-0460  -000
18187993,MONTGOMERY CTY SHERIFF DEPT,MONTGOMERY,KY0686,,INDIAN MOUND DR MT STERLING,BYP,38.0719378,-83.9170576,6.113,5/11/2016,1600,2,2,0,0,CLEAR,DRY,FALSE,REAR END IN TRAFFIC LANES BOTH VEHICLES MOVING,REAR END,STRAIGHT & LEVEL,DAYLIGHT,5,O,087-KY-0686  -000
18187994,MONTGOMERY CTY SHERIFF DEPT,MONTGOMERY,,,TURNER,LN,37.9912396,-83.9745938,0.003,6/5/2016,1943,1,1,0,0,CLEAR,DRY,FALSE,RAN OFF ROADWAY (1 VEHICLE WITH/EARTH EMBANKMENT/DITCH),SINGLE VEHICLE,STRAIGHT & LEVEL,DAYLIGHT,5,O,087-PR-1078  -000
18187995,MONTGOMERY CTY SHERIFF DEPT,MONTGOMERY,KY0213,1187,BEDFORD,RD,38.0167111,-83.8248718,8.676,6/12/2016,1831,1,1,0,0,CLEAR,DRY,FALSE,RAN OFF ROADWAY (1 VEHICLE WITH/EARTH EMBANKMENT/DITCH),SINGLE VEHICLE,CURVE & LEVEL,DAYLIGHT,5,O,087-KY-0213  -000
18187996,MONTGOMERY CTY SHERIFF DEPT,MONTGOMERY,US0060,,OWINGSVILLE,RD,38.074748,-83.918708,7.186,6/13/2016,1642,2,2,0,0,CLEAR,DRY,FALSE,1 VEHICLE ENTERING/LEAVING ENTRANCE,ANGLE,STRAIGHT & LEVEL,DAYLIGHT,5,O,087-US-0060  -000
18187997,MONTGOMERY CTY SHERIFF DEPT,MONTGOMERY,KY0686,,INDIAN MOUND,DR,38.0423182,-83.9506496,2.592,6/15/2016,1720,2,2,0,0,CLEAR,DRY,FALSE,1 VEHICLE ENTERING/LEAVING ENTRANCE,ANGLE,STRAIGHT & HILLCREST,DAYLIGHT,5,O,087-KY-0686  -000
18187998,MONTGOMERY CTY SHERIFF DEPT,MONTGOMERY,,,OSBORNE,RD,38.0707461,-83.9104534,2.157,7/13/2016,743,1,1,0,0,CLEAR,DRY,FALSE,COLLISION WITH FIXED OBJECT NON - INTERSECTION - FIRST EVENT COLLISION 09 - 32 EXCLUDING 16,SINGLE VEHICLE,STRAIGHT & LEVEL,DAYLIGHT,5,O,087-CR-1006  -000
18187999,MONTGOMERY CTY SHERIFF DEPT,MONTGOMERY,KY0011,,LEVEE,RD,37.9847205,-83.9404826,5.082,7/16/2016,400,1,1,0,0,CLOUDY,DRY,TRUE,COLLISION WITH FIXED OBJECT NON - INTERSECTION - FIRST EVENT COLLISION 09 - 32 EXCLUDING 16,SINGLE VEHICLE,STRAIGHT & LEVEL,DARK-HWY NOT LIGHTED,5,O,087-KY-0011  -000
18188000,MONTGOMERY CTY SHERIFF DEPT,MONTGOMERY,,,FOGG,PIKE,38.0413062,-83.9510881,0.171,7/13/2016,2122,2,2,0,0,CLOUDY,DRY,FALSE,1 VEHICLE ENTERING/LEAVING ENTRANCE,ANGLE,STRAIGHT & LEVEL,DUSK,5,O,087-CR-1227  -000
18188001,MONTGOMERY CTY SHERIFF DEPT,MONTGOMERY,KY0713,,SPENCER,PIKE,38.0414199,-83.8946013,9.345,7/17/2016,2005,1,1,0,0,CLEAR,DRY,FALSE,RAN OFF ROADWAY (1 VEHICLE WITH/EARTH EMBANKMENT/DITCH),SINGLE VEHICLE,CURVE & LEVEL,DAYLIGHT,5,O,087-KY-0713  -000
18188002,MONTGOMERY CTY SHERIFF DEPT,MONTGOMERY,,,OLD OWINGSVILLE,RD,38.0714304,-83.9170252,1.107,7/15/2016,130,2,2,0,1,CLEAR,DRY,FALSE,REAR END IN TRAFFIC LANES BOTH VEHICLES MOVING,REAR END,CURVE & LEVEL,DARK-HWY LIGHTED/OFF,3,B,087-CR-1029  -000
18188003,MONTGOMERY CTY SHERIFF DEPT,MONTGOMERY,KY0011,,LEVEE,RD,37.971121,-83.9353186,4.136,7/19/2016,1040,2,2,0,0,CLEAR,DRY,FALSE,REAR END IN TRAFFIC LANES BOTH VEHICLES MOVING,REAR END,CURVE & LEVEL,DAYLIGHT,5,O,087-KY-0011  -000
18188004,MONTGOMERY CTY SHERIFF DEPT,MONTGOMERY,,,CECIL,RD,38.1512619,-83.9573512,2.909,7/19/2016,1519,1,1,0,1,CLEAR,DRY,FALSE,COLLISION WITH FIXED OBJECT NON - INTERSECTION - FIRST EVENT COLLISION 09 - 32 EXCLUDING 16,SINGLE VEHICLE,STRAIGHT & GRADE,DAYLIGHT,3,B,087-CR-1313  -000
18188006,MONTGOMERY CTY SHERIFF DEPT,MONTGOMERY,KY0011,1800,LEVEE,RD,38.0342556,-83.9500265,8.798,7/22/2016,609,1,1,0,1,CLEAR,DRY,FALSE,RAN OFF ROADWAY (1 VEHICLE WITH/EARTH EMBANKMENT/DITCH),SINGLE VEHICLE,STRAIGHT & LEVEL,DAWN,3,B,087-KY-0011  -000
18188007,MONTGOMERY CTY SHERIFF DEPT,MONTGOMERY,US0460,9900,MAIN,ST,37.9662422,-83.8181543,19.323,7/18/2016,1100,1,1,0,0,CLOUDY,WET,FALSE,RAN OFF ROADWAY (1 VEHICLE WITH/EARTH EMBANKMENT/DITCH),SINGLE VEHICLE,STRAIGHT & HILLCREST,DAYLIGHT,5,O,087-US-0460  -000
18188011,MONTGOMERY CTY SHERIFF DEPT,MONTGOMERY,KY0713,4428,SPENCER,PIKE,38.0292375,-83.8496784,12.152,7/21/2016,1429,1,1,0,0,CLEAR,DRY,FALSE,RAN OFF ROADWAY (1 VEHICLE WITH/EARTH EMBANKMENT/DITCH),SINGLE VEHICLE,CURVE & LEVEL,DAYLIGHT,5,O,087-KY-0713  -000
18188012,MONTGOMERY CTY SHERIFF DEPT,MONTGOMERY,US0060,971,WINCHESTER,RD,38.0525763,-83.9688893,3.628,7/25/2016,1752,2,2,0,0,CLEAR,DRY,FALSE,1 VEHICLE ENTERING/LEAVING ENTRANCE,ANGLE,STRAIGHT & HILLCREST,DAYLIGHT,5,O,087-US-0060  -000
18188013,MONTGOMERY CTY SHERIFF DEPT,MONTGOMERY,,,STEPSTONE,RD,38.0892875,-83.8333005,3.767,7/26/2016,1203,1,1,0,0,CLEAR,DRY,FALSE,COLLISION WITH ANIMAL NON INTERSECTION,SINGLE VEHICLE,STRAIGHT & LEVEL,DAYLIGHT,5,O,087-CR-1008  -000
18188014,MONTGOMERY CTY SHERIFF DEPT,MONTGOMERY,KY1331,,HOWARDS MILL,RD,38.0749741,-83.881403,1.393,7/23/2016,1724,2,2,0,0,CLEAR,DRY,FALSE,SIDESWIPE COLLISION - OPPOSITE DIRECTION,SIDESWIPE-OPPOSITE DIRECTION,CURVE & LEVEL,DAYLIGHT,5,O,087-KY-1331  -000
18188015,MONTGOMERY CTY SHERIFF DEPT,MONTGOMERY,KY0713,,SPENCER,PIKE,38.0589157,-83.9243344,7.276,7/23/2016,1200,2,2,0,0,CLEAR,DRY,FALSE,VEHICLE BACKING NON INTERSECTION,BACKING,STRAIGHT & GRADE,DAYLIGHT,5,O,087-KY-0713  -000
18188016,MONTGOMERY CTY SHERIFF DEPT,MONTGOMERY,US0060,,OWINGSVILLE,RD,38.086164,-83.8996382,8.489,7/27/2016,1206,2,2,0,0,CLEAR,DRY,FALSE,1 VEHICLE PARKED POSITION (NOT PARKING LOT/DRIVEWAY),ANGLE,STRAIGHT & LEVEL,DAYLIGHT,5,O,087-US-0060  -000
18188017,MONTGOMERY CTY SHERIFF DEPT,MONTGOMERY,KY0011,,LEVEE,RD,37.9672015,-83.9391531,3.788,7/27/2016,1112,2,2,0,4,CLEAR,DRY,FALSE,HEAD-ON COLLISION,HEAD ON,CURVE & LEVEL,DAYLIGHT,4,C,087-KY-0011  -000
18188019,MONTGOMERY CTY SHERIFF DEPT,MONTGOMERY,,,ALEXA,DR,38.0655256,-83.9552378,0.014,7/29/2016,1010,2,2,0,0,CLOUDY,DRY,FALSE,REAR END - ONE VEHICLE TURNING LEFT,REAR END,STRAIGHT & LEVEL,DAYLIGHT,5,O,087-CS-1064  -000
18188020,MONTGOMERY CTY SHERIFF DEPT,MONTGOMERY,KY0646,,WHITAKER,LN,38.023768,-83.9140356,13.865,7/29/2016,1030,1,1,0,1,CLOUDY,DRY,FALSE,COLLISION WITH FIXED OBJECT NON - INTERSECTION - FIRST EVENT COLLISION 09 - 32 EXCLUDING 16,SINGLE VEHICLE,STRAIGHT & LEVEL,DAYLIGHT,3,B,087-KY-0646  -000
18188023,MONTGOMERY CTY SHERIFF DEPT,MONTGOMERY,US0060,,OWINGSVILLE,RD,38.0923417,-83.8977174,8.935,7/26/2016,1545,2,2,0,0,CLEAR,DRY,FALSE,REAR END IN TRAFFIC LANES BOTH VEHICLES MOVING,REAR END,STRAIGHT & LEVEL,DAYLIGHT,5,O,087-US-0060  -000
18188025,MONTGOMERY CTY SHERIFF DEPT,MONTGOMERY,KY1331,,OLD OWINGSVILLE,RD,38.0829851,-83.9014144,0.003,8/1/2016,1411,2,2,0,0,RAINING,WET,FALSE,SIDESWIPE COLLISION - SAME DIRECTION,SIDESWIPE-SAME DIRECTION,CURVE & LEVEL,DAYLIGHT,5,O,087-KY-1331  -000
18188027,MONTGOMERY CTY SHERIFF DEPT,MONTGOMERY,US0060,,WINCHESTER,RD,38.0525541,-83.968741,3.636,8/4/2016,2016,1,1,0,0,CLOUDY,DRY,FALSE,COLLISION WITH ANIMAL NON INTERSECTION,SINGLE VEHICLE,STRAIGHT & LEVEL,DUSK,5,O,087-US-0060  -000
18188028,MONTGOMERY CTY SHERIFF DEPT,MONTGOMERY,,,OLD OWINGSVILLE,RD,38.0716556,-83.9168551,1.092,8/5/2016,1739,2,2,0,0,CLEAR,DRY,FALSE,REAR END - OTHER,REAR END,STRAIGHT & HILLCREST,DAYLIGHT,5,O,087-CR-1029  -000
18188029,MONTGOMERY CTY SHERIFF DEPT,MONTGOMERY,KY1991,1305,HINKSTON,PIKE,38.079625,-83.9329948,1.261,8/6/2016,1300,1,1,0,1,CLOUDY,WET,FALSE,RAN OFF ROADWAY (1 VEHICLE WITH/EARTH EMBANKMENT/DITCH),SINGLE VEHICLE,CURVE & LEVEL,DAYLIGHT,2,A,087-KY-1991  -000
18188033,MONTGOMERY CTY SHERIFF DEPT,MONTGOMERY,KY0646,,KIDDVILLE,RD,37.9910707,-83.975536,9.662,8/6/2016,1654,1,1,0,0,CLOUDY,WET,FALSE,RAN OFF ROADWAY (1 VEHICLE WITH/EARTH EMBANKMENT/DITCH),SINGLE VEHICLE,CURVE & LEVEL,DAYLIGHT,5,O,087-KY-0646  -000
18188035,MONTGOMERY CTY SHERIFF DEPT,MONTGOMERY,KY0686,,INDIAN MOUND DR MT STERLING,BYP,38.0650753,-83.9552832,0.878,8/10/2016,1340,2,2,0,0,CLOUDY,DRY,FALSE,REAR END IN TRAFFIC LANES BOTH VEHICLES MOVING,REAR END,STRAIGHT & LEVEL,DAYLIGHT,5,O,087-KY-0686  -000
18188036,MONTGOMERY CTY SHERIFF DEPT,MONTGOMERY,I 0064,,,,38.0872938,-83.8996497,0.374,8/9/2016,1518,2,2,0,0,CLEAR,DRY,FALSE,REAR END - ON RAMP,REAR END,STRAIGHT & LEVEL,DAYLIGHT,5,O,087-CR-1044  -000
18188037,MONTGOMERY CTY SHERIFF DEPT,MONTGOMERY,US0060,,OWINGSVILLE,RD,38.0889981,-83.8982316,8.701,8/9/2016,1713,2,2,0,0,CLOUDY,WET,FALSE,REAR END IN TRAFFIC LANES BOTH VEHICLES MOVING,REAR END,STRAIGHT & LEVEL,DAYLIGHT,5,O,087-US-0060  -000
18188038,MONTGOMERY CTY SHERIFF DEPT,MONTGOMERY,US0460,,CAMARGO,RD,37.9925828,-83.8838864,15.275,8/11/2016,735,2,2,0,0,CLEAR,DRY,FALSE,REAR END IN TRAFFIC LANES BOTH VEHICLES MOVING,REAR END,STRAIGHT & LEVEL,DAYLIGHT,5,O,087-US-0460  -000
18188039,MONTGOMERY CTY SHERIFF DEPT,MONTGOMERY,KY0646,,KIDDVILLE,RD,37.9911272,-83.9756308,9.663,8/9/2016,1753,1,1,0,0,CLOUDY,WET,FALSE,RAN OFF ROADWAY (1 VEHICLE WITH/EARTH EMBANKMENT/DITCH),SINGLE VEHICLE,CURVE & LEVEL,DAYLIGHT,5,O,087-KY-0646  -000
18188040,MONTGOMERY CTY SHERIFF DEPT,MONTGOMERY,,,SOUTHDALE,DR,38.0129178,-83.9479367,0.143,8/11/2016,1641,2,2,0,0,CLEAR,DRY,FALSE,1 VEHICLE PARKED POSITION (NOT PARKING LOT/DRIVEWAY),BACKING,STRAIGHT & LEVEL,DAYLIGHT,5,O,087-CR-1246A -000
18188045,MONTGOMERY CTY SHERIFF DEPT,MONTGOMERY,US0060,,WINCHESTER,RD,38.0493184,-83.9773051,3.107,8/8/2016,1630,2,2,0,0,CLEAR,DRY,FALSE,1 VEHICLE ENTERING/LEAVING ENTRANCE,ANGLE,STRAIGHT & GRADE,DAYLIGHT,5,O,087-US-0060  -000
18188046,MONTGOMERY CTY SHERIFF DEPT,MONTGOMERY,KY1991,1305,HINKSTON,PIKE,38.0799782,-83.9325817,1.292,8/6/2016,1652,1,1,0,0,CLOUDY,WET,FALSE,RAN OFF ROADWAY (1 VEHICLE WITH/EARTH EMBANKMENT/DITCH),SINGLE VEHICLE,CURVE & LEVEL,DAYLIGHT,5,O,087-KY-1991  -000
18188047,MONTGOMERY CTY SHERIFF DEPT,MONTGOMERY,US0060,,OWINGSVILLE,RD,38.0915982,-83.8975996,8.885,8/10/2016,1219,2,2,0,0,CLEAR,DRY,FALSE,1 VEHICLE PARKED POSITION (NOT PARKING LOT/DRIVEWAY),ANGLE,STRAIGHT & LEVEL,DAYLIGHT,5,O,087-US-0060  -000
18188049,MONTGOMERY CTY SHERIFF DEPT,MONTGOMERY,I 0064,,,,38.0795727,-83.9434622,109.98,8/11/2016,927,2,2,0,0,CLEAR,DRY,FALSE,SIDESWIPE COLLISION - SAME DIRECTION,SIDESWIPE-SAME DIRECTION,STRAIGHT & LEVEL,DAYLIGHT,5,O,087-I -0064  -000
18188050,MONTGOMERY CTY SHERIFF DEPT,MONTGOMERY,,,PARKVIEW PLACE MHP,,38.0755687,-83.9127673,0.007,8/11/2016,1706,2,2,0,0,CLEAR,DRY,FALSE,1 VEHICLE ENTERING OR LEAVING PARKED POSITION (NOT PARKING LOT),SIDESWIPE-SAME DIRECTION,STRAIGHT & GRADE,DAYLIGHT,5,O,087-PS-1039  -000
18188051,MONTGOMERY CTY SHERIFF DEPT,MONTGOMERY,I 0064,,,,38.064519,-84.0178102,105.725,8/13/2016,632,1,1,0,1,CLOUDY,DRY,FALSE,COLLISION WITH FIXED OBJECT NON - INTERSECTION - FIRST EVENT COLLISION 09 - 32 EXCLUDING 16,SINGLE VEHICLE,STRAIGHT & LEVEL,DAWN,4,C,087-I -0064  -000
18188054,MONTGOMERY CTY SHERIFF DEPT,MONTGOMERY,,451,PLUM LICK,RD,38.1403054,-84.0444003,0,8/12/2016,1514,1,1,0,0,CLEAR,DRY,FALSE,COLLISION WITH FIXED OBJECT NON - INTERSECTION - FIRST EVENT COLLISION 09 - 32 EXCLUDING 16,SINGLE VEHICLE,STRAIGHT & LEVEL,DAYLIGHT,5,O,087-CR-1317  -000
18188055,MONTGOMERY CTY SHERIFF DEPT,MONTGOMERY,,3028,OSBORNE,RD,38.0602671,-83.9011288,0.914,8/8/2016,2202,1,1,0,0,CLEAR,DRY,TRUE,COLLISION WITH FIXED OBJECT NON - INTERSECTION - FIRST EVENT COLLISION 09 - 32 EXCLUDING 16,SINGLE VEHICLE,STRAIGHT & LEVEL,DARK-HWY NOT LIGHTED,5,O,087-CR-1006  -000
18188056,MONTGOMERY CTY SHERIFF DEPT,MONTGOMERY,US0060,,OWINGSVILLE,RD,38.1147258,-83.887516,10.682,8/15/2016,105,1,1,0,1,CLOUDY,DRY,FALSE,RAN OFF ROADWAY (1 VEHICLE WITH/EARTH EMBANKMENT/DITCH),SINGLE VEHICLE,STRAIGHT & GRADE,DARK-HWY NOT LIGHTED,4,C,087-US-0060  -000