IncidentID,AgencyName,County,RdwyNumber,Street,RoadwayName,StreetSfx,Latitude,Longitude,Milepoint,CollisionDate,CollisionTime,UnitsInvolved,MotorVehiclesInvolved,NumberKilled,NumberInjured,Weather,RdwyConditionCode,HitandRun,DirAnalysisCode,MannerofCollision,RdwyCharacter,LightCondition,KABCO Code,KABCO,RT_UNIQUE
18456277,MONTGOMERY CTY SHERIFF DEPT,MONTGOMERY,US0060,,OWINGSVILLE,RD,38.0890491,-83.8982167,8.705,9/9/2016,1551,2,2,0,0,CLEAR,DRY,FALSE,REAR END IN TRAFFIC LANES BOTH VEHICLES MOVING,REAR END,STRAIGHT & LEVEL,DAYLIGHT,5,O,087-US-0060  -000
18456278,MONTGOMERY CTY SHERIFF DEPT,MONTGOMERY,US0460,,MAIN,ST,37.9633795,-83.8022097,20.241,9/18/2016,1742,1,1,0,0,CLEAR,DRY,FALSE,RAN OFF ROADWAY (1 VEHICLE WITH/EARTH EMBANKMENT/DITCH),SINGLE VEHICLE,CURVE & GRADE,DAYLIGHT,5,O,087-US-0460  -000
18456279,MONTGOMERY CTY SHERIFF DEPT,MONTGOMERY,US0060,,OWINGSVILLE,RD,38.1080714,-83.895777,10.044,9/30/2016,1708,2,2,0,3,CLEAR,DRY,FALSE,1 VEHICLE ENTERING/LEAVING ENTRANCE,ANGLE,CURVE & LEVEL,DAYLIGHT,4,C,087-US-0060  -000
18456280,MONTGOMERY CTY SHERIFF DEPT,MONTGOMERY,KY0011,,MAYSVILLE,RD,38.1298203,-83.9586908,13.011,8/28/2016,1634,2,2,0,0,CLOUDY,DRY,FALSE,1 VEHICLE ENTERING/LEAVING ENTRANCE,ANGLE,STRAIGHT & HILLCREST,DAYLIGHT,5,O,087-KY-0011  -000
18456283,MONTGOMERY CTY SHERIFF DEPT,MONTGOMERY,US0460,,CAMARGO,RD,37.993962,-83.8872974,15.069,9/20/2016,1757,2,2,0,0,CLEAR,DRY,FALSE,REAR END IN TRAFFIC LANES BOTH VEHICLES MOVING,REAR END,STRAIGHT & LEVEL,DAYLIGHT,5,O,087-US-0460  -000
18456284,MONTGOMERY CTY SHERIFF DEPT,MONTGOMERY,KY0646,,KIDDVILLE,RD,37.9853353,-83.9815901,8.924,5/5/2016,1100,1,1,0,0,CLEAR,DRY,FALSE,COLLISION WITH FIXED OBJECT NON - INTERSECTION - FIRST EVENT COLLISION 09 - 32 EXCLUDING 16,SINGLE VEHICLE,CURVE & GRADE,DAYLIGHT,5,O,087-KY-0646  -000
18456287,MONTGOMERY CTY SHERIFF DEPT,MONTGOMERY,KY0646,,KIDDVILLE,RD,37.9726673,-83.9874849,8.043,7/13/2016,1625,2,2,0,0,CLEAR,DRY,FALSE,SIDESWIPE COLLISION - OPPOSITE DIRECTION,SIDESWIPE-OPPOSITE DIRECTION,STRAIGHT & LEVEL,DAYLIGHT,5,O,087-KY-0646  -000
18456288,MONTGOMERY CTY SHERIFF DEPT,MONTGOMERY,KY0686,,INDIAN MOUND,DR,38.0655676,-83.9554953,0.85,7/21/2016,748,2,2,0,0,CLEAR,DRY,FALSE,1 VEHICLE ENTERING/LEAVING ENTRANCE,ANGLE,STRAIGHT & LEVEL,DAYLIGHT,5,O,087-KY-0686  -000
18456289,MONTGOMERY CTY SHERIFF DEPT,MONTGOMERY,KY0646,,WILLOUGHBY TOWN,RD,37.9428748,-83.8699097,0.318,9/1/2016,1055,1,1,0,0,CLEAR,DRY,FALSE,RAN OFF ROADWAY (1 VEHICLE WITH/EARTH EMBANKMENT/DITCH),SINGLE VEHICLE,CURVE & GRADE,DAYLIGHT,5,O,087-KY-0646  -000
18456290,MONTGOMERY CTY SHERIFF DEPT,MONTGOMERY,KY0713,2855,SPENCER,PIKE,38.0441477,-83.8992488,9.03,9/17/2016,1221,2,2,0,1,CLEAR,DRY,FALSE,REAR END IN TRAFFIC LANES BOTH VEHICLES MOVING,REAR END,CURVE & LEVEL,DAYLIGHT,4,C,087-KY-0713  -000
18456291,MONTGOMERY CTY SHERIFF DEPT,MONTGOMERY,US0460,,CAMARGO,RD,37.9934132,-83.8860426,15.146,9/20/2016,1741,2,2,0,0,CLEAR,DRY,FALSE,1 VEHICLE ENTERING/LEAVING ENTRANCE,ANGLE,STRAIGHT & HILLCREST,DAYLIGHT,5,O,087-US-0460  -000
18456293,MONTGOMERY CTY SHERIFF DEPT,MONTGOMERY,KY0011,,MAYSVILLE,RD,38.1196812,-83.9602658,12.308,9/21/2016,1250,1,1,0,0,CLEAR,DRY,FALSE,RAN OFF ROADWAY (1 VEHICLE WITH/EARTH EMBANKMENT/DITCH),SINGLE VEHICLE,CURVE & HILLCREST,DAYLIGHT,5,O,087-KY-0011  -000
18456295,MONTGOMERY CTY SHERIFF DEPT,MONTGOMERY,US0460,,CAMARGO,RD,38.0063711,-83.9038104,13.754,9/27/2016,2045,1,1,0,0,CLEAR,DRY,FALSE,COLLISION WITH NON-FIXED OBJECT ,SINGLE VEHICLE,STRAIGHT & GRADE,DARK-HWY NOT LIGHTED,5,O,087-US-0460  -000
18456297,MONTGOMERY CTY SHERIFF DEPT,MONTGOMERY,KY0646,,KIDDVILLE,RD,37.9995258,-83.9670632,10.45,9/13/2016,1055,1,1,0,0,CLEAR,DRY,TRUE,RAN OFF ROADWAY (1 VEHICLE WITH/EARTH EMBANKMENT/DITCH),SINGLE VEHICLE,CURVE & LEVEL,DAYLIGHT,5,O,087-KY-0646  -000
18456298,MONTGOMERY CTY SHERIFF DEPT,MONTGOMERY,KY0686,,INDIAN MOUND,DR,38.0408441,-83.9389503,3.244,9/26/2016,1910,2,2,0,0,CLEAR,DRY,FALSE,1 VEHICLE ENTERING/LEAVING ENTRANCE,ANGLE,STRAIGHT & HILLCREST,DAYLIGHT,5,O,087-KY-0686  -000
18456300,MONTGOMERY CTY SHERIFF DEPT,MONTGOMERY,I 0064,,,,38.0861763,-83.9166348,111.512,9/23/2016,2017,1,1,0,0,CLEAR,DRY,FALSE,COLLISION WITH FIXED OBJECT NON - INTERSECTION - FIRST EVENT COLLISION 09 - 32 EXCLUDING 16,SINGLE VEHICLE,STRAIGHT & LEVEL,DARK-HWY NOT LIGHTED,5,O,087-I -0064  -000
18456302,MONTGOMERY CTY SHERIFF DEPT,MONTGOMERY,I 0064,,,,38.0893946,-83.8976077,0.261,9/26/2016,1524,2,2,0,0,CLEAR,DRY,FALSE,REAR END - ON RAMP,REAR END,STRAIGHT & GRADE,DAYLIGHT,5,O,087-CR-1042  -000
18456303,MONTGOMERY CTY SHERIFF DEPT,MONTGOMERY,KY0213,,BEDFORD,RD,37.9935833,-83.8432423,6.62,10/3/2016,1944,2,2,0,0,CLEAR,DRY,FALSE,SIDESWIPE COLLISION - OPPOSITE DIRECTION,SIDESWIPE-OPPOSITE DIRECTION,STRAIGHT & GRADE,DARK-HWY NOT LIGHTED,5,O,087-KY-0213  -000
18456305,MONTGOMERY CTY SHERIFF DEPT,MONTGOMERY,KY0713,7855,SPENCER,PIKE,38.0250384,-83.8089968,14.627,10/2/2016,2200,1,1,0,1,RAINING,WET,FALSE,COLLISION WITH FIXED OBJECT NON - INTERSECTION - FIRST EVENT COLLISION 09 - 32 EXCLUDING 16,SINGLE VEHICLE,CURVE & GRADE,DARK-HWY NOT LIGHTED,3,B,087-KY-0713  -000
18456306,MONTGOMERY CTY SHERIFF DEPT,MONTGOMERY,,,TROJAN,ST,38.0756199,-83.9126561,0.135,10/6/2016,1130,2,2,0,0,CLEAR,DRY,FALSE,1 VEHICLE ENTERING/LEAVING ENTRANCE,ANGLE,STRAIGHT & HILLCREST,DAYLIGHT,5,O,087-CR-1022C -000
18456308,MONTGOMERY CTY SHERIFF DEPT,MONTGOMERY,KY0646,,WILLOUGHBY TOWN,RD,37.9526057,-83.8915239,1.786,10/7/2016,1534,1,1,0,3,CLEAR,DRY,FALSE,RAN OFF ROADWAY (1 VEHICLE WITH/EARTH EMBANKMENT/DITCH),SINGLE VEHICLE,CURVE & HILLCREST,DAYLIGHT,4,C,087-KY-0646  -000
18456309,MONTGOMERY CTY SHERIFF DEPT,MONTGOMERY,US0060,,WINCHESTER,RD,38.0531448,-83.963403,3.929,10/6/2016,1816,3,3,0,5,CLEAR,DRY,FALSE,REAR END - ONE VEHICLE STOPPED,REAR END,STRAIGHT & HILLCREST,DAYLIGHT,4,C,087-US-0060  -000
18456310,MONTGOMERY CTY SHERIFF DEPT,MONTGOMERY,KY0646,8625,CREAM ALLEY,RD,37.9683493,-83.9226234,3.843,10/10/2016,1045,1,1,0,0,CLEAR,DRY,FALSE,RAN OFF ROADWAY (1 VEHICLE WITH/EARTH EMBANKMENT/DITCH),SINGLE VEHICLE,STRAIGHT & HILLCREST,DAYLIGHT,5,O,087-KY-0646  -000
18456311,MONTGOMERY CTY SHERIFF DEPT,MONTGOMERY,KY0011,1751,LEVEE,RD,38.0256321,-83.94833,8.194,10/8/2016,1737,1,1,0,2,CLEAR,DRY,FALSE,RAN OFF ROADWAY (1 VEHICLE WITH/EARTH EMBANKMENT/DITCH),SINGLE VEHICLE,STRAIGHT & LEVEL,DAYLIGHT,3,B,087-KY-0011  -000
18456312,MONTGOMERY CTY SHERIFF DEPT,MONTGOMERY,US0460,,CAMARGO,RD,38.0267507,-83.9211937,12.007,10/10/2016,805,2,2,1,1,CLEAR,DRY,FALSE,HEAD-ON COLLISION,HEAD ON,STRAIGHT & LEVEL,DAYLIGHT,1,K,087-US-0460  -000
18456316,MONTGOMERY CTY SHERIFF DEPT,MONTGOMERY,US0460,9110,MAIN,ST,37.9705678,-83.8335431,18.419,10/16/2016,1002,3,3,0,0,CLEAR,DRY,FALSE,REAR END IN TRAFFIC LANES BOTH VEHICLES MOVING,REAR END,STRAIGHT & GRADE,DAYLIGHT,5,O,087-US-0460  -000
18456317,MONTGOMERY CTY SHERIFF DEPT,MONTGOMERY,US0460,,MAIN,ST,37.9763655,-83.8509869,17.437,10/16/2016,1049,2,2,0,1,CLEAR,DRY,FALSE,1 VEHICLE ENTERING/LEAVING ENTRANCE,ANGLE,STRAIGHT & LEVEL,DAYLIGHT,2,A,087-US-0460  -000
18456320,MONTGOMERY CTY SHERIFF DEPT,MONTGOMERY,,,QUEENSWAY,DR,38.0375758,-83.9454969,0.009,10/17/2016,645,2,2,0,0,CLEAR,DRY,FALSE,1 VEHICLE PARKED POSITION (NOT PARKING LOT/DRIVEWAY),BACKING,STRAIGHT & LEVEL,DARK-HWY NOT LIGHTED,5,O,087-CR-1243C -000
18458842,MT. STERLING POLICE DEPARTMENT,MONTGOMERY,US0060,,MAIN,ST,38.059609,-83.9333447,5.672,10/15/2016,1702,2,2,0,0,CLEAR,DRY,FALSE,1 VEHICLE ENTERING/LEAVING ENTRANCE,ANGLE,STRAIGHT & LEVEL,DAYLIGHT,5,O,087-US-0060  -000
18465134,MT. STERLING POLICE DEPARTMENT,MONTGOMERY,,,YOUNG,LN,38.0744898,-83.9524919,0,10/19/2016,1912,2,2,0,0,CLEAR,DRY,FALSE,SIDESWIPE COLLISION - SAME DIRECTION,SIDESWIPE-SAME DIRECTION,STRAIGHT & LEVEL,DARK-HWY LIGHTED/ON,5,O,087-KY-2929  -000
18475291,MT. STERLING POLICE DEPARTMENT,MONTGOMERY,KY0686,810,INDIAN MOUND,DR,38.0627969,-83.9554285,1.036,10/20/2016,1110,2,2,0,0,RAINING,WET,FALSE,OTHER ROADWAY OR MID-BLOCK COLLISION,OPPOSING LEFT TURN,STRAIGHT & LEVEL,DAYLIGHT,5,O,087-KY-0686  -000
18477791,MT. STERLING POLICE DEPARTMENT,MONTGOMERY,KY0686,,INDIAN MOUND,DR,38.0598759,-83.9558394,1.241,10/15/2016,2010,2,2,0,0,CLEAR,DRY,FALSE,1 VEHICLE ENTERING/LEAVING ENTRANCE,ANGLE,STRAIGHT & LEVEL,DARK-HWY LIGHTED/ON,5,O,087-KY-0686  -000
18477792,MT. STERLING POLICE DEPARTMENT,MONTGOMERY,,679,VANCE,DR,38.0749531,-83.9514832,0.109,10/21/2016,2227,1,1,0,0,CLEAR,WET,TRUE,OTHER COLLISIONS ON SHOULDER,SINGLE VEHICLE,STRAIGHT & LEVEL,DARK-HWY LIGHTED/ON,5,O,087-CS-1115  -000
18477793,MT. STERLING POLICE DEPARTMENT,MONTGOMERY,US0460,,MAYSVILLE,RD,38.0760377,-83.9489919,8.148,10/21/2016,2015,2,2,0,0,CLEAR,DRY,FALSE,SIDESWIPE COLLISION - SAME DIRECTION,SIDESWIPE-SAME DIRECTION,STRAIGHT & LEVEL,DARK-HWY LIGHTED/ON,5,O,087-US-0460  -000
18486341,MT. STERLING POLICE DEPARTMENT,MONTGOMERY,US0060,403,MAIN,ST,38.0582325,-83.9349305,5.541,10/17/2016,1956,1,1,0,0,CLEAR,DRY,FALSE,COLLISION WITH FIXED OBJECT NON - INTERSECTION - FIRST EVENT COLLISION 09 - 32 EXCLUDING 16,SINGLE VEHICLE,CURVE & LEVEL,DUSK,5,O,087-US-0060  -000
18486343,MT. STERLING POLICE DEPARTMENT,MONTGOMERY,US0460,,CAMARGO,RD,38.04194,-83.9343811,10.699,10/24/2016,1621,2,2,0,1,CLEAR,DRY,FALSE,ANGLE COLLISION - BOTH VEHICLES GOING STRAIGHT,ANGLE,STRAIGHT & LEVEL,DAYLIGHT,4,C,087-US-0460  -000
18488541,MONTGOMERY CTY SHERIFF DEPT,MONTGOMERY,KY0686,,INDIAN MOUND,DR,38.0408538,-83.9389626,3.243,10/17/2016,1022,2,2,0,4,CLEAR,DRY,FALSE,1 VEHICLE ENTERING/LEAVING ENTRANCE,ANGLE,CURVE & HILLCREST,DARK-HWY LIGHTED/ON,3,B,087-KY-0686  -000
18488542,MONTGOMERY CTY SHERIFF DEPT,MONTGOMERY,US0460,10325,MAIN,ST,37.9639917,-83.8101525,19.786,10/18/2016,219,1,1,0,1,CLEAR,DRY,FALSE,COLLISION WITH FIXED OBJECT NON - INTERSECTION - FIRST EVENT COLLISION 09 - 32 EXCLUDING 16,SINGLE VEHICLE,CURVE & LEVEL,DARK-HWY NOT LIGHTED,3,B,087-US-0460  -000
18488543,MONTGOMERY CTY SHERIFF DEPT,MONTGOMERY,KY0537,,BUNKER HILL,RD,38.1387334,-83.9930724,1.896,10/19/2016,56,1,1,0,0,CLEAR,DRY,FALSE,COLLISION WITH FIXED OBJECT NON - INTERSECTION - FIRST EVENT COLLISION 09 - 32 EXCLUDING 16,SINGLE VEHICLE,CURVE & LEVEL,DARK-HWY NOT LIGHTED,5,O,087-KY-0537  -000
18488544,MONTGOMERY CTY SHERIFF DEPT,MONTGOMERY,,100,CHANDLER,LN,38.0885198,-83.9023177,0.318,10/19/2016,846,2,2,0,0,CLEAR,DRY,FALSE,SIDESWIPE COLLISION - OPPOSITE DIRECTION,SIDESWIPE-OPPOSITE DIRECTION,CURVE & HILLCREST,DAYLIGHT,5,O,087-CR-1019J -000
18488547,MONTGOMERY CTY SHERIFF DEPT,MONTGOMERY,US0060,,OWINGSVILLE,RD,38.1310755,-83.8764982,12.032,10/20/2016,1330,2,2,0,3,RAINING,WET,FALSE,1 VEHICLE ENTERING/LEAVING ENTRANCE,ANGLE,CURVE & LEVEL,DAYLIGHT,2,A,087-US-0060  -000
18510601,MT. STERLING POLICE DEPARTMENT,MONTGOMERY,US0460,,MAYSVILLE,ST,38.0654662,-83.9452089,8.905,10/20/2016,1516,2,2,0,1,CLEAR,DRY,FALSE,REAR END IN TRAFFIC LANES BOTH VEHICLES MOVING,REAR END,STRAIGHT & HILLCREST,DAYLIGHT,4,C,087-US-0460  -000
18510602,MT. STERLING POLICE DEPARTMENT,MONTGOMERY,KY0686,,INDIAN MOUND,DR,38.0537611,-83.9563805,1.66,10/28/2016,712,2,2,0,0,CLEAR,DRY,FALSE,REAR END - OTHER,REAR END,STRAIGHT & LEVEL,DARK-HWY LIGHTED/ON,5,O,087-KY-0686  -000
18554359,MT. STERLING POLICE DEPARTMENT,MONTGOMERY,KY0011,,LEVEE,RD,38.0413841,-83.9477801,9.258,11/1/2016,1207,2,2,0,0,CLEAR,DRY,FALSE,REAR END IN TRAFFIC LANES BOTH VEHICLES MOVING,REAR END,STRAIGHT & LEVEL,DAYLIGHT,5,O,087-KY-0011  -000
18554360,MT. STERLING POLICE DEPARTMENT,MONTGOMERY,,,PATSY,WAY,38.0709614,-83.9547826,0.019,11/1/2016,1457,2,2,0,0,CLEAR,DRY,FALSE,REAR END IN TRAFFIC LANES BOTH VEHICLES MOVING,REAR END,STRAIGHT & LEVEL,DAYLIGHT,5,O,087-CS-1500  -000
18570620,MT. STERLING POLICE DEPARTMENT,MONTGOMERY,KY0686,499,INDIAN MOUND,DR,38.0676476,-83.9553935,0.699,11/2/2016,1753,2,2,0,0,CLEAR,DRY,FALSE,VEHICLE BACKING NON INTERSECTION,BACKING,STRAIGHT & LEVEL,DAYLIGHT,5,O,087-KY-0686  -000
18570621,MT. STERLING POLICE DEPARTMENT,MONTGOMERY,,,FALCON,DR,38.0758975,-83.9446574,0.207,11/6/2016,408,1,1,0,0,CLEAR,DRY,FALSE,COLLISION WITH FIXED OBJECT NON - INTERSECTION - FIRST EVENT COLLISION 09 - 32 EXCLUDING 16,SINGLE VEHICLE,CURVE & LEVEL,DARK-HWY LIGHTED/ON,5,O,087-CS-1119  -000
18571509,MT. STERLING POLICE DEPARTMENT,MONTGOMERY,,,HIGH,ST,38.0588007,-83.9370188,0.31,11/5/2016,1214,2,2,0,1,CLEAR,DRY,FALSE,SIDESWIPE-SAME DIRECTION,SIDESWIPE-SAME DIRECTION,STRAIGHT & GRADE,DAYLIGHT,2,A,087-CS-1052  -000
18577893,MT. STERLING POLICE DEPARTMENT,MONTGOMERY,KY0686,,INDIAN MOUND,DR,38.0538564,-83.9562473,1.657,11/6/2016,1309,2,2,0,0,CLEAR,DRY,FALSE,ANGLE COLLISION - BOTH VEHICLES GOING STRAIGHT,ANGLE,STRAIGHT & LEVEL,DAYLIGHT,5,O,087-KY-0686  -000
18577894,MT. STERLING POLICE DEPARTMENT,MONTGOMERY,,540,HIGH,ST,38.059523,-83.9339368,0.484,11/7/2016,1258,2,2,0,0,CLEAR,DRY,FALSE,VEHICLE BACKING NON INTERSECTION,BACKING,STRAIGHT & LEVEL,DAYLIGHT,5,O,087-CS-1073  -000
18580643,MT. STERLING POLICE DEPARTMENT,MONTGOMERY,US0460,,MAYSVILLE,RD,38.0793815,-83.9496794,7.909,11/9/2016,1631,2,2,0,0,CLOUDY,DRY,FALSE,REAR END IN TRAFFIC LANES BOTH VEHICLES MOVING,REAR END,STRAIGHT & LEVEL,DAYLIGHT,5,O,087-US-0460  -000
18588950,MT. STERLING POLICE DEPARTMENT,MONTGOMERY,KY0713,,HIGH,ST,38.0571742,-83.9495382,6.159,11/11/2016,1156,1,1,0,0,CLEAR,DRY,FALSE,COLLISION WITH FIXED OBJECT NON - INTERSECTION - FIRST EVENT COLLISION 09 - 32 EXCLUDING 16,SINGLE VEHICLE,STRAIGHT & HILLCREST,DAYLIGHT,5,O,087-KY-0713  -000
18597029,MT. STERLING POLICE DEPARTMENT,MONTGOMERY,KY1991,,HINKSTON,PIKE,38.0654345,-83.9448614,0.018,11/7/2016,853,1,1,0,0,CLEAR,DRY,FALSE,COLLISION WITH FIXED OBJECT NON - INTERSECTION - FIRST EVENT COLLISION 09 - 32 EXCLUDING 16,SINGLE VEHICLE,STRAIGHT & GRADE,DAYLIGHT,5,O,087-KY-1991  -000
18597031,MT. STERLING POLICE DEPARTMENT,MONTGOMERY,,,VANCE,DR,38.0739831,-83.9513462,0.041,11/14/2016,1146,1,1,0,0,CLEAR,DRY,FALSE,COLLISION WITH FIXED OBJECT NON - INTERSECTION - FIRST EVENT COLLISION 09 - 32 EXCLUDING 16,SINGLE VEHICLE,STRAIGHT & GRADE,DAYLIGHT,5,O,087-CS-1115  -000
18599723,MT. STERLING POLICE DEPARTMENT,MONTGOMERY,KY0686,,INDIAN MOUND,DR,38.0665468,-83.9552053,0.777,11/14/2016,32,1,1,0,0,CLEAR,DRY,FALSE,COLLISION WITH ANIMAL NON INTERSECTION,SINGLE VEHICLE,STRAIGHT & LEVEL,DARK-HWY LIGHTED/ON,5,O,087-KY-0686  -000
18618136,MT. STERLING POLICE DEPARTMENT,MONTGOMERY,KY0686,,INDIAN MOUND,DR,38.0710584,-83.9548952,0.433,11/16/2016,740,2,2,0,3,CLEAR,DRY,FALSE,OPPOSING LEFT TURN,OPPOSING LEFT TURN,STRAIGHT & LEVEL,DAYLIGHT,3,B,087-KY-0686  -000
18626040,MT. STERLING POLICE DEPARTMENT,MONTGOMERY,KY0686,,INDIAN MOUND,DR,38.0734156,-83.9511434,0.172,11/19/2016,1833,2,2,0,3,CLOUDY,DRY,FALSE,ANGLE COLLISION - BOTH VEHICLES GOING STRAIGHT,ANGLE,STRAIGHT & LEVEL,DARK-HWY LIGHTED/ON,3,B,087-KY-0686  -000
18626041,MT. STERLING POLICE DEPARTMENT,MONTGOMERY,US0460,,MAYSVILLE,RD,38.0802603,-83.9496471,7.848,11/20/2016,1110,2,2,0,0,CLEAR,DRY,FALSE,ANGLE COLLISION - ONE VEHICLE TURNING LEFT,ANGLE,STRAIGHT & GRADE,DAYLIGHT,5,O,087-US-0460  -000
18630462,MONTGOMERY CTY SHERIFF DEPT,MONTGOMERY,KY0011,,LEVEE,RD,37.9710036,-83.9352914,4.131,10/17/2016,1836,1,1,0,0,CLEAR,DRY,FALSE,RAN OFF ROADWAY (1 VEHICLE WITH/EARTH EMBANKMENT/DITCH),SINGLE VEHICLE,CURVE & LEVEL,DAYLIGHT,5,O,087-KY-0011  -000
18630464,MONTGOMERY CTY SHERIFF DEPT,MONTGOMERY,US0060,,WINCHESTER,RD,38.0466182,-83.9868032,2.558,11/13/2016,1534,1,1,0,2,CLEAR,DRY,FALSE,RAN OFF ROADWAY (1 VEHICLE WITH/EARTH EMBANKMENT/DITCH),SINGLE VEHICLE,CURVE & HILLCREST,DAYLIGHT,4,C,087-US-0060  -000
18630465,MONTGOMERY CTY SHERIFF DEPT,MONTGOMERY,US0060,,OWINGSVILLE,RD,38.0832856,-83.9007456,8.293,11/14/2016,1840,1,1,0,1,CLEAR,DRY,FALSE,OTHER ROADWAY OR MID-BLOCK COLLISION,SINGLE VEHICLE,CURVE & LEVEL,DARK-HWY NOT LIGHTED,4,C,087-US-0060  -000
18630467,MONTGOMERY CTY SHERIFF DEPT,MONTGOMERY,KY0686,,INDIAN MOUND,DR,38.0730167,-83.9176819,6.195,11/19/2016,851,2,2,0,0,CLOUDY,WET,FALSE,1 VEHICLE ENTERING/LEAVING ENTRANCE,ANGLE,STRAIGHT & GRADE,DAYLIGHT,5,O,087-KY-0686  -000
18630468,MONTGOMERY CTY SHERIFF DEPT,MONTGOMERY,,,FOGG,PIKE,38.0413608,-83.9542487,0.353,11/11/2016,1941,2,1,0,1,CLEAR,DRY,FALSE,COLLISION WITH PEDESTRIAN NON - INTERSECTION,SINGLE VEHICLE,STRAIGHT & LEVEL,DARK-HWY NOT LIGHTED,4,C,087-CR-1227  -000
18630469,MONTGOMERY CTY SHERIFF DEPT,MONTGOMERY,KY0713,,SPENCER,PIKE,38.0293351,-83.849323,12.169,10/25/2016,326,1,1,0,1,CLEAR,DRY,FALSE,RAN OFF ROADWAY (1 VEHICLE WITH/EARTH EMBANKMENT/DITCH),SINGLE VEHICLE,CURVE & HILLCREST,DARK-HWY NOT LIGHTED,4,C,087-KY-0713  -000
18630470,MONTGOMERY CTY SHERIFF DEPT,MONTGOMERY,US0060,,WINCHESTER,RD,38.0492334,-83.977487,3.098,10/29/2016,1455,2,2,0,0,CLEAR,DRY,FALSE,REAR END IN TRAFFIC LANES BOTH VEHICLES MOVING,REAR END,STRAIGHT & LEVEL,DAYLIGHT,5,O,087-US-0060  -000
18630471,MONTGOMERY CTY SHERIFF DEPT,MONTGOMERY,US0060,,WINCHESTER,RD,38.048622,-83.978375,3.042,11/1/2016,1704,2,2,0,0,CLEAR,DRY,FALSE,REAR END IN TRAFFIC LANES BOTH VEHICLES MOVING,REAR END,STRAIGHT & LEVEL,DAYLIGHT,5,O,087-US-0060  -000
18630472,MONTGOMERY CTY SHERIFF DEPT,MONTGOMERY,I 0064,,,,38.0743219,-83.9727532,108.279,10/9/2016,1603,2,2,0,0,CLEAR,DRY,FALSE,SIDESWIPE COLLISION - SAME DIRECTION,SIDESWIPE-SAME DIRECTION,STRAIGHT & LEVEL,DAYLIGHT,5,O,087-I -0064  -000
18630475,MONTGOMERY CTY SHERIFF DEPT,MONTGOMERY,US0460,,CAMARGO,RD,38.0052438,-83.9031484,13.841,10/2/2016,500,1,1,0,0,CLEAR,DRY,FALSE,COLLISION WITH FIXED OBJECT NON - INTERSECTION - FIRST EVENT COLLISION 09 - 32 EXCLUDING 16,SINGLE VEHICLE,STRAIGHT & GRADE,DARK-HWY NOT LIGHTED,5,O,087-US-0460  -000
18630478,MONTGOMERY CTY SHERIFF DEPT,MONTGOMERY,US0460,,MAIN,ST,37.974222,-83.8441348,17.81,10/22/2016,1306,2,2,0,3,CLEAR,DRY,FALSE,1 VEHICLE ENTERING/LEAVING ENTRANCE,ANGLE,STRAIGHT & LEVEL,DAYLIGHT,4,C,087-US-0460  -000
18630481,MONTGOMERY CTY SHERIFF DEPT,MONTGOMERY,I 0064,,,,38.0638973,-84.0192037,105.644,10/21/2016,730,1,1,0,0,RAINING,WET,FALSE,COLLISION WITH FIXED OBJECT NON - INTERSECTION - FIRST EVENT COLLISION 09 - 32 EXCLUDING 16,SINGLE VEHICLE,STRAIGHT & LEVEL,DAYLIGHT,5,O,087-I -0064  -000
18630482,MONTGOMERY CTY SHERIFF DEPT,MONTGOMERY,,,HARPERS RIDGE,RD,38.0517405,-83.845112,1.615,10/27/2016,900,1,1,0,1,RAINING,WET,FALSE,RAN OFF ROADWAY (1 VEHICLE WITH/EARTH EMBANKMENT/DITCH),SINGLE VEHICLE,CURVE & GRADE,DAYLIGHT,4,C,087-CR-1007  -000
18630483,MONTGOMERY CTY SHERIFF DEPT,MONTGOMERY,KY0686,,INDIAN MOUND,DR,38.0731704,-83.9177081,6.205,10/27/2016,945,2,2,0,0,RAINING,WET,FALSE,1 VEHICLE ENTERING/LEAVING ENTRANCE,ANGLE,STRAIGHT & GRADE,DAYLIGHT,5,O,087-KY-0686  -000
18630485,MONTGOMERY CTY SHERIFF DEPT,MONTGOMERY,US0060,,OWINGSVILLE,RD,38.128689,-83.8762548,11.877,10/28/2016,728,1,1,0,0,CLEAR,DRY,FALSE,OVERTURNED IN ROADWAY,SINGLE VEHICLE,CURVE & GRADE,DAWN,5,O,087-US-0060  -000
18630486,MONTGOMERY CTY SHERIFF DEPT,MONTGOMERY,KY0646,2045,KIDDVILLE,RD,37.9911711,-83.9757078,9.665,10/28/2016,1000,1,1,0,0,CLEAR,DRY,FALSE,RAN OFF ROADWAY (1 VEHICLE WITH/EARTH EMBANKMENT/DITCH),SINGLE VEHICLE,CURVE & LEVEL,DAYLIGHT,5,O,087-KY-0646  -000
18630489,MONTGOMERY CTY SHERIFF DEPT,MONTGOMERY,KY1331,,HOWARDS MILL,RD,38.0647665,-83.8478417,3.433,10/31/2016,30,1,1,0,0,CLEAR,DRY,FALSE,COLLISION WITH FIXED OBJECT NON - INTERSECTION - FIRST EVENT COLLISION 09 - 32 EXCLUDING 16,SINGLE VEHICLE,CURVE & LEVEL,DARK-HWY NOT LIGHTED,5,O,087-KY-1331  -000
18630490,MONTGOMERY CTY SHERIFF DEPT,MONTGOMERY,KY1991,,HINKSTON,PIKE,38.0794974,-83.9330855,1.251,10/31/2016,1358,2,2,0,0,CLEAR,DRY,FALSE,SIDESWIPE COLLISION - OPPOSITE DIRECTION,SIDESWIPE-OPPOSITE DIRECTION,STRAIGHT & LEVEL,DAYLIGHT,5,O,087-KY-1991  -000