IncidentID,AgencyName,County,RdwyNumber,Street,RoadwayName,StreetSfx,Latitude,Longitude,Milepoint,CollisionDate,CollisionTime,UnitsInvolved,MotorVehiclesInvolved,NumberKilled,NumberInjured,Weather,RdwyConditionCode,HitandRun,DirAnalysisCode,MannerofCollision,RdwyCharacter,LightCondition,KABCO Code,KABCO,RT_UNIQUE
19274642,MONTGOMERY CTY SHERIFF DEPT,MONTGOMERY,KY0686,,INDIAN MOUND,DR,38.0580555,-83.9561138,1.364,3/2/2017,2028,2,2,0,2,CLEAR,DRY,FALSE,1 VEHICLE ENTERING/LEAVING ENTRANCE,ANGLE,STRAIGHT & LEVEL,DARK-HWY LIGHTED/ON,4,C,087-KY-0686  -000
19280990,MT. STERLING POLICE DEPARTMENT,MONTGOMERY,KY0011,,LEVEE,RD,38.04653522,-83.9440638,9.673,3/10/2017,1539,2,2,0,0,CLEAR,DRY,FALSE,ANGLE COLLISION - ONE VEHICLE TURNING LEFT,ANGLE,STRAIGHT & LEVEL,DAYLIGHT,5,O,087-KY-0011  -000
19280991,MT. STERLING POLICE DEPARTMENT,MONTGOMERY,,,TIGHLMAN,WAY,38.04082258,-83.93895364,0.012,3/10/2017,1724,2,2,0,0,CLEAR,DRY,FALSE,REAR END IN TRAFFIC LANES BOTH VEHICLES MOVING,REAR END,STRAIGHT & LEVEL,DAYLIGHT,5,O,087-CS-1163  -000
19280994,MT. STERLING POLICE DEPARTMENT,MONTGOMERY,US0460,,MAYSVILLE,RD,38.07790563,-83.94956369,8.02,3/10/2017,1551,2,2,0,0,CLEAR,DRY,FALSE,OTHER ROADWAY OR MID-BLOCK COLLISION,REAR END,STRAIGHT & LEVEL,DAYLIGHT,5,O,087-US-0460  -000
19292458,MT. STERLING POLICE DEPARTMENT,MONTGOMERY,US0060,49,MAIN,ST,38.05628364,-83.94278405,5.055,3/10/2017,1145,1,1,0,0,CLEAR,DRY,FALSE,COLLISION WITH FIXED OBJECT NON - INTERSECTION - FIRST EVENT COLLISION 09 - 32 EXCLUDING 16,SINGLE VEHICLE,STRAIGHT & LEVEL,DAYLIGHT,5,O,087-US-0060  -000
19328602,MT. STERLING POLICE DEPARTMENT,MONTGOMERY,,,WHITLEDGE,HTS,38.04656934,-83.94985191,0.025,3/12/2017,1602,2,2,0,0,CLEAR,DRY,FALSE,1 VEHICLE PARKED POSITION (NOT PARKING LOT/DRIVEWAY),BACKING,STRAIGHT & LEVEL,DAYLIGHT,5,O,087-CS-1033  -000
19328604,MT. STERLING POLICE DEPARTMENT,MONTGOMERY,KY0686,,INDIAN MOUND,DR,38.06734087,-83.95542435,0.721,3/16/2017,1526,2,2,0,2,CLEAR,DRY,FALSE,ANGLE COLLISION - ONE VEHICLE TURNING LEFT,ANGLE,STRAIGHT & LEVEL,DAYLIGHT,3,B,087-KY-0686  -000
19335972,MT. STERLING POLICE DEPARTMENT,MONTGOMERY,KY0686,,INDIAN MOUND,DR,38.06340604,-83.9553563,0.993,3/19/2017,1508,2,2,0,0,CLEAR,DRY,FALSE,REAR END IN TRAFFIC LANES BOTH VEHICLES MOVING,REAR END,STRAIGHT & GRADE,DAYLIGHT,5,O,087-KY-0686  -000
19351437,"KY STATE POLICE, POST 08",MONTGOMERY,KY0646,,WILLOUGHBY TOWN,RD,37.94379286,-83.86433806,0.008,3/13/2017,2030,1,1,0,0,RAINING,WET,FALSE,RAN OFF ROADWAY (1 VEHICLE WITH/EARTH EMBANKMENT/DITCH),SINGLE VEHICLE,STRAIGHT & LEVEL,DARK-HWY NOT LIGHTED,5,O,087-KY-0646  -000
19366540,MT. STERLING POLICE DEPARTMENT,MONTGOMERY,,440,SPRING,ST,38.05133171,-83.95130498,0.291,3/21/2017,20,1,1,0,0,CLEAR,DRY,FALSE,COLLISION WITH FIXED OBJECT NON - INTERSECTION - FIRST EVENT COLLISION 09 - 32 EXCLUDING 16,SINGLE VEHICLE,STRAIGHT & LEVEL,DARK-HWY LIGHTED/ON,5,O,087-CR-1042  -000
19366543,MT. STERLING POLICE DEPARTMENT,MONTGOMERY,KY0686,,INDIAN MOUND,DR,38.0419567,-83.93426075,3.512,3/22/2017,1703,3,3,0,2,CLEAR,DRY,FALSE,ANGLE COLLISION - ONE VEHICLE TURNING LEFT,ANGLE,STRAIGHT & LEVEL,DAYLIGHT,3,B,087-KY-0686  -000
19373797,MT. STERLING POLICE DEPARTMENT,MONTGOMERY,KY0011,,LEVEE,RD,38.04104463,-83.94795786,9.233,3/25/2017,2110,2,2,0,0,CLEAR,DRY,FALSE,OTHER INTERSECTION COLLISIONS,REAR END,STRAIGHT & LEVEL,DARK-HWY LIGHTED/ON,5,O,087-KY-0011  -000
19392136,MONTGOMERY CTY SHERIFF DEPT,MONTGOMERY,US0060,,WINCHESTER,RD,38.05350473,-83.95985501,4.125,3/23/2017,615,1,1,0,0,CLOUDY,DRY,FALSE,COLLISION WITH ANIMAL NON INTERSECTION,SINGLE VEHICLE,STRAIGHT & LEVEL,DARK-HWY LIGHTED/OFF,5,O,087-US-0060  -000
19392138,MONTGOMERY CTY SHERIFF DEPT,MONTGOMERY,KY3362,3189,AARONS RUN,RD,38.13234637,-83.99844432,2.689,3/10/2017,1539,1,1,0,0,CLEAR,DRY,TRUE,COLLISION WITH FIXED OBJECT NON - INTERSECTION - FIRST EVENT COLLISION 09 - 32 EXCLUDING 16,SINGLE VEHICLE,CURVE & GRADE,DAYLIGHT,5,O,087-KY-3362  -000
19392139,MONTGOMERY CTY SHERIFF DEPT,MONTGOMERY,KY0713,,SPENCER,PIKE,38.03158983,-83.87927417,10.467,3/20/2017,2035,1,1,0,0,CLEAR,DRY,FALSE,COLLISION WITH FIXED OBJECT NON - INTERSECTION - FIRST EVENT COLLISION 09 - 32 EXCLUDING 16,SINGLE VEHICLE,CURVE & HILLCREST,DARK-HWY NOT LIGHTED,5,O,087-KY-0713  -000
19392156,MONTGOMERY CTY SHERIFF DEPT,MONTGOMERY,KY3363,,SAWMILL,RD,37.95515306,-83.89927433,2.383,3/27/2017,930,2,2,0,0,CLOUDY,DRY,FALSE,SIDESWIPE COLLISION - OPPOSITE DIRECTION,SIDESWIPE-OPPOSITE DIRECTION,CURVE & LEVEL,DAYLIGHT,5,O,087-KY-3363  -000
19392158,MONTGOMERY CTY SHERIFF DEPT,MONTGOMERY,KY0011,4624,LEVEE,RD,37.97699711,-83.93815475,4.557,3/20/2017,1055,1,1,0,0,RAINING,WET,FALSE,RAN OFF ROADWAY (1 VEHICLE WITH/EARTH EMBANKMENT/DITCH),SINGLE VEHICLE,STRAIGHT & LEVEL,DAYLIGHT,5,O,087-KY-0011  -000
19392159,MONTGOMERY CTY SHERIFF DEPT,MONTGOMERY,KY0011,3600,LEVEE,RD,38.00575577,-83.94434423,6.662,3/23/2017,744,3,3,1,4,CLEAR,DRY,FALSE,SIDESWIPE COLLISION - OPPOSITE DIRECTION,SIDESWIPE-OPPOSITE DIRECTION,STRAIGHT & LEVEL,DAYLIGHT,1,K,087-KY-0011  -000
19392231,MONTGOMERY CTY SHERIFF DEPT,MONTGOMERY,US0460,,MAIN,ST,37.98260115,-83.86830509,16.401,3/11/2017,1018,2,2,0,1,CLEAR,DRY,FALSE,OTHER ROADWAY OR MID-BLOCK COLLISION,OPPOSING LEFT TURN,STRAIGHT & LEVEL,DAYLIGHT,3,B,087-US-0460  -000
19392234,MONTGOMERY CTY SHERIFF DEPT,MONTGOMERY,KY0011,3975,LEVEE,RD,37.99483363,-83.94149034,5.861,3/10/2017,2014,1,1,0,0,CLEAR,DRY,FALSE,COLLISION WITH ANIMAL NON INTERSECTION,SINGLE VEHICLE,STRAIGHT & LEVEL,DARK-HWY NOT LIGHTED,5,O,087-KY-0011  -000
19392239,MONTGOMERY CTY SHERIFF DEPT,MONTGOMERY,KY0011,,LEVEE,RD,37.92802594,-83.91550125,0.653,3/6/2017,2329,1,1,0,0,CLEAR,DRY,FALSE,COLLISION WITH ANIMAL NON INTERSECTION,SINGLE VEHICLE,STRAIGHT & LEVEL,DARK-HWY NOT LIGHTED,5,O,087-KY-0011  -000
19392241,MONTGOMERY CTY SHERIFF DEPT,MONTGOMERY,US0460,,CAMARGO,RD,37.99920908,-83.89700896,14.391,3/9/2017,1550,2,2,0,0,CLEAR,DRY,FALSE,OTHER ROADWAY OR MID-BLOCK COLLISION,REAR END,STRAIGHT & LEVEL,DAYLIGHT,5,O,087-US-0460  -000
19392244,MONTGOMERY CTY SHERIFF DEPT,MONTGOMERY,KY0011,4618,LEVEE,RD,37.97753652,-83.93846655,4.598,3/6/2017,1313,1,1,0,2,RAINING,WET,FALSE,COLLISION WITH FIXED OBJECT NON - INTERSECTION - FIRST EVENT COLLISION 09 - 32 EXCLUDING 16,SINGLE VEHICLE,CURVE & LEVEL,DAYLIGHT,2,A,087-KY-0011  -000
19392245,MONTGOMERY CTY SHERIFF DEPT,MONTGOMERY,KY1991,,HINKSTON,PIKE,38.09136419,-83.92544524,2.355,3/5/2017,456,1,1,0,0,CLEAR,DRY,FALSE,COLLISION WITH ANIMAL NON INTERSECTION,SINGLE VEHICLE,STRAIGHT & LEVEL,DARK-HWY NOT LIGHTED,5,O,087-KY-1991  -000
19392247,MONTGOMERY CTY SHERIFF DEPT,MONTGOMERY,,8075,TRAVIS,LN,37.97648989,-83.84611266,0.1,3/7/2017,1523,2,2,0,0,RAINING,WET,FALSE,SIDESWIPE COLLISION - SAME DIRECTION,SIDESWIPE-SAME DIRECTION,STRAIGHT & LEVEL,DAYLIGHT,5,O,087-PR-1169  -000
19392248,MONTGOMERY CTY SHERIFF DEPT,MONTGOMERY,KY1331,2800,HOWARDS MILL,RD,38.06967959,-83.87364792,1.962,3/13/2017,1428,2,2,0,0,CLEAR,DRY,FALSE,HEAD-ON COLLISION,HEAD ON,STRAIGHT & HILLCREST,DAYLIGHT,5,O,087-KY-1331  -000
19392250,MONTGOMERY CTY SHERIFF DEPT,MONTGOMERY,,,CLARENCE,DR,38.0925667,-83.89790938,0.014,3/8/2017,1722,2,2,0,0,CLEAR,DRY,FALSE,OTHER ROADWAY OR MID-BLOCK COLLISION,REAR END,STRAIGHT & LEVEL,DAYLIGHT,5,O,087-CR-1019G -000
19392251,MONTGOMERY CTY SHERIFF DEPT,MONTGOMERY,I 0064,,,,38.08707396,-83.89937496,0.181,3/8/2017,1622,2,2,0,0,CLEAR,DRY,FALSE,OTHER RAMP RELATED COLLISIONS NOT LISTED ABOVE,SIDESWIPE-SAME DIRECTION,STRAIGHT & GRADE,DUSK,5,O,087-CR-1042  -000
19392273,MONTGOMERY CTY SHERIFF DEPT,MONTGOMERY,KY0011,2800,LEVEE,RD,38.00378563,-83.94209512,6.484,3/16/2017,800,1,1,0,0,CLEAR,ICE,FALSE,RAN OFF ROADWAY (1 VEHICLE WITH/EARTH EMBANKMENT/DITCH),SINGLE VEHICLE,CURVE & LEVEL,DAYLIGHT,5,O,087-KY-0011  -000
19392276,MONTGOMERY CTY SHERIFF DEPT,MONTGOMERY,KY0713,4663,SPENCER,PIKE,38.03054353,-83.87173851,10.912,3/18/2017,800,1,1,0,0,CLOUDY,WET,FALSE,OTHER ROADWAY OR MID-BLOCK COLLISION,SINGLE VEHICLE,STRAIGHT & LEVEL,DAYLIGHT,5,O,087-KY-0713  -000
19392281,MONTGOMERY CTY SHERIFF DEPT,MONTGOMERY,US0460,,MAIN,ST,37.96946444,-83.827938,18.736,3/18/2017,20,1,1,0,0,RAINING,,TRUE,COLLISION WITH FIXED OBJECT IN INTERSECTION - FIRST EVENT COLLISION 09 - 32,SINGLE VEHICLE,STRAIGHT & GRADE,DARK-HWY NOT LIGHTED,5,O,087-US-0460  -000
19392282,MONTGOMERY CTY SHERIFF DEPT,MONTGOMERY,US0460,1100,CAMARGO,RD,38.03542813,-83.93115379,11.19,3/20/2017,846,2,2,0,0,CLOUDY,DRY,FALSE,SIDESWIPE COLLISION - OPPOSITE DIRECTION,SIDESWIPE-OPPOSITE DIRECTION,STRAIGHT & LEVEL,DAYLIGHT,5,O,087-US-0460  -000
19392285,MONTGOMERY CTY SHERIFF DEPT,MONTGOMERY,US0460,,CAMARGO,RD,38.00525407,-83.90315588,13.841,3/17/2017,1530,2,2,0,0,CLEAR,DRY,FALSE,REAR END IN TRAFFIC LANES BOTH VEHICLES MOVING,REAR END,STRAIGHT & GRADE,DAYLIGHT,5,O,087-US-0460  -000
19392286,MONTGOMERY CTY SHERIFF DEPT,MONTGOMERY,US0060,3060,OWINGSVILLE,RD,38.08526206,-83.90007495,8.424,3/20/2017,700,2,2,0,0,CLOUDY,DRY,FALSE,1 VEHICLE ENTERING/LEAVING ENTRANCE,ANGLE,STRAIGHT & LEVEL,DAWN,5,O,087-US-0060  -000
19395617,MT. STERLING POLICE DEPARTMENT,MONTGOMERY,,,LOCUST,ST,38.0545772,-83.94460161,0.33,3/20/2017,1452,3,3,0,1,CLEAR,DRY,FALSE,1 VEHICLE ENTERING/LEAVING ENTRANCE,ANGLE,STRAIGHT & LEVEL,DAYLIGHT,4,C,087-CS-1023  -000
19403719,MT. STERLING POLICE DEPARTMENT,MONTGOMERY,KY0686,,INDIAN MOUND,DR,38.04190796,-83.93445144,3.493,3/29/2017,1540,2,2,0,0,CLEAR,DRY,FALSE,OTHER ROADWAY OR MID-BLOCK COLLISION,REAR END,STRAIGHT & LEVEL,DAYLIGHT,5,O,087-KY-0686  -000
19403721,MT. STERLING POLICE DEPARTMENT,MONTGOMERY,,,VANCE,DR,38.0743994,-83.95148128,0.054,3/30/2017,1558,2,2,0,0,CLEAR,DRY,FALSE,ANGLE COLLISION - OTHER,ANGLE,STRAIGHT & HILLCREST,DAYLIGHT,5,O,087-CS-1115  -000
19411627,MT. STERLING POLICE DEPARTMENT,MONTGOMERY,,,TROJAN,AVE,38.06038314,-83.94344014,0.002,3/30/2017,1446,1,1,0,0,CLEAR,DRY,FALSE,COLLISION WITH FIXED OBJECT NON - INTERSECTION - FIRST EVENT COLLISION 09 - 32 EXCLUDING 16,SINGLE VEHICLE,STRAIGHT & HILLCREST,DAYLIGHT,5,O,087-CS-1091  -000
19411628,MT. STERLING POLICE DEPARTMENT,MONTGOMERY,US0460,,MAYSVILLE,ST,38.0740973,-83.94828709,8.275,3/31/2017,1050,2,2,0,0,CLOUDY,DRY,FALSE,OTHER INTERSECTION COLLISIONS,REAR END,STRAIGHT & LEVEL,DAYLIGHT,5,O,087-US-0460  -000
19411633,MT. STERLING POLICE DEPARTMENT,MONTGOMERY,I 0064,,,,38.07688881,-83.95027149,0.225,3/31/2017,1920,2,2,0,0,RAINING,WET,FALSE,OTHER RAMP RELATED COLLISIONS NOT LISTED ABOVE,REAR END,STRAIGHT & HILLCREST,DUSK,5,O,087-CR-1042  -000
19411635,MT. STERLING POLICE DEPARTMENT,MONTGOMERY,KY0011,,LEVEE,RD,38.03534598,-83.95008426,8.863,3/31/2017,1451,2,2,0,0,CLOUDY,DRY,FALSE,OTHER INTERSECTION COLLISIONS,REAR END,STRAIGHT & LEVEL,DAYLIGHT,5,O,087-KY-0011  -000
19425772,MT. STERLING POLICE DEPARTMENT,MONTGOMERY,,,PATSY,WAY,38.07104036,-83.95509912,0.001,3/22/2017,1228,2,2,0,0,CLEAR,DRY,FALSE,REAR END IN TRAFFIC LANES BOTH VEHICLES MOVING,REAR END,STRAIGHT & GRADE,DAYLIGHT,5,O,087-CS-1500  -000
19425782,MT. STERLING POLICE DEPARTMENT,MONTGOMERY,US0460,,MAYSVILLE,RD,38.07884633,-83.94964882,7.962,4/2/2017,1913,2,2,0,0,CLEAR,DRY,FALSE,OPPOSING LEFT TURN,OPPOSING LEFT TURN,STRAIGHT & LEVEL,DAYLIGHT,5,O,087-US-0460  -000
19438277,MT. STERLING POLICE DEPARTMENT,MONTGOMERY,US0460,705,MAYSVILLE,ST,38.07562979,-83.94883169,8.185,4/5/2017,1144,1,1,0,0,CLEAR,DRY,FALSE,COLLISION WITH FIXED OBJECT NON - INTERSECTION - FIRST EVENT COLLISION 09 - 32 EXCLUDING 16,SINGLE VEHICLE,STRAIGHT & LEVEL,DAYLIGHT,5,O,087-US-0460  -000
19444611,MT. STERLING POLICE DEPARTMENT,MONTGOMERY,,579,CULPEPPER,DR,38.07082303,-83.94587304,0.06,4/6/2017,1015,2,2,0,0,RAINING,WET,FALSE,VEHICLE BACKING NON INTERSECTION,BACKING,STRAIGHT & LEVEL,DAYLIGHT,5,O,087-CS-1103  -000
19444612,MT. STERLING POLICE DEPARTMENT,MONTGOMERY,KY0686,,INDIAN MOUND,DR,38.06735258,-83.9553934,0.719,4/6/2017,947,2,2,0,0,RAINING,WET,FALSE,ANGLE COLLISION - OTHER,ANGLE,STRAIGHT & LEVEL,DAYLIGHT,5,O,087-KY-0686  -000
19450858,MT. STERLING POLICE DEPARTMENT,MONTGOMERY,,,HARRISON,AVE,38.06013777,-83.94111975,0.171,3/23/2017,1824,2,2,0,3,CLEAR,DRY,FALSE,ANGLE COLLISION - OTHER,ANGLE,STRAIGHT & LEVEL,DAYLIGHT,4,C,087-CS-1089  -000
19450859,MT. STERLING POLICE DEPARTMENT,MONTGOMERY,,,EVANS,AVE,38.07545843,-83.94996127,0.084,4/7/2017,1842,2,2,0,0,CLEAR,DRY,FALSE,VEHICLE BACKING NON INTERSECTION,BACKING,STRAIGHT & LEVEL,DAYLIGHT,5,O,087-CS-1116  -000
19463789,MT. STERLING POLICE DEPARTMENT,MONTGOMERY,US0060,1201,WINCHESTER,RD,38.05380352,-83.95661025,4.313,4/8/2017,1516,2,2,0,0,CLEAR,DRY,FALSE,OTHER INTERSECTION COLLISIONS,REAR END,STRAIGHT & LEVEL,DAYLIGHT,5,O,087-US-0060  -000
19463791,MT. STERLING POLICE DEPARTMENT,MONTGOMERY,KY0686,,INDIAN MOUND,DR,38.06204833,-83.95574571,1.087,4/9/2017,1418,2,2,0,0,CLEAR,DRY,FALSE,OTHER ROADWAY OR MID-BLOCK COLLISION,REAR END,STRAIGHT & LEVEL,DAYLIGHT,5,O,087-KY-0686  -000
19477449,MT. STERLING POLICE DEPARTMENT,MONTGOMERY,US0460,,PARIS,RD,38.08797965,-83.95020657,7.302,4/11/2017,1433,2,2,0,0,CLEAR,DRY,FALSE,HEAD-ON COLLISION,HEAD ON,STRAIGHT & LEVEL,DAYLIGHT,5,O,087-US-0460  -000
19478332,MT. STERLING POLICE DEPARTMENT,MONTGOMERY,,426,DARLEY,CRK,38.05001414,-83.95160961,0.125,4/8/2017,1935,3,3,0,0,CLEAR,DRY,FALSE,1 VEHICLE PARKED POSITION (NOT PARKING LOT/DRIVEWAY),REAR END,STRAIGHT & LEVEL,DAYLIGHT,5,O,087-CS-1151  -000
19494559,MT. STERLING POLICE DEPARTMENT,MONTGOMERY,US0460,,MAYSVILLE,ST,38.07557663,-83.94884602,8.182,4/10/2017,1431,2,2,0,0,CLEAR,DRY,FALSE,SIDESWIPE-SAME DIRECTION,SIDESWIPE-SAME DIRECTION,STRAIGHT & LEVEL,DAYLIGHT,5,O,087-US-0460  -000
19519687,MT. STERLING POLICE DEPARTMENT,MONTGOMERY,,3,MAYSVILLE,AVE,38.06516781,-83.94606095,0.05,4/17/2017,1940,1,1,0,0,CLEAR,DRY,TRUE,1 VEHICLE PARKED POSITION (NOT PARKING LOT/DRIVEWAY),SINGLE VEHICLE,STRAIGHT & HILLCREST,DAYLIGHT,5,O,087-CS-1039  -000
19555021,MT. STERLING POLICE DEPARTMENT,MONTGOMERY,US0460,,MAYSVILLE,RD,38.07772847,-83.94952698,8.031,4/20/2017,1601,2,2,0,0,CLEAR,DRY,FALSE,OTHER ROADWAY OR MID-BLOCK COLLISION,OPPOSING LEFT TURN,STRAIGHT & LEVEL,DAYLIGHT,5,O,087-US-0460  -000
19555023,MT. STERLING POLICE DEPARTMENT,MONTGOMERY,US0460,,MAYSVILLE,ST,38.07694493,-83.94914534,8.078,4/19/2017,1545,2,2,0,0,CLEAR,DRY,TRUE,1 VEHICLE ENTERING/LEAVING ENTRANCE,ANGLE,STRAIGHT & LEVEL,DAYLIGHT,5,O,087-US-0460  -000
19555030,MT. STERLING POLICE DEPARTMENT,MONTGOMERY,,,MT AYR,DR,38.07422018,-83.94775268,0.035,4/22/2017,945,2,2,0,0,RAINING,WET,FALSE,VEHICLE BACKING NON INTERSECTION,BACKING,STRAIGHT & GRADE,DAYLIGHT,5,O,087-PR-1093  -000
19555031,MT. STERLING POLICE DEPARTMENT,MONTGOMERY,,578,CULPEPPER,DR,38.07081746,-83.94629279,0.038,4/22/2017,815,1,1,0,0,RAINING,WET,FALSE,COLLISION WITH FIXED OBJECT NON - INTERSECTION - FIRST EVENT COLLISION 09 - 32 EXCLUDING 16,SINGLE VEHICLE,STRAIGHT & LEVEL,DAYLIGHT,5,O,087-CS-1103  -000
19555037,MT. STERLING POLICE DEPARTMENT,MONTGOMERY,,435,SPRING,ST,38.05132796,-83.95124893,0.294,4/22/2017,1339,2,2,0,0,RAINING,WET,FALSE,VEHICLE BACKING NON INTERSECTION,BACKING,STRAIGHT & LEVEL,DAYLIGHT,5,O,087-CR-1042  -000
19555038,MT. STERLING POLICE DEPARTMENT,MONTGOMERY,,,MAYSVILLE,ST,38.05581212,-83.94184045,0.043,4/12/2017,1301,2,2,0,0,CLEAR,DRY,FALSE,1 VEHICLE PARKED POSITION (NOT PARKING LOT/DRIVEWAY),ANGLE,STRAIGHT & GRADE,DAYLIGHT,5,O,087-CS-1039  -000
19573716,MT. STERLING POLICE DEPARTMENT,MONTGOMERY,,,RICHMOND,AVE,38.05478544,-83.9475277,0.005,4/14/2017,945,2,2,0,0,CLEAR,DRY,FALSE,REAR END IN TRAFFIC LANES BOTH VEHICLES MOVING,REAR END,CURVE & GRADE,DAYLIGHT,5,O,087-CS-1024  -000
19573720,MT. STERLING POLICE DEPARTMENT,MONTGOMERY,,,QUEEN,ST,38.05591752,-83.93872173,0.001,4/18/2017,1105,2,2,0,0,CLEAR,DRY,FALSE,COLLISION WITH FIXED OBJECT IN INTERSECTION - FIRST EVENT COLLISION 09 - 32,ANGLE,STRAIGHT & LEVEL,DAYLIGHT,5,O,087-CS-1080  -000
19573723,MT. STERLING POLICE DEPARTMENT,MONTGOMERY,KY0686,,INDIAN MOUND,DR,38.05382407,-83.95624239,1.659,4/25/2017,1340,2,2,0,0,CLEAR,DRY,FALSE,ANGLE COLLISION - OTHER,ANGLE,STRAIGHT & LEVEL,DAYLIGHT,5,O,087-KY-0686  -000
19581006,MT. STERLING POLICE DEPARTMENT,MONTGOMERY,KY0686,1201,INDIAN MOUND,DR,38.05377691,-83.95624379,1.661,4/27/2017,2231,2,2,0,0,CLEAR,DRY,FALSE,OTHER INTERSECTION COLLISIONS,REAR END,STRAIGHT & LEVEL,DARK-HWY LIGHTED/ON,5,O,087-KY-0686  -000
19597991,MONTGOMERY CO. SCHOOL DIST. PD,MONTGOMERY,,4307,CAMARGO ELEMENTARY SCHOOL,DR,37.9946396,-83.8881868,0.032,4/24/2017,758,2,2,0,0,CLEAR,DRY,FALSE,SIDESWIPE COLLISION - SAME DIRECTION,SIDESWIPE-SAME DIRECTION,STRAIGHT & LEVEL,DAYLIGHT,5,O,087-PS-1204  -000
19599540,MONTGOMERY CO. SCHOOL DIST. PD,MONTGOMERY,,724,WOODFORD,DR,38.0456391,-83.941263,0.165,4/26/2017,830,2,2,0,0,CLEAR,DRY,FALSE,REAR END IN TRAFFIC LANES BOTH VEHICLES MOVING,REAR END,STRAIGHT & LEVEL,DAWN,5,O,087-CR-1001  -000
19627556,MT. STERLING POLICE DEPARTMENT,MONTGOMERY,KY0686,,INDIAN MOUND,DR,38.04211598,-83.93444988,3.505,5/2/2017,748,1,1,0,0,CLEAR,DRY,FALSE,COLLISION WITH FIXED OBJECT IN INTERSECTION - FIRST EVENT COLLISION 09 - 32,SINGLE VEHICLE,STRAIGHT & GRADE,DAYLIGHT,5,O,087-KY-0686  -000
19654153,MT. STERLING POLICE DEPARTMENT,MONTGOMERY,,108,LOCUST,ST,38.0548514,-83.94348442,0.269,5/4/2017,1550,2,2,0,0,CLOUDY,DRY,FALSE,SIDESWIPE COLLISION - SAME DIRECTION,SIDESWIPE-SAME DIRECTION,STRAIGHT & LEVEL,DAYLIGHT,5,O,087-CS-1023  -000
19654994,MT. STERLING POLICE DEPARTMENT,MONTGOMERY,US0060,,MAIN,ST,38.05615167,-83.94327884,5.049,4/28/2017,2127,2,2,0,0,CLOUDY,DRY,FALSE,ANGLE COLLISION - OTHER,ANGLE,STRAIGHT & LEVEL,DARK-HWY LIGHTED/ON,5,O,087-US-0060  -000
19654998,MT. STERLING POLICE DEPARTMENT,MONTGOMERY,,,PATSY,WAY,38.07104545,-83.95511616,0.001,4/29/2017,1621,2,2,0,0,CLEAR,DRY,FALSE,OTHER ROADWAY OR MID-BLOCK COLLISION,OPPOSING LEFT TURN,STRAIGHT & GRADE,DAYLIGHT,5,O,087-CS-1500  -000
19654999,MT. STERLING POLICE DEPARTMENT,MONTGOMERY,US0460,,MAYSVILLE,ST,38.07409837,-83.94832447,8.281,4/25/2017,1503,3,3,0,0,CLEAR,DRY,FALSE,1 VEHICLE ENTERING/LEAVING ENTRANCE,ANGLE,STRAIGHT & LEVEL,DAYLIGHT,5,O,087-US-0460  -000
19655002,MT. STERLING POLICE DEPARTMENT,MONTGOMERY,US0460,,MAYSVILLE,ST,38.07409969,-83.94833233,8.281,4/29/2017,1606,2,2,0,0,CLEAR,DRY,FALSE,OPPOSING LEFT TURN,OPPOSING LEFT TURN,STRAIGHT & LEVEL,DAYLIGHT,5,O,087-US-0460  -000
19655003,MT. STERLING POLICE DEPARTMENT,MONTGOMERY,US0060,,MAIN,ST,38.05640934,-83.94205619,5.127,4/30/2017,447,2,2,0,0,CLEAR,DRY,TRUE,1 VEHICLE PARKED POSITION (NOT PARKING LOT/DRIVEWAY),REAR END,STRAIGHT & LEVEL,DUSK,5,O,087-US-0060  -000
19656045,MT. STERLING POLICE DEPARTMENT,MONTGOMERY,US0060,,MAIN,ST,38.0570884,-83.9391387,5.296,5/6/2017,836,2,2,0,0,CLOUDY,DRY,FALSE,1 VEHICLE ENTERING/LEAVING ENTRANCE,ANGLE,STRAIGHT & LEVEL,DAYLIGHT,5,O,087-US-0060  -000
19656046,MT. STERLING POLICE DEPARTMENT,MONTGOMERY,,,LARKSPUR,DR,38.07074778,-83.9436253,0.003,5/7/2017,1032,2,2,0,0,CLEAR,DRY,FALSE,SIDESWIPE COLLISION - OPPOSITE DIRECTION,SIDESWIPE-OPPOSITE DIRECTION,STRAIGHT & LEVEL,DAYLIGHT,5,O,087-CS-1108  -000
19664633,MT. STERLING POLICE DEPARTMENT,MONTGOMERY,US0460,,MAYSVILLE,ST,38.06865284,-83.94623037,8.678,5/8/2017,856,2,2,0,0,CLEAR,DRY,FALSE,1 VEHICLE ENTERING/LEAVING ENTRANCE,ANGLE,STRAIGHT & GRADE,DAYLIGHT,5,O,087-US-0460  -000
19695357,MT. STERLING POLICE DEPARTMENT,MONTGOMERY,,,NORTHVIEW,DR,38.07547629,-83.94914005,0.042,5/8/2017,1553,2,2,0,0,CLEAR,DRY,FALSE,ANGLE COLLISION - ONE VEHICLE TURNING RIGHT,ANGLE,STRAIGHT & LEVEL,DAYLIGHT,5,O,087-CS-1122  -000