IncidentID,AgencyName,County,RdwyNumber,Street,RoadwayName,StreetSfx,Latitude,Longitude,Milepoint,CollisionDate,CollisionTime,UnitsInvolved,MotorVehiclesInvolved,NumberKilled,NumberInjured,Weather,RdwyConditionCode,HitandRun,DirAnalysisCode,MannerofCollision,RdwyCharacter,LightCondition,KABCO Code,KABCO,RT_UNIQUE
19866338,MT. STERLING POLICE DEPARTMENT,MONTGOMERY,US0460,,MAYSVILLE,RD,38.08316701,-83.94955854,7.644,5/22/2017,2333,1,1,0,0,CLEAR,DRY,FALSE,RAN OFF ROADWAY (1 VEHICLE WITH/EARTH EMBANKMENT/DITCH),SINGLE VEHICLE,STRAIGHT & GRADE,DARK-HWY NOT LIGHTED,5,O,087-US-0460  -000
19866340,MT. STERLING POLICE DEPARTMENT,MONTGOMERY,KY0011,,LEVEE,RD,38.04100118,-83.94813704,9.224,5/14/2017,1523,2,2,0,0,CLEAR,DRY,FALSE,OTHER ROADWAY OR MID-BLOCK COLLISION,REAR END,STRAIGHT & LEVEL,DAYLIGHT,5,O,087-KY-0011  -000
19866341,MT. STERLING POLICE DEPARTMENT,MONTGOMERY,KY0686,,INDIAN MOUND,DR,38.07399484,-83.94849323,0.012,5/23/2017,1725,2,2,0,0,CLEAR,DRY,FALSE,REAR END IN TRAFFIC LANES BOTH VEHICLES MOVING,REAR END,STRAIGHT & LEVEL,DAYLIGHT,5,O,087-KY-0686  -000
19872250,MT. STERLING POLICE DEPARTMENT,MONTGOMERY,KY0686,,INDIAN MOUND,DR,38.0537971,-83.95624794,1.658,5/4/2017,1615,2,2,0,0,RAINING,WET,FALSE,OTHER ROADWAY OR MID-BLOCK COLLISION,REAR END,STRAIGHT & LEVEL,DAYLIGHT,5,O,087-KY-0686  -000
19877376,MT. STERLING POLICE DEPARTMENT,MONTGOMERY,KY0011,,LEVEE,RD,38.04141485,-83.94789636,9.218,5/26/2017,1613,2,2,0,0,CLEAR,DRY,FALSE,OTHER ROADWAY OR MID-BLOCK COLLISION,REAR END,STRAIGHT & LEVEL,DAYLIGHT,5,O,087-KY-0011  -000
19877378,MT. STERLING POLICE DEPARTMENT,MONTGOMERY,,122,QUEEN,ST,38.05970498,-83.94003024,0.187,5/26/2017,1125,1,1,0,0,CLEAR,DRY,FALSE,COLLISION WITH FIXED OBJECT NON - INTERSECTION - FIRST EVENT COLLISION 09 - 32 EXCLUDING 16,SINGLE VEHICLE,STRAIGHT & GRADE,DAYLIGHT,5,O,087-CS-1080  -000
19886688,"KY STATE POLICE, POST 08",MONTGOMERY,US0060,,OWINGSVILLE,RD,38.08803113,-83.89872405,8.626,5/19/2017,1446,1,1,0,0,CLEAR,DRY,FALSE,OTHER ROADWAY OR MID-BLOCK COLLISION,SINGLE VEHICLE,CURVE & GRADE,DAYLIGHT,5,O,087-US-0060  -000
19889600,MT. STERLING POLICE DEPARTMENT,MONTGOMERY,US0460,,MAYSVILLE,ST,38.05755514,-83.94250033,9.483,5/27/2017,2017,2,2,0,0,CLEAR,DRY,FALSE,ANGLE COLLISION - OTHER,ANGLE,STRAIGHT & LEVEL,DAYLIGHT,5,O,087-US-0460  -000
19889603,MT. STERLING POLICE DEPARTMENT,MONTGOMERY,US0460,,BANK,ST,38.0560446,-83.94324655,9.555,5/17/2017,916,2,2,0,0,CLEAR,DRY,FALSE,REAR END IN TRAFFIC LANES BOTH VEHICLES MOVING,REAR END,STRAIGHT & GRADE,DAYLIGHT,5,O,087-US-0460  -000
19889604,MT. STERLING POLICE DEPARTMENT,MONTGOMERY,US0460,,CAMARGO,RD,38.03970548,-83.93364626,10.862,5/17/2017,1402,2,2,0,0,CLEAR,DRY,FALSE,1 VEHICLE ENTERING/LEAVING ENTRANCE,ANGLE,STRAIGHT & LEVEL,DAYLIGHT,5,O,087-US-0460  -000
19889605,MT. STERLING POLICE DEPARTMENT,MONTGOMERY,US0460,21,MAYSVILLE,ST,38.05673742,-83.94217366,9.531,5/17/2017,1200,2,2,0,0,CLEAR,DRY,FALSE,REAR END IN TRAFFIC LANES BOTH VEHICLES MOVING,REAR END,STRAIGHT & LEVEL,DAYLIGHT,5,O,087-US-0460  -000
19900514,MT. STERLING POLICE DEPARTMENT,MONTGOMERY,,,OLD SILO VIEW,CT,38.08077128,-83.96962977,0.007,5/30/2017,1316,2,2,0,0,CLEAR,DRY,FALSE,1 VEHICLE PARKED POSITION (NOT PARKING LOT/DRIVEWAY),BACKING,STRAIGHT & LEVEL,DAYLIGHT,5,O,087-CS-1165  -000
19903080,MONTGOMERY CTY SHERIFF DEPT,MONTGOMERY,US0060,,OWINGSVILLE,RD,38.08733277,-83.89910525,8.571,5/18/2017,1535,2,2,0,0,CLEAR,DRY,FALSE,REAR END - ONE VEHICLE TURNING LEFT,REAR END,STRAIGHT & LEVEL,DAYLIGHT,5,O,087-US-0060  -000
19903082,MONTGOMERY CTY SHERIFF DEPT,MONTGOMERY,US0460,,MAIN,ST,37.96307916,-83.80085096,20.315,5/10/2017,1721,1,1,0,1,CLEAR,DRY,FALSE,COLLISION WITH FIXED OBJECT IN INTERSECTION - FIRST EVENT COLLISION 09 - 32,SINGLE VEHICLE,CURVE & LEVEL,DAYLIGHT,4,C,087-US-0460  -000
19903087,MONTGOMERY CTY SHERIFF DEPT,MONTGOMERY,US0460,,MAIN,ST,37.98689633,-83.87541179,15.896,5/28/2017,37,1,1,0,0,CLEAR,DRY,FALSE,COLLISION WITH FIXED OBJECT NON - INTERSECTION - FIRST EVENT COLLISION 09 - 32 EXCLUDING 16,SINGLE VEHICLE,STRAIGHT & LEVEL,DARK-HWY NOT LIGHTED,5,O,087-US-0460  -000
19903092,MONTGOMERY CTY SHERIFF DEPT,MONTGOMERY,,,CHILES,HWY,38.10519767,-84.07088263,2.068,5/27/2017,300,1,1,0,0,CLOUDY,DRY,FALSE,COLLISION WITH FIXED OBJECT IN INTERSECTION - FIRST EVENT COLLISION 09 - 32,SINGLE VEHICLE,STRAIGHT & GRADE,DARK-HWY NOT LIGHTED,5,O,087-CR-1320  -000
19903094,MONTGOMERY CTY SHERIFF DEPT,MONTGOMERY,US0460,,MAIN,ST,37.9630972,-83.80091465,20.315,5/19/2017,2040,2,2,0,0,CLEAR,DRY,FALSE,REAR END - ONE VEHICLE TURNING LEFT,REAR END,STRAIGHT & LEVEL,DUSK,5,O,087-US-0460  -000
19907129,MT. STERLING POLICE DEPARTMENT,MONTGOMERY,KY0686,,INDIAN MOUND,DR,38.053785,-83.95624557,1.661,5/31/2017,543,2,2,0,0,CLEAR,DRY,FALSE,OTHER INTERSECTION COLLISIONS,REAR TO REAR,STRAIGHT & LEVEL,DUSK,5,O,087-KY-0686  -000
19907130,MT. STERLING POLICE DEPARTMENT,MONTGOMERY,,149,RICHMOND,AVE,38.05125615,-83.9481167,0.248,5/31/2017,1107,1,1,0,0,CLEAR,DRY,FALSE,COLLISION WITH FIXED OBJECT IN INTERSECTION - FIRST EVENT COLLISION 09 - 32,SINGLE VEHICLE,STRAIGHT & LEVEL,DAYLIGHT,5,O,087-CS-1024  -000
19907131,MT. STERLING POLICE DEPARTMENT,MONTGOMERY,,,MT AYR,DR,38.07413903,-83.94818833,0.008,5/31/2017,1156,2,2,0,0,CLEAR,DRY,FALSE,VEHICLE BACKING IN INTERSECTION,BACKING,STRAIGHT & GRADE,DAYLIGHT,5,O,087-PR-1093  -000
19938100,MONTGOMERY CTY SHERIFF DEPT,MONTGOMERY,KY0011,,LEVEE,RD,37.94874243,-83.93362462,2.43,5/23/2017,1550,2,2,0,1,CLEAR,DRY,FALSE,SIDESWIPE COLLISION - SAME DIRECTION,SIDESWIPE-SAME DIRECTION,STRAIGHT & LEVEL,DAYLIGHT,4,C,087-KY-0011  -000
19938102,MONTGOMERY CTY SHERIFF DEPT,MONTGOMERY,US0060,3418,WINCHESTER,RD,38.0369645,-84.01027619,0.985,5/15/2017,2132,1,1,0,0,CLEAR,DRY,FALSE,COLLISION WITH ANIMAL NON INTERSECTION,SINGLE VEHICLE,STRAIGHT & LEVEL,DARK-HWY LIGHTED/OFF,5,O,087-US-0060  -000
19938106,MONTGOMERY CTY SHERIFF DEPT,MONTGOMERY,US0460,1051,CAMARGO,RD,38.04344614,-83.93470448,10.623,5/13/2017,1653,1,1,0,0,CLEAR,DRY,FALSE,RAN OFF ROADWAY (1 VEHICLE WITH/EARTH EMBANKMENT/DITCH),SINGLE VEHICLE,STRAIGHT & LEVEL,DAYLIGHT,5,O,087-US-0460  -000
19938108,MONTGOMERY CTY SHERIFF DEPT,MONTGOMERY,KY1331,,HOWARDS MILL,RD,38.06582643,-83.8547907,3.056,5/23/2017,517,1,1,0,0,CLEAR,DRY,FALSE,COLLISION WITH FIXED OBJECT NON - INTERSECTION - FIRST EVENT COLLISION 09 - 32 EXCLUDING 16,SINGLE VEHICLE,STRAIGHT & LEVEL,DARK-HWY LIGHTED/OFF,5,O,087-KY-1331  -000
19938114,MONTGOMERY CTY SHERIFF DEPT,MONTGOMERY,KY0213,,KY213,,37.90779346,-83.87128967,0.11,5/27/2017,1734,1,1,0,0,RAINING,FLOODED,FALSE,COLLISION WITH FIXED OBJECT NON - INTERSECTION - FIRST EVENT COLLISION 09 - 32 EXCLUDING 16,SINGLE VEHICLE,STRAIGHT & GRADE,DAYLIGHT,5,O,087-CR-1157  -000
19938125,MONTGOMERY CTY SHERIFF DEPT,MONTGOMERY,KY0213,,BEDFORD,RD,37.99724464,-83.83823119,7,5/16/2017,1729,2,2,0,0,CLEAR,DRY,FALSE,REAR END IN TRAFFIC LANES BOTH VEHICLES MOVING,REAR END,STRAIGHT & LEVEL,DAYLIGHT,5,O,087-KY-0213  -000
19938128,MONTGOMERY CTY SHERIFF DEPT,MONTGOMERY,US0460,,MAIN,ST,37.97211032,-83.83786596,18.182,6/2/2017,1650,2,2,0,0,CLEAR,DRY,FALSE,REAR END IN TRAFFIC LANES BOTH VEHICLES MOVING,REAR END,STRAIGHT & LEVEL,DAYLIGHT,5,O,087-US-0460  -000
19941029,MT. STERLING POLICE DEPARTMENT,MONTGOMERY,US0460,,MAYSVILLE,ST,38.06276521,-83.94432403,9.102,6/5/2017,1243,2,2,0,0,CLOUDY,DRY,FALSE,REAR END IN TRAFFIC LANES BOTH VEHICLES MOVING,REAR END,STRAIGHT & LEVEL,DAYLIGHT,5,O,087-US-0460  -000
19971317,MT. STERLING POLICE DEPARTMENT,MONTGOMERY,KY0686,,INDIAN MOUND,DR,38.05381634,-83.95647163,1.657,6/3/2017,1533,3,3,0,1,CLEAR,DRY,FALSE,OPPOSITE DIRECTION - BOTH VEHICLES GOING STRAIGHT AHEAD,SIDESWIPE-OPPOSITE DIRECTION,STRAIGHT & LEVEL,DAYLIGHT,3,B,087-KY-0686  -000
19971319,MT. STERLING POLICE DEPARTMENT,MONTGOMERY,US0460,501,MAYSVILLE,ST,38.0677096,-83.9458783,8.734,5/29/2017,1240,2,2,0,0,CLEAR,DRY,FALSE,1 VEHICLE PARKED POSITION (NOT PARKING LOT/DRIVEWAY),BACKING,STRAIGHT & LEVEL,DAYLIGHT,5,O,087-US-0460  -000
19971322,MT. STERLING POLICE DEPARTMENT,MONTGOMERY,KY0686,,INDIAN MOUND,DR,38.0538341,-83.9562718,1.658,6/2/2017,1507,2,2,0,0,CLEAR,DRY,FALSE,OTHER INTERSECTION COLLISIONS,REAR END,STRAIGHT & LEVEL,DAYLIGHT,5,O,087-KY-0686  -000
19985884,MT. STERLING POLICE DEPARTMENT,MONTGOMERY,KY0686,,INDIAN MOUND,DR,38.04922332,-83.95670155,1.974,6/11/2017,1200,2,2,0,1,CLEAR,DRY,FALSE,ANGLE COLLISION - OTHER,ANGLE,STRAIGHT & LEVEL,DAYLIGHT,4,C,087-KY-0686  -000
20013615,MONTGOMERY CTY SHERIFF DEPT,MONTGOMERY,US0060,,OWINGSVILLE,RD,38.09126455,-83.89780096,8.86,6/2/2017,1658,2,2,0,0,CLEAR,DRY,FALSE,1 VEHICLE ENTERING/LEAVING ENTRANCE,ANGLE,STRAIGHT & LEVEL,DAYLIGHT,5,O,087-US-0060  -000
20013890,MONTGOMERY CTY SHERIFF DEPT,MONTGOMERY,US0060,,WINCHESTER,RD,38.05231285,-83.97040848,3.543,6/1/2017,1348,2,2,0,1,CLEAR,DRY,FALSE,OTHER INTERSECTION COLLISIONS,REAR END,STRAIGHT & LEVEL,DAYLIGHT,3,B,087-US-0060  -000
20013903,MONTGOMERY CTY SHERIFF DEPT,MONTGOMERY,KY0646,,KIDDVILLE,RD,38.00235947,-83.96225181,10.786,5/24/2017,1354,2,2,0,1,CLOUDY,DRY,FALSE,HEAD-ON COLLISION,HEAD ON,CURVE & LEVEL,DAYLIGHT,4,C,087-KY-0646  -000
20013905,MONTGOMERY CTY SHERIFF DEPT,MONTGOMERY,KY0011,,MAYSVILLE,RD,38.13887893,-83.95762092,13.651,6/4/2017,1620,2,2,0,2,CLEAR,DRY,FALSE,1 VEHICLE ENTERING/LEAVING ENTRANCE,ANGLE,CURVE & LEVEL,DAYLIGHT,4,C,087-KY-0011  -000
20013909,MONTGOMERY CTY SHERIFF DEPT,MONTGOMERY,,,CLARENCE,DR,38.09258527,-83.89825229,0.032,6/8/2017,646,2,2,0,0,CLEAR,DRY,FALSE,1 VEHICLE ENTERING/LEAVING ENTRANCE,ANGLE,STRAIGHT & GRADE,DAYLIGHT,5,O,087-CR-1019G -000
20013921,MONTGOMERY CTY SHERIFF DEPT,MONTGOMERY,KY0686,,INDIAN MOUND,DR,38.05444856,-83.9167977,4.843,5/29/2017,1449,2,2,0,2,CLEAR,DRY,FALSE,1 VEHICLE ENTERING/LEAVING ENTRANCE,ANGLE,CURVE & LEVEL,DAYLIGHT,3,B,087-KY-0686  -000
20013922,MONTGOMERY CTY SHERIFF DEPT,MONTGOMERY,,,FORD,AVE,38.03955268,-83.94223996,0.047,5/13/2017,1730,2,2,0,0,CLEAR,DRY,TRUE,1 VEHICLE PARKED POSITION (NOT PARKING LOT/DRIVEWAY),SIDESWIPE-SAME DIRECTION,STRAIGHT & HILLCREST,DAYLIGHT,5,O,087-CR-1129  -000
20013933,MONTGOMERY CTY SHERIFF DEPT,MONTGOMERY,KY0646,,WILLOUGHBY TOWN,RD,37.94320461,-83.87233927,0.312,6/11/2017,1755,1,1,0,1,CLEAR,DRY,FALSE,OTHER COLLISIONS ON SHOULDER,SINGLE VEHICLE,STRAIGHT & LEVEL,DAYLIGHT,4,C,087-KY-0646  -000
20013937,MONTGOMERY CTY SHERIFF DEPT,MONTGOMERY,US0460,4220,CAMARGO,RD,37.9949361,-83.88991857,14.904,6/9/2017,2052,2,2,0,0,CLEAR,DRY,FALSE,1 VEHICLE PARKED POSITION (NOT PARKING LOT/DRIVEWAY),BACKING,STRAIGHT & LEVEL,DUSK,5,O,087-US-0460  -000
20013938,MONTGOMERY CTY SHERIFF DEPT,MONTGOMERY,US0460,,MAIN,ST,37.98204781,-83.86684871,16.485,6/5/2017,1912,2,2,0,0,CLEAR,WET,FALSE,REAR END IN TRAFFIC LANES BOTH VEHICLES MOVING,REAR END,STRAIGHT & LEVEL,DAYLIGHT,5,O,087-US-0460  -000
20013942,MONTGOMERY CTY SHERIFF DEPT,MONTGOMERY,,1395,OSBORNE,RD,38.07069362,-83.91015691,2.141,6/6/2017,1330,2,2,0,0,CLEAR,DRY,FALSE,VEHICLE BACKING NON INTERSECTION,BACKING,STRAIGHT & LEVEL,DAYLIGHT,5,O,087-CR-1006  -000
20013949,MONTGOMERY CTY SHERIFF DEPT,MONTGOMERY,US0060,,OWINGSVILLE,RD,38.09258407,-83.89756359,8.946,6/9/2017,1517,2,2,0,0,CLEAR,DRY,FALSE,OPPOSING LEFT TURN,OPPOSING LEFT TURN,STRAIGHT & LEVEL,DAYLIGHT,5,O,087-US-0060  -000
20013954,MONTGOMERY CTY SHERIFF DEPT,MONTGOMERY,,100,LAKEVIEW,DR,38.07328936,-83.88170307,0.094,5/24/2017,1320,1,1,0,0,CLOUDY,WET,FALSE,COLLISION WITH FIXED OBJECT NON - INTERSECTION - FIRST EVENT COLLISION 09 - 32 EXCLUDING 16,SINGLE VEHICLE,CURVE & GRADE,DAYLIGHT,5,O,087-CR-1025A -000
20013977,MONTGOMERY CTY SHERIFF DEPT,MONTGOMERY,,2000,PREWITT,PIKE,38.02817894,-83.98084385,1.536,6/5/2017,730,1,1,0,1,RAINING,WET,FALSE,RAN OFF ROADWAY (1 VEHICLE WITH/EARTH EMBANKMENT/DITCH),SINGLE VEHICLE,STRAIGHT & HILLCREST,DAWN,4,C,087-KY-0713  -000
20023217,MT. STERLING POLICE DEPARTMENT,MONTGOMERY,,,QUEEN,ST,38.05823973,-83.93951406,0.082,6/12/2017,1641,2,2,0,0,CLEAR,DRY,FALSE,ANGLE COLLISION - OTHER,ANGLE,STRAIGHT & LEVEL,DAYLIGHT,5,O,087-CS-1080  -000
20036572,MT. STERLING POLICE DEPARTMENT,MONTGOMERY,US0460,,MAYSVILLE,ST,38.0755672,-83.94869193,8.181,6/15/2017,1710,2,2,0,0,CLEAR,DRY,FALSE,OTHER INTERSECTION COLLISIONS,REAR END,STRAIGHT & LEVEL,DAYLIGHT,5,O,087-US-0460  -000
20036573,MT. STERLING POLICE DEPARTMENT,MONTGOMERY,KY0686,,INDIAN MOUND,DR,38.04214447,-83.93424889,3.511,6/15/2017,1941,2,2,0,0,CLEAR,DRY,FALSE,SIDESWIPE-SAME DIRECTION,SIDESWIPE-SAME DIRECTION,STRAIGHT & LEVEL,DAYLIGHT,5,O,087-KY-0686  -000
20036575,MT. STERLING POLICE DEPARTMENT,MONTGOMERY,KY0686,,INDIAN MOUND,DR,38.07398562,-83.94851863,0.014,6/16/2017,1310,2,2,0,0,CLOUDY,DRY,FALSE,OTHER INTERSECTION COLLISIONS,REAR END,STRAIGHT & LEVEL,DAYLIGHT,5,O,087-KY-0686  -000
20036584,MT. STERLING POLICE DEPARTMENT,MONTGOMERY,KY0686,,INDIAN MOUND,DR,38.05676837,-83.95625541,1.445,6/5/2017,1533,2,2,0,0,CLEAR,DRY,FALSE,REAR END IN TRAFFIC LANES BOTH VEHICLES MOVING,REAR END,STRAIGHT & LEVEL,DAYLIGHT,5,O,087-KY-0686  -000
20036585,MT. STERLING POLICE DEPARTMENT,MONTGOMERY,US0460,,MAYSVILLE,ST,38.05753377,-83.94247737,9.484,6/18/2017,1616,1,1,0,0,RAINING,WET,FALSE,COLLISION WITH FIXED OBJECT IN INTERSECTION - FIRST EVENT COLLISION 09 - 32,SINGLE VEHICLE,STRAIGHT & LEVEL,DAYLIGHT,5,O,087-US-0460  -000
20047488,MONTGOMERY CTY SHERIFF DEPT,MONTGOMERY,KY0646,,NEST EGG,RD,37.96857986,-83.9377972,4.62,6/18/2017,1825,2,2,0,0,RAINING,WET,FALSE,1 VEHICLE ENTERING/LEAVING ENTRANCE,ANGLE,STRAIGHT & LEVEL,DAWN,5,O,087-KY-0646  -000
20058394,MT. STERLING POLICE DEPARTMENT,MONTGOMERY,,,HIGH,ST,38.05754948,-83.94250347,0.329,6/19/2017,1952,2,2,0,0,CLEAR,DRY,FALSE,SIDESWIPE-SAME DIRECTION,SIDESWIPE-SAME DIRECTION,STRAIGHT & LEVEL,DAYLIGHT,5,O,087-CS-1052  -000
20082872,MT. STERLING POLICE DEPARTMENT,MONTGOMERY,KY0713,,SAMUELS,AVE,38.0565001,-83.94818226,6.269,6/24/2017,1631,2,2,0,0,CLEAR,DRY,FALSE,SIDESWIPE COLLISION - SAME DIRECTION,SIDESWIPE-SAME DIRECTION,STRAIGHT & LEVEL,DAYLIGHT,5,O,087-KY-0713  -000
20082873,MT. STERLING POLICE DEPARTMENT,MONTGOMERY,,306,HARRISON,AVE,38.06215522,-83.94171345,0.028,6/20/2017,1708,2,2,0,0,CLEAR,DRY,FALSE,VEHICLE BACKING NON INTERSECTION,BACKING,STRAIGHT & LEVEL,DAYLIGHT,5,O,087-CS-1089  -000
20082878,MT. STERLING POLICE DEPARTMENT,MONTGOMERY,US0060,,MAIN,ST,38.05670312,-83.94086127,5.197,6/24/2017,1403,2,2,0,0,CLEAR,DRY,FALSE,REAR END IN TRAFFIC LANES BOTH VEHICLES MOVING,REAR END,STRAIGHT & LEVEL,DAYLIGHT,5,O,087-US-0060  -000
20089451,MT. STERLING POLICE DEPARTMENT,MONTGOMERY,,,WINN,ST,38.06306262,-83.94787915,0.18,6/27/2017,949,2,2,0,0,CLEAR,DRY,TRUE,1 VEHICLE ENTERING/LEAVING ENTRANCE,ANGLE,STRAIGHT & LEVEL,DAYLIGHT,5,O,087-CS-1063  -000
20089452,MT. STERLING POLICE DEPARTMENT,MONTGOMERY,US0460,,MAYSVILLE,ST,38.06379875,-83.94468194,9.026,6/27/2017,950,2,2,0,2,CLEAR,DRY,FALSE,ANGLE COLLISION - OTHER,ANGLE,STRAIGHT & HILLCREST,DAYLIGHT,4,C,087-US-0460  -000
20110806,MT. STERLING POLICE DEPARTMENT,MONTGOMERY,KY0686,,INDIAN MOUND,DR,38.05571892,-83.95633922,1.525,6/22/2017,1540,2,2,0,0,RAINING,WET,FALSE,OTHER ROADWAY OR MID-BLOCK COLLISION,REAR END,STRAIGHT & LEVEL,DAYLIGHT,5,O,087-KY-0686  -000
20118926,MONTGOMERY CTY SHERIFF DEPT,MONTGOMERY,KY0713,,GRASSY LICK,RD,38.05811204,-83.95625184,5.781,6/16/2017,1809,2,2,0,0,CLEAR,DRY,FALSE,SIDESWIPE-SAME DIRECTION,SIDESWIPE-SAME DIRECTION,STRAIGHT & LEVEL,DAYLIGHT,5,O,087-KY-0713  -000
20118930,MONTGOMERY CTY SHERIFF DEPT,MONTGOMERY,US0460,,MAIN,ST,37.98248702,-83.86759951,16.437,6/10/2017,1011,3,3,0,4,CLEAR,DRY,FALSE,1 VEHICLE ENTERING/LEAVING ENTRANCE,ANGLE,STRAIGHT & LEVEL,DAYLIGHT,4,C,087-US-0460  -000
20118931,MONTGOMERY CTY SHERIFF DEPT,MONTGOMERY,,,CLARENCE,DR,38.0927015,-83.90212253,0.244,6/20/2017,657,2,2,0,0,CLEAR,DRY,FALSE,1 VEHICLE ENTERING/LEAVING ENTRANCE,ANGLE,STRAIGHT & LEVEL,DAYLIGHT,5,O,087-CR-1019G -000
20118932,MONTGOMERY CTY SHERIFF DEPT,MONTGOMERY,US0060,,OWINGSVILLE,RD,38.07484028,-83.91872282,7.184,6/18/2017,1033,2,2,0,0,CLOUDY,DRY,FALSE,1 VEHICLE ENTERING/LEAVING ENTRANCE,ANGLE,STRAIGHT & LEVEL,DAYLIGHT,5,O,087-US-0060  -000
20118934,MONTGOMERY CTY SHERIFF DEPT,MONTGOMERY,,,CLARENCE,DR,38.09261907,-83.8990616,0.077,5/26/2017,1154,2,2,0,0,CLEAR,DRY,TRUE,1 VEHICLE ENTERING/LEAVING ENTRANCE,ANGLE,STRAIGHT & LEVEL,DAYLIGHT,5,O,087-CR-1019G -000
20118936,MONTGOMERY CTY SHERIFF DEPT,MONTGOMERY,US0460,,CAMARGO,RD,37.99484345,-83.88958898,14.923,6/5/2017,1239,2,2,0,0,CLEAR,DRY,FALSE,REAR END IN TRAFFIC LANES BOTH VEHICLES MOVING,REAR END,STRAIGHT & LEVEL,DAYLIGHT,5,O,087-US-0460  -000
20118938,MONTGOMERY CTY SHERIFF DEPT,MONTGOMERY,US0060,,OWINGSVILLE,RD,38.09093857,-83.89785489,8.838,6/8/2017,1610,2,2,0,0,CLEAR,DRY,FALSE,OTHER ROADWAY OR MID-BLOCK COLLISION,REAR END,STRAIGHT & LEVEL,DAYLIGHT,5,O,087-US-0060  -000
20118939,MONTGOMERY CTY SHERIFF DEPT,MONTGOMERY,,,OLD OWINGSVILLE,RD,38.06204267,-83.93127001,2.173,6/19/2017,1414,2,2,0,0,CLEAR,DRY,FALSE,REAR END IN TRAFFIC LANES BOTH VEHICLES MOVING,REAR END,CURVE & LEVEL,DAYLIGHT,5,O,087-CR-1029  -000
20118945,MONTGOMERY CTY SHERIFF DEPT,MONTGOMERY,KY0686,,INDIAN MOUND,DR,38.05886375,-83.95565631,1.306,6/9/2017,1715,2,2,0,0,CLEAR,DRY,FALSE,REAR END IN TRAFFIC LANES BOTH VEHICLES MOVING,REAR END,STRAIGHT & GRADE,DAYLIGHT,5,O,087-KY-0686  -000
20118954,MONTGOMERY CTY SHERIFF DEPT,MONTGOMERY,,,SCIENCE RIDGE,RD,37.97056505,-83.81874111,0.24,6/28/2017,1538,2,2,0,2,CLEAR,DRY,FALSE,SIDESWIPE COLLISION - OPPOSITE DIRECTION,SIDESWIPE-OPPOSITE DIRECTION,STRAIGHT & GRADE,DAYLIGHT,3,B,087-CR-1107  -000
20122509,MT. STERLING POLICE DEPARTMENT,MONTGOMERY,,,EVANS,AVE,38.07549375,-83.94915535,0.009,6/30/2017,801,2,2,0,0,CLEAR,DRY,FALSE,1 VEHICLE ENTERING/LEAVING ENTRANCE,ANGLE,STRAIGHT & LEVEL,DAYLIGHT,5,O,087-CS-1116  -000
20128319,"KY STATE POLICE, POST 08",MONTGOMERY,US0460,,MAYSVILLE,ST,38.06953824,-83.94656009,8.615,7/2/2017,2237,1,1,0,0,CLEAR,DRY,FALSE,COLLISION WITH ANIMAL NON INTERSECTION,SINGLE VEHICLE,STRAIGHT & GRADE,DARK-HWY LIGHTED/ON,5,O,087-US-0460  -000
20133194,MT. STERLING POLICE DEPARTMENT,MONTGOMERY,US0460,,MAYSVILLE,RD,38.07772743,-83.94954872,8.031,7/5/2017,1638,2,2,0,0,CLOUDY,WET,FALSE,ANGLE COLLISION - OTHER,ANGLE,STRAIGHT & LEVEL,DAYLIGHT,5,O,087-US-0460  -000
20150595,MT. STERLING POLICE DEPARTMENT,MONTGOMERY,,234,MITCHELL,ST,38.06220174,-83.93795713,0.154,7/9/2017,1113,1,1,0,0,CLEAR,DRY,FALSE,COLLISION WITH FIXED OBJECT NON - INTERSECTION - FIRST EVENT COLLISION 09 - 32 EXCLUDING 16,SINGLE VEHICLE,STRAIGHT & HILLCREST,DAYLIGHT,5,O,087-CS-1081  -000
20185843,MT. STERLING POLICE DEPARTMENT,MONTGOMERY,US0460,,MAYSVILLE,ST,38.07412258,-83.94826194,8.277,7/11/2017,826,2,2,0,0,CLEAR,DRY,FALSE,ANGLE COLLISION - OTHER,ANGLE,STRAIGHT & LEVEL,DAYLIGHT,5,O,087-US-0460  -000
20206711,MONTGOMERY CTY SHERIFF DEPT,MONTGOMERY,KY0011,,MAYSVILLE,RD,38.10452251,-83.9546675,11.203,7/3/2017,58,1,1,0,0,CLEAR,DRY,FALSE,COLLISION WITH ANIMAL NON INTERSECTION,SINGLE VEHICLE,STRAIGHT & LEVEL,DARK-HWY NOT LIGHTED,5,O,087-KY-0011  -000
20206722,MONTGOMERY CTY SHERIFF DEPT,MONTGOMERY,,,FOXGLOVE,DR,38.06552209,-83.95556406,0.004,6/21/2017,1236,2,2,0,0,CLEAR,DRY,FALSE,VEHICLE BACKING NON INTERSECTION,BACKING,STRAIGHT & LEVEL,DAYLIGHT,5,O,087-PR-1352  -000
20206726,MONTGOMERY CTY SHERIFF DEPT,MONTGOMERY,,5766,DONALDSON,RD,38.08928916,-84.05028958,1.847,7/1/2017,2200,1,1,0,0,CLEAR,DRY,FALSE,COLLISION WITH ANIMAL NON INTERSECTION,SINGLE VEHICLE,STRAIGHT & LEVEL,DARK-HWY LIGHTED/OFF,5,O,087-CR-1322  -000