IncidentID,AgencyName,County,RdwyNumber,Street,RoadwayName,StreetSfx,Latitude,Longitude,Milepoint,CollisionDate,CollisionTime,UnitsInvolved,MotorVehiclesInvolved,NumberKilled,NumberInjured,Weather,RdwyConditionCode,HitandRun,DirAnalysisCode,MannerofCollision,RdwyCharacter,LightCondition,KABCO Code,KABCO,RT_UNIQUE
20206727,MONTGOMERY CTY SHERIFF DEPT,MONTGOMERY,KY0646,191,NEST EGG,RD,37.96912021,-83.93863585,4.682,7/7/2017,2311,1,1,0,0,RAINING,WET,FALSE,COLLISION WITH FIXED OBJECT NON - INTERSECTION - FIRST EVENT COLLISION 09 - 32 EXCLUDING 16,SINGLE VEHICLE,STRAIGHT & LEVEL,DARK-HWY NOT LIGHTED,5,O,087-KY-0646  -000
20206732,MONTGOMERY CTY SHERIFF DEPT,MONTGOMERY,KY0713,,HIGH,ST,38.05802119,-83.95585992,5.794,7/3/2017,2200,2,2,0,5,CLEAR,DRY,FALSE,OTHER INTERSECTION COLLISIONS,REAR END,STRAIGHT & LEVEL,DARK-HWY LIGHTED/ON,2,A,087-KY-0713  -000
20206733,MONTGOMERY CTY SHERIFF DEPT,MONTGOMERY,KY0011,,LEVEE,RD,38.00614546,-83.94464143,6.694,7/2/2017,1630,2,2,0,0,CLEAR,DRY,TRUE,SIDESWIPE COLLISION - OPPOSITE DIRECTION,SIDESWIPE-OPPOSITE DIRECTION,STRAIGHT & LEVEL,DAYLIGHT,5,O,087-KY-0011  -000
20206735,MONTGOMERY CTY SHERIFF DEPT,MONTGOMERY,,305,FORD,AVE,38.03921207,-83.94229529,0.024,7/4/2017,1100,2,2,0,0,RAINING,WET,FALSE,1 VEHICLE PARKED POSITION (NOT PARKING LOT/DRIVEWAY),BACKING,STRAIGHT & LEVEL,DAYLIGHT,5,O,087-CR-1129  -000
20206740,MONTGOMERY CTY SHERIFF DEPT,MONTGOMERY,US0060,,WINCHESTER,RD,38.03151097,-84.02541461,0.063,7/7/2017,1615,2,2,0,0,CLEAR,DRY,FALSE,REAR END IN TRAFFIC LANES BOTH VEHICLES MOVING,REAR END,CURVE & GRADE,DAYLIGHT,5,O,087-US-0060  -000
20206745,MONTGOMERY CTY SHERIFF DEPT,MONTGOMERY,US0060,,WINCHESTER,RD,38.05177307,-83.97336438,3.378,7/13/2017,520,1,1,0,1,CLOUDY,DRY,FALSE,OTHER ROADWAY OR MID-BLOCK COLLISION,SINGLE VEHICLE,CURVE & LEVEL,DARK-HWY NOT LIGHTED,3,B,087-US-0060  -000
20206746,MONTGOMERY CTY SHERIFF DEPT,MONTGOMERY,KY0011,,LEVEE,RD,37.99372431,-83.94110961,5.777,7/2/2017,2105,1,1,0,1,CLEAR,DRY,FALSE,COLLISION WITH ANIMAL NON INTERSECTION,SINGLE VEHICLE,STRAIGHT & LEVEL,DAYLIGHT,4,C,087-KY-0011  -000
20206751,MONTGOMERY CTY SHERIFF DEPT,MONTGOMERY,US0460,,MAIN,ST,37.96936289,-83.82790706,18.742,7/12/2017,1717,2,2,0,2,CLEAR,DRY,FALSE,REAR END IN TRAFFIC LANES BOTH VEHICLES MOVING,REAR END,CURVE & GRADE,DAYLIGHT,3,B,087-US-0460  -000
20206756,MONTGOMERY CTY SHERIFF DEPT,MONTGOMERY,US0060,,WINCHESTER,RD,38.03149405,-84.02541999,0.073,6/30/2017,1117,2,2,0,1,CLEAR,DRY,FALSE,REAR END IN TRAFFIC LANES BOTH VEHICLES MOVING,REAR END,STRAIGHT & HILLCREST,DAYLIGHT,4,C,087-US-0060  -000
20206762,MONTGOMERY CTY SHERIFF DEPT,MONTGOMERY,US0460,,CAMARGO,RD,37.99360252,-83.88679093,15.104,7/11/2017,1229,2,2,0,0,CLEAR,DRY,FALSE,1 VEHICLE ENTERING/LEAVING ENTRANCE,ANGLE,STRAIGHT & LEVEL,DAYLIGHT,5,O,087-US-0460  -000
20208942,MT. STERLING POLICE DEPARTMENT,MONTGOMERY,,,COMMONWEALTH,DR,38.06734994,-83.9554764,0.003,7/15/2017,1731,2,2,0,1,CLEAR,DRY,FALSE,OTHER ROADWAY OR MID-BLOCK COLLISION,REAR END,STRAIGHT & LEVEL,DAYLIGHT,4,C,087-CS-1181  -000
20208945,MT. STERLING POLICE DEPARTMENT,MONTGOMERY,KY1991,,HINKSTON,PIKE,38.06540778,-83.94518197,0.001,7/18/2017,1656,2,2,0,0,CLEAR,DRY,FALSE,VEHICLE BACKING NON INTERSECTION,BACKING,STRAIGHT & GRADE,DAYLIGHT,5,O,087-KY-1991  -000
20221606,MT. STERLING POLICE DEPARTMENT,MONTGOMERY,,196,EVANS,AVE,38.07544426,-83.95145397,0.166,7/21/2017,1112,2,2,0,0,CLEAR,DRY,FALSE,1 VEHICLE PARKED POSITION (NOT PARKING LOT/DRIVEWAY),BACKING,STRAIGHT & LEVEL,DAYLIGHT,5,O,087-CS-1116  -000
20230798,"KY STATE POLICE, POST 08",MONTGOMERY,,,ROGERS MILL,RD,38.16839184,-83.97686387,1.894,7/15/2017,1015,2,2,0,0,CLEAR,DRY,FALSE,RAN OFF ROADWAY (1 VEHICLE WITH/EARTH EMBANKMENT/DITCH),HEAD ON,CURVE & GRADE,DAYLIGHT,5,O,087-CR-1314  -000
20233857,MT. STERLING POLICE DEPARTMENT,MONTGOMERY,,4,CHENAULT,DR,38.06192675,-83.9504559,0.038,7/17/2017,1153,1,1,0,0,CLEAR,DRY,FALSE,COLLISION WITH FIXED OBJECT NON - INTERSECTION - FIRST EVENT COLLISION 09 - 32 EXCLUDING 16,SINGLE VEHICLE,STRAIGHT & LEVEL,DAYLIGHT,5,O,087-CS-1032  -000
20242065,MT. STERLING POLICE DEPARTMENT,MONTGOMERY,US0060,,MAIN,ST,38.05744148,-83.93752707,5.387,7/12/2017,1718,2,2,0,0,CLEAR,DRY,FALSE,REAR END IN TRAFFIC LANES BOTH VEHICLES MOVING,REAR END,STRAIGHT & LEVEL,OTHER,5,O,087-US-0060  -000
20242066,MT. STERLING POLICE DEPARTMENT,MONTGOMERY,,204,WILLOW,ST,38.06127154,-83.93787235,0.26,7/22/2017,336,2,2,0,0,CLEAR,DRY,TRUE,1 VEHICLE PARKED POSITION (NOT PARKING LOT/DRIVEWAY),ANGLE,STRAIGHT & LEVEL,DARK-HWY NOT LIGHTED,5,O,087-CS-1078  -000
20242079,MT. STERLING POLICE DEPARTMENT,MONTGOMERY,KY0686,,INDIAN MOUND,DR,38.0580566,-83.95585189,1.362,7/25/2017,1140,2,2,0,0,CLEAR,DRY,FALSE,OTHER INTERSECTION COLLISIONS,REAR END,STRAIGHT & LEVEL,DAYLIGHT,5,O,087-KY-0686  -000
20248074,MT. STERLING POLICE DEPARTMENT,MONTGOMERY,US0460,1100,CAMARGO,RD,38.04170827,-83.93431692,10.716,7/25/2017,1458,3,3,0,0,CLEAR,DRY,FALSE,OTHER ROADWAY OR MID-BLOCK COLLISION,REAR END,STRAIGHT & LEVEL,DAYLIGHT,5,O,087-US-0460  -000
20248075,MT. STERLING POLICE DEPARTMENT,MONTGOMERY,KY0686,1334,INDIAN MOUND,DR,38.04986831,-83.95644793,1.931,7/26/2017,746,2,2,0,0,CLEAR,DRY,FALSE,1 VEHICLE PARKED POSITION (NOT PARKING LOT/DRIVEWAY),ANGLE,STRAIGHT & LEVEL,DAYLIGHT,5,O,087-KY-0686  -000
20248078,MT. STERLING POLICE DEPARTMENT,MONTGOMERY,KY1991,22,HINKSTON,PIKE,38.06541182,-83.94494135,0.014,7/26/2017,1010,1,1,0,0,CLEAR,DRY,FALSE,COLLISION WITH FIXED OBJECT NON - INTERSECTION - FIRST EVENT COLLISION 09 - 32 EXCLUDING 16,SINGLE VEHICLE,STRAIGHT & GRADE,DAYLIGHT,5,O,087-KY-1991  -000
20273372,MT. STERLING POLICE DEPARTMENT,MONTGOMERY,,412,JACKSON,ST,38.05596209,-83.93515171,0.051,7/30/2017,1729,2,2,0,0,CLEAR,DRY,FALSE,1 VEHICLE PARKED POSITION (NOT PARKING LOT/DRIVEWAY),BACKING,STRAIGHT & GRADE,DAYLIGHT,5,O,087-CS-1020  -000
20280684,MT. STERLING POLICE DEPARTMENT,MONTGOMERY,,412,HIGH,ST,38.05897758,-83.93617308,0.357,8/1/2017,847,1,1,0,1,CLEAR,DRY,FALSE,COLLISION WITH FIXED OBJECT NON - INTERSECTION - FIRST EVENT COLLISION 09 - 32 EXCLUDING 16,SINGLE VEHICLE,STRAIGHT & GRADE,DAYLIGHT,3,B,087-CS-1073  -000
20303205,MT. STERLING POLICE DEPARTMENT,MONTGOMERY,,,HIGH,ST,38.05690555,-83.94762816,0.036,7/8/2017,46,1,1,0,0,CLEAR,DRY,TRUE,COLLISION WITH FIXED OBJECT NON - INTERSECTION - FIRST EVENT COLLISION 09 - 32 EXCLUDING 16,SINGLE VEHICLE,CURVE & GRADE,DARK-HWY LIGHTED/ON,5,O,087-CS-1052  -000
20303212,MT. STERLING POLICE DEPARTMENT,MONTGOMERY,,,MT STERLING,PLZ,38.07304878,-83.94854033,0.058,8/3/2017,1825,1,1,0,1,CLEAR,DRY,FALSE,COLLISION WITH FIXED OBJECT NON - INTERSECTION - FIRST EVENT COLLISION 09 - 32 EXCLUDING 16,SINGLE VEHICLE,CURVE & GRADE,DAYLIGHT,3,B,087-PR-1371  -000
20303213,MT. STERLING POLICE DEPARTMENT,MONTGOMERY,,13,BANK,ST,38.05679399,-83.94359429,0.048,8/2/2017,1047,1,1,0,0,CLEAR,DRY,FALSE,COLLISION WITH FIXED OBJECT NON - INTERSECTION - FIRST EVENT COLLISION 09 - 32 EXCLUDING 16,SINGLE VEHICLE,STRAIGHT & LEVEL,DAYLIGHT,5,O,087-CS-1060  -000
20303215,MT. STERLING POLICE DEPARTMENT,MONTGOMERY,,,HARRISON,AVE,38.05835989,-83.94052328,0.298,8/4/2017,2041,2,2,0,0,CLOUDY,DRY,FALSE,1 VEHICLE PARKED POSITION (NOT PARKING LOT/DRIVEWAY),BACKING,STRAIGHT & LEVEL,DUSK,5,O,087-CS-1089  -000
20303218,MT. STERLING POLICE DEPARTMENT,MONTGOMERY,US0460,637,MAYSVILLE,ST,38.07406401,-83.9481533,8.287,8/5/2017,1017,2,2,0,0,CLEAR,DRY,FALSE,VEHICLE BACKING NON INTERSECTION,BACKING,STRAIGHT & LEVEL,DAYLIGHT,5,O,087-US-0460  -000
20303219,MT. STERLING POLICE DEPARTMENT,MONTGOMERY,KY0686,,INDIAN MOUND,DR,38.06734434,-83.95543019,0.721,8/5/2017,1329,2,2,0,0,CLEAR,DRY,FALSE,ANGLE COLLISION - OTHER,ANGLE,STRAIGHT & LEVEL,DAYLIGHT,5,O,087-KY-0686  -000
20311092,MT. STERLING POLICE DEPARTMENT,MONTGOMERY,KY0686,,INDIAN MOUND,DR,38.05387678,-83.95648887,1.653,7/27/2017,1120,2,2,0,0,CLOUDY,DRY,FALSE,OTHER INTERSECTION COLLISIONS,REAR END,STRAIGHT & LEVEL,DAYLIGHT,5,O,087-KY-0686  -000
20311107,MT. STERLING POLICE DEPARTMENT,MONTGOMERY,,,SYCAMORE,ST,38.05977973,-83.9464424,0.233,7/22/2017,2107,1,1,0,0,CLEAR,DRY,FALSE,COLLISION WITH FIXED OBJECT NON - INTERSECTION - FIRST EVENT COLLISION 09 - 32 EXCLUDING 16,SINGLE VEHICLE,STRAIGHT & LEVEL,DAYLIGHT,5,O,087-CS-1054  -000
20311197,MT. STERLING POLICE DEPARTMENT,MONTGOMERY,,,VANCE,DR,38.07425577,-83.95146054,0.046,8/3/2017,1336,2,2,0,0,CLEAR,DRY,TRUE,1 VEHICLE ENTERING/LEAVING ENTRANCE,ANGLE,STRAIGHT & LEVEL,DAYLIGHT,5,O,087-CS-1115  -000
20340682,MT. STERLING POLICE DEPARTMENT,MONTGOMERY,,,KENNEDY,CT,38.05888422,-83.93858307,0.029,8/4/2017,2130,1,1,0,0,CLEAR,DRY,FALSE,COLLISION WITH FIXED OBJECT NON - INTERSECTION - FIRST EVENT COLLISION 09 - 32 EXCLUDING 16,SINGLE VEHICLE,STRAIGHT & LEVEL,DARK-HWY NOT LIGHTED,5,O,087-CS-1086  -000
20355911,MT. STERLING POLICE DEPARTMENT,MONTGOMERY,US0460,,CAMARGO,RD,38.04176717,-83.93419395,10.671,8/13/2017,1520,2,2,0,0,CLEAR,DRY,FALSE,OTHER ROADWAY OR MID-BLOCK COLLISION,REAR END,STRAIGHT & LEVEL,DAYLIGHT,5,O,087-US-0460  -000
20362585,MT. STERLING POLICE DEPARTMENT,MONTGOMERY,KY0686,,INDIAN MOUND,DR,38.07364308,-83.95122138,0.17,8/3/2017,847,2,2,0,0,CLEAR,DRY,TRUE,ANGLE COLLISION - ONE VEHICLE TURNING LEFT,ANGLE,STRAIGHT & LEVEL,DAYLIGHT,5,O,087-KY-0686  -000
20374832,MONTGOMERY CTY SHERIFF DEPT,MONTGOMERY,KY0011,,LEVEE,RD,37.96596344,-83.93911909,3.708,7/7/2017,2145,2,2,0,0,RAINING,WET,FALSE,1 VEHICLE PARKED POSITION (NOT PARKING LOT/DRIVEWAY),ANGLE,CURVE & LEVEL,DARK-HWY NOT LIGHTED,5,O,087-KY-0011  -000
20374834,MONTGOMERY CTY SHERIFF DEPT,MONTGOMERY,,,FOGG,PIKE,38.0317682,-83.98019076,2.108,7/16/2017,2226,1,1,0,0,CLEAR,DRY,FALSE,COLLISION WITH FIXED OBJECT IN INTERSECTION - FIRST EVENT COLLISION 09 - 32,SINGLE VEHICLE,STRAIGHT & LEVEL,DARK-HWY NOT LIGHTED,5,O,087-CR-1227  -000
20374839,MONTGOMERY CTY SHERIFF DEPT,MONTGOMERY,KY0686,,INDIAN MOUND,DR,38.04077361,-83.93972314,3.202,7/15/2017,1700,1,1,0,0,CLEAR,DRY,FALSE,COLLISION WITH FIXED OBJECT NON - INTERSECTION - FIRST EVENT COLLISION 09 - 32 EXCLUDING 16,SINGLE VEHICLE,CURVE & GRADE,DAYLIGHT,5,O,087-KY-0686  -000
20377462,MT. STERLING POLICE DEPARTMENT,MONTGOMERY,,,HIGH,ST,38.05959125,-83.93351206,0.508,8/10/2017,1811,2,2,0,0,CLEAR,DRY,FALSE,1 VEHICLE PARKED POSITION (NOT PARKING LOT/DRIVEWAY),BACKING,STRAIGHT & LEVEL,DAYLIGHT,5,O,087-CS-1073  -000
20390705,MONTGOMERY CTY SHERIFF DEPT,MONTGOMERY,US0060,,WINCHESTER,RD,38.05133513,-83.97417046,3.326,7/16/2017,253,1,1,0,2,CLEAR,DRY,FALSE,COLLISION WITH FIXED OBJECT NON - INTERSECTION - FIRST EVENT COLLISION 09 - 32 EXCLUDING 16,SINGLE VEHICLE,CURVE & LEVEL,DARK-HWY NOT LIGHTED,2,A,087-US-0060  -000
20390720,MONTGOMERY CTY SHERIFF DEPT,MONTGOMERY,US0060,700,WINCHESTER,RD,38.05346447,-83.96027647,4.102,7/21/2017,1245,2,2,0,0,CLEAR,DRY,FALSE,REAR END IN TRAFFIC LANES BOTH VEHICLES MOVING,REAR END,STRAIGHT & HILLCREST,DAYLIGHT,5,O,087-US-0060  -000
20390724,MONTGOMERY CTY SHERIFF DEPT,MONTGOMERY,,,PERRY,PIKE,38.03200276,-83.85819356,0.071,7/24/2017,754,1,1,0,0,CLEAR,DRY,FALSE,RAN OFF ROADWAY (1 VEHICLE WITH/EARTH EMBANKMENT/DITCH),SINGLE VEHICLE,STRAIGHT & LEVEL,DAYLIGHT,5,O,087-CR-1100  -000
20390762,MONTGOMERY CTY SHERIFF DEPT,MONTGOMERY,,545,FOGG,PIKE,38.04127099,-83.95726933,0.519,7/22/2017,1957,1,1,0,1,CLEAR,DRY,FALSE,RAN OFF ROADWAY (1 VEHICLE WITH/EARTH EMBANKMENT/DITCH),SINGLE VEHICLE,STRAIGHT & GRADE,DAYLIGHT,2,A,087-CR-1227  -000
20390767,MONTGOMERY CTY SHERIFF DEPT,MONTGOMERY,US0460,,MAIN,ST,37.97228191,-83.83824223,18.133,7/19/2017,1505,1,1,0,0,CLEAR,DRY,FALSE,COLLISION WITH FIXED OBJECT NON - INTERSECTION - FIRST EVENT COLLISION 09 - 32 EXCLUDING 16,SINGLE VEHICLE,STRAIGHT & LEVEL,DAYLIGHT,5,O,087-US-0460  -000
20390772,MONTGOMERY CTY SHERIFF DEPT,MONTGOMERY,KY3362,,AARONS RUN,RD,38.11407242,-84.03495397,0.121,7/16/2017,1250,2,2,0,0,CLEAR,DRY,FALSE,HEAD-ON COLLISION,HEAD ON,STRAIGHT & LEVEL,DAYLIGHT,5,O,087-KY-3362  -000
20390801,MONTGOMERY CTY SHERIFF DEPT,MONTGOMERY,KY0011,,LEVEE,RD,37.95178741,-83.93617827,2.684,7/26/2017,1847,2,2,0,3,CLEAR,DRY,FALSE,1 VEHICLE ENTERING/LEAVING ENTRANCE,ANGLE,STRAIGHT & LEVEL,DAYLIGHT,3,B,087-KY-0011  -000
20390827,MONTGOMERY CTY SHERIFF DEPT,MONTGOMERY,US0460,,MAIN,ST,37.97808319,-83.856269,17.124,7/21/2017,2220,2,2,0,0,CLEAR,DRY,TRUE,SIDESWIPE COLLISION - SAME DIRECTION,SIDESWIPE-SAME DIRECTION,STRAIGHT & LEVEL,DARK (UNKNOWN ROADWAY LIGHTING),5,O,087-US-0460  -000
20390842,MONTGOMERY CTY SHERIFF DEPT,MONTGOMERY,US0060,,OWINGSVILLE,RD,38.07993987,-83.90648469,7.915,7/15/2017,602,1,1,0,0,CLEAR,DRY,FALSE,COLLISION WITH ANIMAL NON INTERSECTION,SINGLE VEHICLE,STRAIGHT & LEVEL,DAWN,5,O,087-US-0060  -000
20390867,MONTGOMERY CTY SHERIFF DEPT,MONTGOMERY,,,TWIN OAKS,BLVD,38.09802113,-83.9147483,0.321,7/28/2017,900,2,2,0,0,CLOUDY,DRY,FALSE,1 VEHICLE PARKED POSITION (NOT PARKING LOT/DRIVEWAY),SIDESWIPE-OPPOSITE DIRECTION,STRAIGHT & LEVEL,DAYLIGHT,5,O,087-CR-1034  -000
20390875,MONTGOMERY CTY SHERIFF DEPT,MONTGOMERY,,,QUEEN,ST,38.05589688,-83.93871329,0.001,7/12/2017,1814,2,2,0,0,CLEAR,DRY,FALSE,OTHER INTERSECTION COLLISIONS,REAR END,STRAIGHT & LEVEL,DAYLIGHT,5,O,087-CS-1080  -000
20390931,MONTGOMERY CTY SHERIFF DEPT,MONTGOMERY,KY3363,,SAWMILL,RD,37.93431351,-83.90899297,0.789,7/25/2017,1548,1,1,0,0,RAINING,WET,FALSE,RAN OFF ROADWAY (1 VEHICLE WITH/EARTH EMBANKMENT/DITCH),SINGLE VEHICLE,CURVE & LEVEL,DAYLIGHT,5,O,087-KY-3363  -000
20390972,MONTGOMERY CTY SHERIFF DEPT,MONTGOMERY,KY0011,1485,LEVEE,RD,38.03354245,-83.94967796,8.749,5/25/2017,1925,1,1,0,1,CLEAR,DRY,FALSE,RAN OFF ROADWAY (1 VEHICLE WITH/EARTH EMBANKMENT/DITCH),SINGLE VEHICLE,STRAIGHT & LEVEL,DAYLIGHT,3,B,087-KY-0011  -000
20390981,MONTGOMERY CTY SHERIFF DEPT,MONTGOMERY,,,OLD OWINGSVILLE,RD,38.06199433,-83.93098828,2.157,7/21/2017,1710,2,2,0,0,CLEAR,DRY,FALSE,VEHICLE BACKING NON INTERSECTION,BACKING,CURVE & GRADE,DAYLIGHT,5,O,087-CR-1029  -000
20390988,MONTGOMERY CTY SHERIFF DEPT,MONTGOMERY,US0460,,CAMARGO,RD,38.00131997,-83.89942454,14.187,7/1/2017,1149,3,3,0,0,CLEAR,DRY,FALSE,REAR END IN TRAFFIC LANES BOTH VEHICLES MOVING,REAR END,STRAIGHT & GRADE,DAYLIGHT,5,O,087-US-0460  -000
20391002,MONTGOMERY CTY SHERIFF DEPT,MONTGOMERY,KY0213,,BEDFORD,RD,38.01537746,-83.82583177,8.554,7/28/2017,1418,1,1,0,0,RAINING,WET,FALSE,RAN OFF ROADWAY (1 VEHICLE WITH/EARTH EMBANKMENT/DITCH),SINGLE VEHICLE,CURVE & LEVEL,DAYLIGHT,5,O,087-KY-0213  -000
20391035,MONTGOMERY CTY SHERIFF DEPT,MONTGOMERY,KY0213,,KY213,,37.90863196,-83.87114872,0.168,7/28/2017,1538,1,1,0,0,RAINING,WET,FALSE,COLLISION WITH FIXED OBJECT NON - INTERSECTION - FIRST EVENT COLLISION 09 - 32 EXCLUDING 16,SINGLE VEHICLE,CURVE & GRADE,DAYLIGHT,5,O,087-CR-1157  -000
20391067,MONTGOMERY CTY SHERIFF DEPT,MONTGOMERY,US0060,3060,OWINGSVILLE,RD,38.086275,-83.89954081,8.5,8/1/2017,2000,2,2,0,0,RAINING,WET,FALSE,1 VEHICLE ENTERING/LEAVING ENTRANCE,ANGLE,STRAIGHT & LEVEL,DARK-HWY NOT LIGHTED,5,O,087-US-0060  -000
20391075,MONTGOMERY CTY SHERIFF DEPT,MONTGOMERY,KY1991,1305,HINKSTON,PIKE,38.07985615,-83.93267947,1.297,8/10/2017,1000,1,1,0,0,RAINING,WET,FALSE,COLLISION WITH FIXED OBJECT NON - INTERSECTION - FIRST EVENT COLLISION 09 - 32 EXCLUDING 16,SINGLE VEHICLE,CURVE & GRADE,DAYLIGHT,5,O,087-KY-1991  -000
20391104,MONTGOMERY CTY SHERIFF DEPT,MONTGOMERY,KY0646,8100,CREAM ALLEY,RD,37.96438166,-83.91329579,3.262,8/3/2017,1658,1,1,0,0,CLEAR,DRY,FALSE,RAN OFF ROADWAY (1 VEHICLE WITH/EARTH EMBANKMENT/DITCH),SINGLE VEHICLE,STRAIGHT & LEVEL,DAYLIGHT,5,O,087-KY-0646  -000
20391145,MONTGOMERY CTY SHERIFF DEPT,MONTGOMERY,KY0011,2000,LEVEE,RD,38.00901011,-83.94807884,6.977,7/28/2017,218,1,1,0,0,CLEAR,DRY,FALSE,COLLISION WITH FIXED OBJECT NON - INTERSECTION - FIRST EVENT COLLISION 09 - 32 EXCLUDING 16,SINGLE VEHICLE,STRAIGHT & LEVEL,DARK-HWY NOT LIGHTED,5,O,087-KY-0011  -000
20391171,MONTGOMERY CTY SHERIFF DEPT,MONTGOMERY,,,DOE RUN,DR,38.07330953,-83.92048683,0.203,8/1/2017,1100,1,1,0,0,CLEAR,DRY,FALSE,COLLISION WITH FIXED OBJECT NON - INTERSECTION - FIRST EVENT COLLISION 09 - 32 EXCLUDING 16,SINGLE VEHICLE,STRAIGHT & GRADE,DAYLIGHT,5,O,087-CR-1005K -000
20391194,MONTGOMERY CTY SHERIFF DEPT,MONTGOMERY,KY0646,,WILLOUGHBY TOWN,RD,37.9428633,-83.8698467,0.321,8/6/2017,1943,1,1,0,1,RAINING,WET,FALSE,RAN OFF ROADWAY (1 VEHICLE WITH/EARTH EMBANKMENT/DITCH),SINGLE VEHICLE,CURVE & GRADE,DAYLIGHT,3,B,087-KY-0646  -000
20391248,MONTGOMERY CTY SHERIFF DEPT,MONTGOMERY,,,FAIRGROUND,RD,38.08266691,-83.90219003,0.009,8/1/2017,2217,2,2,0,0,CLEAR,DRY,FALSE,REAR END IN TRAFFIC LANES BOTH VEHICLES MOVING,REAR END,STRAIGHT & GRADE,DARK-HWY LIGHTED/ON,5,O,087-CR-1028  -000
20391258,MONTGOMERY CTY SHERIFF DEPT,MONTGOMERY,,,SHELTON,WAY,38.07242311,-83.89166829,0.39,7/28/2017,2020,2,2,0,0,CLEAR,DRY,FALSE,1 VEHICLE PARKED POSITION (NOT PARKING LOT/DRIVEWAY),BACKING,STRAIGHT & LEVEL,DAYLIGHT,5,O,087-CR-1030  -000
20391276,MONTGOMERY CTY SHERIFF DEPT,MONTGOMERY,KY0011,,LEVEE,RD,38.01119281,-83.95052835,7.185,8/2/2017,1736,1,1,0,2,RAINING,WET,FALSE,RAN OFF ROADWAY (1 VEHICLE WITH/EARTH EMBANKMENT/DITCH),SINGLE VEHICLE,CURVE & LEVEL,DAYLIGHT,4,C,087-KY-0011  -000
20391283,MONTGOMERY CTY SHERIFF DEPT,MONTGOMERY,US0060,,OWINGSVILLE,RD,38.09452892,-83.89777841,9.085,8/7/2017,1721,2,2,0,0,CLEAR,DRY,FALSE,VEHICLE BACKING NON INTERSECTION,BACKING,STRAIGHT & LEVEL,DAYLIGHT,5,O,087-US-0060  -000
20391318,MONTGOMERY CTY SHERIFF DEPT,MONTGOMERY,KY0686,,INDIAN MOUND,DR,38.0580657,-83.9561016,1.363,7/24/2017,1440,2,2,0,0,CLEAR,DRY,FALSE,SIDESWIPE-SAME DIRECTION,SIDESWIPE-SAME DIRECTION,STRAIGHT & LEVEL,DAYLIGHT,5,O,087-KY-0686  -000
20393141,MONTGOMERY CTY SHERIFF DEPT,MONTGOMERY,US0460,,CAMARGO,RD,38.00930628,-83.90542444,13.53,8/14/2017,1121,2,2,0,0,CLEAR,DRY,FALSE,REAR END IN TRAFFIC LANES BOTH VEHICLES MOVING,REAR END,STRAIGHT & LEVEL,DAYLIGHT,5,O,087-US-0460  -000
20393148,MONTGOMERY CTY SHERIFF DEPT,MONTGOMERY,US0460,,CAMARGO,RD,37.99555739,-83.89164478,14.796,7/1/2017,1149,2,2,0,0,CLEAR,DRY,FALSE,REAR END IN TRAFFIC LANES BOTH VEHICLES MOVING,REAR END,STRAIGHT & LEVEL,DAYLIGHT,5,O,087-US-0460  -000
20393149,MONTGOMERY CTY SHERIFF DEPT,MONTGOMERY,,,QUISENBERRY,RD,38.09885854,-83.84906271,2.787,8/17/2017,452,1,1,0,0,CLOUDY,DRY,FALSE,RAN OFF ROADWAY (1 VEHICLE WITH/EARTH EMBANKMENT/DITCH),SINGLE VEHICLE,CURVE & GRADE,DARK-HWY NOT LIGHTED,5,O,087-CR-1011  -000
20409922,MT. STERLING POLICE DEPARTMENT,MONTGOMERY,,114,ESTILL,ST,38.06006529,-83.93635462,0.073,8/19/2017,1603,2,2,0,0,CLEAR,OTHER,FALSE,1 VEHICLE PARKED POSITION (NOT PARKING LOT/DRIVEWAY),BACKING,STRAIGHT & GRADE,DAYLIGHT,5,O,087-CS-1036  -000
20411364,"KY STATE POLICE, POST 08",MONTGOMERY,KY1314,,CALK LAKE,RD,37.91373549,-83.85828612,0.669,8/9/2017,1019,2,2,0,0,CLEAR,DRY,FALSE,REAR END IN TRAFFIC LANES BOTH VEHICLES MOVING,REAR END,CURVE & LEVEL,DAYLIGHT,5,O,087-KY-1314  -000
20417746,MT. STERLING POLICE DEPARTMENT,MONTGOMERY,KY0713,,LOCUST,ST,38.05594328,-83.93873766,6.463,8/21/2017,1501,2,2,0,0,CLEAR,DRY,FALSE,REAR END IN TRAFFIC LANES BOTH VEHICLES MOVING,REAR END,STRAIGHT & HILLCREST,DAYLIGHT,5,O,087-KY-0713  -000
20430688,MT. STERLING POLICE DEPARTMENT,MONTGOMERY,KY0686,,INDIAN MOUND,DR,38.07341559,-83.95114446,0.172,8/23/2017,1509,2,2,0,0,CLEAR,DRY,FALSE,1 VEHICLE ENTERING/LEAVING ENTRANCE,ANGLE,STRAIGHT & LEVEL,DAYLIGHT,5,O,087-KY-0686  -000
20430696,MT. STERLING POLICE DEPARTMENT,MONTGOMERY,KY0686,,INDIAN MOUND,DR,38.04125215,-83.94792926,2.746,8/24/2017,1048,2,2,0,1,CLEAR,DRY,FALSE,OTHER INTERSECTION COLLISIONS,REAR END,STRAIGHT & LEVEL,DAYLIGHT,4,C,087-KY-0686  -000