IncidentID,AgencyName,County,RdwyNumber,Street,RoadwayName,StreetSfx,Latitude,Longitude,Milepoint,CollisionDate,CollisionTime,UnitsInvolved,MotorVehiclesInvolved,NumberKilled,NumberInjured,Weather,RdwyConditionCode,HitandRun,DirAnalysisCode,MannerofCollision,RdwyCharacter,LightCondition,KABCO Code,KABCO,RT_UNIQUE
22961684,MONTGOMERY CTY SHERIFF DEPT,MONTGOMERY,US0460,,MAIN,ST,37.95660572,-83.79219884,20.978,12/21/2017,1935,2,2,0,3,CLEAR,DRY,FALSE,SIDESWIPE COLLISION - OPPOSITE DIRECTION,SIDESWIPE-OPPOSITE DIRECTION,STRAIGHT & LEVEL,DARK-HWY NOT LIGHTED,3,B,087-US-0460  -000
22961687,MONTGOMERY CTY SHERIFF DEPT,MONTGOMERY,,413,HOLT,AVE,38.05993324,-83.95178243,0.291,2/22/2018,920,2,2,0,0,RAINING,WET,TRUE,1 VEHICLE PARKED POSITION (NOT PARKING LOT/DRIVEWAY),SIDESWIPE-SAME DIRECTION,STRAIGHT & GRADE,DARK (UNKNOWN ROADWAY LIGHTING),5,O,087-CS-1051  -000
22962052,MONTGOMERY CTY SHERIFF DEPT,MONTGOMERY,KY0713,,SPENCER,PIKE,38.02688104,-83.79697785,15.34,12/21/2017,1634,2,2,0,0,CLEAR,DRY,FALSE,REAR END - ONE VEHICLE TURNING LEFT,REAR END,STRAIGHT & LEVEL,DAYLIGHT,5,O,087-KY-0713  -000
22971485,MT. STERLING POLICE DEPARTMENT,MONTGOMERY,US0460,1100,CAMARGO,RD,38.04221591,-83.93446399,10.68,2/23/2018,804,3,3,0,1,RAINING,WET,FALSE,OTHER ROADWAY OR MID-BLOCK COLLISION,REAR END,STRAIGHT & LEVEL,DAYLIGHT,4,C,087-US-0460  -000
22994546,MT. STERLING POLICE DEPARTMENT,MONTGOMERY,,,CALK,LN,38.03533156,-83.95010235,0.001,2/19/2018,1311,2,2,0,0,CLEAR,DRY,FALSE,VEHICLE BACKING IN INTERSECTION,BACKING,STRAIGHT & LEVEL,DAYLIGHT,5,O,087-KY-1314  -000
22994549,MT. STERLING POLICE DEPARTMENT,MONTGOMERY,US0460,101,MAYSVILLE,ST,38.07547155,-83.94857726,8.19,2/21/2018,731,2,2,0,0,CLOUDY,DRY,FALSE,OTHER ROADWAY OR MID-BLOCK COLLISION,REAR END,STRAIGHT & GRADE,DAYLIGHT,5,O,087-US-0460  -000
23001920,MT. STERLING POLICE DEPARTMENT,MONTGOMERY,,109,SIDNEY,DR,38.06459428,-83.93888562,0.109,2/20/2018,1830,2,2,0,0,CLEAR,DRY,FALSE,1 VEHICLE PARKED POSITION (NOT PARKING LOT/DRIVEWAY),BACKING,STRAIGHT & LEVEL,DAYLIGHT,5,O,087-CS-1093  -000
23017283,MT. STERLING POLICE DEPARTMENT,MONTGOMERY,KY0686,,INDIAN MOUND,DR,38.06734522,-83.95552829,0.715,3/2/2018,849,2,2,0,1,CLEAR,DRY,FALSE,ANGLE COLLISION - OTHER,ANGLE,STRAIGHT & LEVEL,DAYLIGHT,4,C,087-KY-0686  -000
23033366,MT. STERLING POLICE DEPARTMENT,MONTGOMERY,,203,LARKIN BAY,,38.04990285,-83.95294776,0.014,2/27/2018,1358,2,2,0,0,CLEAR,DRY,FALSE,VEHICLE BACKING NON INTERSECTION,BACKING,STRAIGHT & LEVEL,DAYLIGHT,5,O,087-CS-1152  -000
23052368,MONTGOMERY CTY SHERIFF DEPT,MONTGOMERY,KY0213,3306,BEDFORD,RD,38.01561982,-83.82511192,8.615,2/24/2018,1230,2,2,0,0,RAINING,WET,FALSE,SIDESWIPE COLLISION - OPPOSITE DIRECTION,SIDESWIPE-OPPOSITE DIRECTION,STRAIGHT & GRADE,DAYLIGHT,5,O,087-KY-0213  -000
23052369,MONTGOMERY CTY SHERIFF DEPT,MONTGOMERY,,,ARLINGTON,AVE,38.07356252,-83.89966261,0.466,2/23/2018,1700,2,2,0,0,CLOUDY,DRY,TRUE,ANGLE COLLISION - OTHER,ANGLE,STRAIGHT & LEVEL,DAYLIGHT,5,O,087-CR-1021A -000
23052370,MONTGOMERY CTY SHERIFF DEPT,MONTGOMERY,US0060,,OWINGSVILLE,RD,38.09141647,-83.89782786,8.868,2/23/2018,2309,2,2,0,0,CLOUDY,DRY,FALSE,OTHER INTERSECTION COLLISIONS,REAR END,STRAIGHT & LEVEL,DARK-HWY LIGHTED/ON,5,O,087-US-0060  -000
23052428,MONTGOMERY CTY SHERIFF DEPT,MONTGOMERY,US0460,,CAMARGO,RD,37.9937219,-83.88668461,15.105,2/13/2018,1449,3,3,0,0,CLOUDY,WET,FALSE,REAR END IN TRAFFIC LANES BOTH VEHICLES MOVING,REAR END,STRAIGHT & LEVEL,DAYLIGHT,5,O,087-US-0460  -000
23052429,MONTGOMERY CTY SHERIFF DEPT,MONTGOMERY,US0060,3060,OWINGSVILLE,RD,38.08525705,-83.89784665,8.533,2/15/2018,828,2,2,0,0,CLOUDY,WET,TRUE,1 VEHICLE PARKED POSITION (NOT PARKING LOT/DRIVEWAY),BACKING,STRAIGHT & LEVEL,DAYLIGHT,5,O,087-US-0060  -000
23052431,MONTGOMERY CTY SHERIFF DEPT,MONTGOMERY,US0060,,WINCHESTER,RD,38.03550447,-84.01328643,0.789,3/2/2018,1639,2,2,0,1,CLEAR,DRY,FALSE,REAR END IN TRAFFIC LANES BOTH VEHICLES MOVING,REAR END,STRAIGHT & LEVEL,DAYLIGHT,4,C,087-US-0060  -000
23052432,MONTGOMERY CTY SHERIFF DEPT,MONTGOMERY,,,MARY BRANCH,DR,38.07395888,-83.89906433,0.043,2/9/2018,717,2,2,0,0,CLOUDY,DRY,FALSE,1 VEHICLE PARKED POSITION (NOT PARKING LOT/DRIVEWAY),BACKING,STRAIGHT & GRADE,DAYLIGHT,5,O,087-CR-1021H -000
23052434,MONTGOMERY CTY SHERIFF DEPT,MONTGOMERY,KY0011,,LEVEE,RD,38.02412909,-83.94837983,8.091,1/27/2018,834,1,1,0,0,CLOUDY,DRY,FALSE,OTHER ROADWAY OR MID-BLOCK COLLISION,SINGLE VEHICLE,STRAIGHT & LEVEL,DAYLIGHT,5,O,087-KY-0011  -000
23052435,MONTGOMERY CTY SHERIFF DEPT,MONTGOMERY,US0060,,WINCHESTER,RD,38.03143175,-84.0255502,0.065,3/2/2018,1343,2,2,0,0,CLEAR,DRY,FALSE,REAR END IN TRAFFIC LANES BOTH VEHICLES MOVING,REAR END,STRAIGHT & HILLCREST,DAYLIGHT,5,O,087-US-0060  -000
23052436,MONTGOMERY CTY SHERIFF DEPT,MONTGOMERY,KY0646,4250,NEST EGG,RD,37.96033263,-83.97808984,7.171,3/1/2018,1433,2,2,0,0,RAINING,WET,FALSE,SIDESWIPE COLLISION - OPPOSITE DIRECTION,SIDESWIPE-OPPOSITE DIRECTION,CURVE & GRADE,DAYLIGHT,5,O,087-KY-0646  -000
23052438,MONTGOMERY CTY SHERIFF DEPT,MONTGOMERY,US0460,,PARIS,RD,38.09001439,-83.96274428,6.591,1/5/2017,1231,2,2,0,0,CLEAR,DRY,FALSE,REAR END IN TRAFFIC LANES BOTH VEHICLES MOVING,REAR END,STRAIGHT & GRADE,DAYLIGHT,5,O,087-US-0460  -000
23052439,MONTGOMERY CTY SHERIFF DEPT,MONTGOMERY,,,EDGELAWN,DR,38.0746978,-83.91145549,0.06,2/8/2018,1115,2,2,0,0,CLEAR,DRY,FALSE,1 VEHICLE PARKED POSITION (NOT PARKING LOT/DRIVEWAY),BACKING,STRAIGHT & LEVEL,DAYLIGHT,5,O,087-CR-1022D -000
23052441,MONTGOMERY CTY SHERIFF DEPT,MONTGOMERY,US0460,,PARIS,RD,38.12344224,-84.06452562,0.298,3/1/2018,738,2,2,0,0,CLOUDY,WET,FALSE,REAR END IN TRAFFIC LANES BOTH VEHICLES MOVING,REAR END,STRAIGHT & LEVEL,DAYLIGHT,5,O,087-US-0460  -000
23052448,MONTGOMERY CTY SHERIFF DEPT,MONTGOMERY,,205,DANIEL,LN,37.97724132,-83.84547667,0.133,3/4/2018,800,1,1,0,0,CLEAR,DRY,FALSE,OTHER ROADWAY OR MID-BLOCK COLLISION,SINGLE VEHICLE,CURVE & LEVEL,DAYLIGHT,5,O,087-CR-1118  -000
23052456,MONTGOMERY CTY SHERIFF DEPT,MONTGOMERY,US0460,,MAIN,ST,37.95159752,-83.7800112,21.734,2/27/2018,722,1,1,0,0,CLEAR,DRY,FALSE,OTHER ROADWAY OR MID-BLOCK COLLISION,SINGLE VEHICLE,STRAIGHT & LEVEL,DAYLIGHT,5,O,087-US-0460  -000
23076108,MT. STERLING POLICE DEPARTMENT,MONTGOMERY,US0060,,MAIN,ST,38.05709064,-83.93913361,5.296,3/7/2018,1600,2,2,0,0,CLEAR,DRY,FALSE,1 VEHICLE ENTERING/LEAVING ENTRANCE,ANGLE,STRAIGHT & GRADE,DAYLIGHT,5,O,087-US-0060  -000
23076153,MT. STERLING POLICE DEPARTMENT,MONTGOMERY,KY0686,,INDIAN MOUND,DR,38.04211753,-83.93442252,3.506,2/27/2018,446,2,2,0,0,CLEAR,DRY,FALSE,COLLISION WITH PARKED VEHICLE,SIDESWIPE-OPPOSITE DIRECTION,STRAIGHT & LEVEL,DARK-HWY LIGHTED/ON,5,O,087-KY-0686  -000
23076159,MT. STERLING POLICE DEPARTMENT,MONTGOMERY,,107,CLAY,ST,38.05893576,-83.94459721,0.087,3/8/2018,1138,2,2,0,0,CLEAR,DRY,FALSE,1 VEHICLE PARKED POSITION (NOT PARKING LOT/DRIVEWAY),SIDESWIPE-SAME DIRECTION,STRAIGHT & GRADE,DAYLIGHT,5,O,087-CR-1045  -000
23100869,MONTGOMERY CTY SHERIFF DEPT,MONTGOMERY,,,ALLIANCE,DR,38.0461464,-83.9559169,0.006,1/7/2016,1031,2,2,0,0,CLEAR,DRY,FALSE,1 VEHICLE ENTERING/LEAVING ENTRANCE,ANGLE,CURVE & LEVEL,DAYLIGHT,5,O,087-CR-1306H -000
23104447,MT. STERLING POLICE DEPARTMENT,MONTGOMERY,KY0686,,INDIAN MOUND,DR,38.0410501,-83.9479996,2.749,2/13/2015,757,2,2,0,0,CLEAR,DRY,FALSE,1 VEHICLE ENTERING/LEAVING ENTRANCE,ANGLE,STRAIGHT & LEVEL,DAYLIGHT,5,O,087-KY-0686  -000
23104507,MONTGOMERY CTY SHERIFF DEPT,MONTGOMERY,KY0213,,BEDFORD,RD,38.0021833,-83.8355667,7.377,11/13/2015,1200,2,2,0,0,CLEAR,DRY,FALSE,1 VEHICLE PARKED POSITION (NOT PARKING LOT/DRIVEWAY),BACKING,STRAIGHT & LEVEL,DAYLIGHT,5,O,087-KY-0213  -000
23105532,MONTGOMERY CTY SHERIFF DEPT,MONTGOMERY,US0460,,MAIN,ST,37.9725284,-83.8393136,18.078,2/25/2015,1000,2,2,0,0,CLEAR,WET,FALSE,1 VEHICLE PARKED POSITION (NOT PARKING LOT/DRIVEWAY),ANGLE,STRAIGHT & LEVEL,DAYLIGHT,5,O,087-US-0460  -000
23111966,MT. STERLING POLICE DEPARTMENT,MONTGOMERY,,2005,JOHN STUART,DR,38.06896999,-83.95905265,0.087,3/15/2018,1805,2,2,0,0,CLEAR,DRY,FALSE,VEHICLE BACKING NON INTERSECTION,BACKING,STRAIGHT & LEVEL,DAYLIGHT,5,O,087-PS-1024  -000
23116582,MT. STERLING POLICE DEPARTMENT,MONTGOMERY,KY0686,1300,INDIAN MOUND,DR,38.05144567,-83.95636627,1.821,3/12/2018,1314,1,1,0,0,CLEAR,WET,FALSE,COLLISION WITH FIXED OBJECT NON - INTERSECTION - FIRST EVENT COLLISION 09 - 32 EXCLUDING 16,SINGLE VEHICLE,STRAIGHT & LEVEL,DAYLIGHT,5,O,087-KY-0686  -000
23116585,MT. STERLING POLICE DEPARTMENT,MONTGOMERY,US0460,,MAYSVILLE,RD,38.07885738,-83.94948081,7.946,3/2/2018,1613,2,2,0,0,CLEAR,DRY,FALSE,OTHER ROADWAY OR MID-BLOCK COLLISION,REAR END,STRAIGHT & LEVEL,DAYLIGHT,5,O,087-US-0460  -000
23120374,MT. STERLING POLICE DEPARTMENT,MONTGOMERY,US0460,,MAYSVILLE,ST,38.07552598,-83.94882807,8.182,3/17/2018,1316,2,2,0,0,CLOUDY,DRY,FALSE,ANGLE COLLISION - ONE VEHICLE TURNING LEFT,ANGLE,STRAIGHT & LEVEL,DAYLIGHT,5,O,087-US-0460  -000
23123242,"KY STATE POLICE, POST 08",MONTGOMERY,KY0011,7100,MAYSVILLE,RD,38.16197089,-83.95694289,15.307,3/10/2018,1632,1,1,0,1,CLEAR,DRY,FALSE,OTHER COLLISIONS ON SHOULDER,SINGLE VEHICLE,CURVE & GRADE,DAYLIGHT,3,B,087-KY-0011  -000
23128234,MT. STERLING POLICE DEPARTMENT,MONTGOMERY,KY0713,,HIGH,ST,38.058067,-83.95597957,5.79,3/16/2018,1152,2,2,0,5,CLEAR,DRY,FALSE,1 VEHICLE ENTERING/LEAVING ENTRANCE,ANGLE,STRAIGHT & LEVEL,DAYLIGHT,4,C,087-KY-0713  -000
23134319,"KY STATE POLICE, POST 08",MONTGOMERY,US0460,,MAIN,ST,37.97958108,-83.86020639,16.886,3/19/2018,1337,1,1,0,0,CLEAR,DRY,FALSE,COLLISION WITH FIXED OBJECT NON - INTERSECTION - FIRST EVENT COLLISION 09 - 32 EXCLUDING 16,SINGLE VEHICLE,STRAIGHT & GRADE,DAYLIGHT,5,O,087-US-0460  -000
23151025,MT. STERLING POLICE DEPARTMENT,MONTGOMERY,,521,HIGH,ST,38.05932877,-83.9347022,0.442,3/23/2018,654,2,2,0,0,CLEAR,DRY,FALSE,COLLISION WITH PARKED VEHICLE,BACKING,STRAIGHT & LEVEL,DARK-HWY LIGHTED/ON,5,O,087-CS-1073  -000
23157589,MT. STERLING POLICE DEPARTMENT,MONTGOMERY,KY0686,,INDIAN MOUND,DR,38.04122524,-83.94783069,2.752,3/24/2018,1346,2,2,0,0,SNOWING,SNOW/SLUSH,FALSE,ANGLE COLLISION - OTHER,ANGLE,STRAIGHT & LEVEL,DAYLIGHT,5,O,087-KY-0686  -000
23157600,MT. STERLING POLICE DEPARTMENT,MONTGOMERY,KY0686,810,INDIAN MOUND,DR,38.06242649,-83.95549994,1.059,3/23/2018,1620,2,2,0,0,CLEAR,DRY,FALSE,OTHER ROADWAY OR MID-BLOCK COLLISION,REAR TO REAR,STRAIGHT & LEVEL,DAYLIGHT,5,O,087-KY-0686  -000
23175149,MT. STERLING POLICE DEPARTMENT,MONTGOMERY,KY0686,,INDIAN MOUND,DR,38.07394975,-83.94844347,0.013,3/27/2018,1720,2,2,0,0,CLOUDY,DRY,FALSE,REAR END IN TRAFFIC LANES BOTH VEHICLES MOVING,REAR END,STRAIGHT & LEVEL,DAYLIGHT,5,O,087-KY-0686  -000
23175152,MT. STERLING POLICE DEPARTMENT,MONTGOMERY,US0460,,MAYSVILLE,ST,38.05759476,-83.94239226,9.48,3/24/2018,1225,2,2,0,0,SNOWING,SNOW/SLUSH,FALSE,OTHER INTERSECTION COLLISIONS,REAR END,STRAIGHT & LEVEL,DAYLIGHT,5,O,087-US-0460  -000
23191189,MT. STERLING POLICE DEPARTMENT,MONTGOMERY,US0460,501,MAYSVILLE,ST,38.07052212,-83.94688463,8.545,3/29/2018,1145,2,2,0,0,CLEAR,DRY,FALSE,VEHICLE BACKING NON INTERSECTION,BACKING,STRAIGHT & LEVEL,DAYLIGHT,5,O,087-US-0460  -000
23191223,MT. STERLING POLICE DEPARTMENT,MONTGOMERY,US0460,,MAYSVILLE,RD,38.07797114,-83.94957782,8.016,3/29/2018,646,2,2,0,1,RAINING,WET,FALSE,OPPOSING LEFT TURN,OPPOSING LEFT TURN,STRAIGHT & LEVEL,DARK-HWY LIGHTED/ON,3,B,087-US-0460  -000
23191233,MT. STERLING POLICE DEPARTMENT,MONTGOMERY,US0460,,MAYSVILLE,ST,38.07526531,-83.94874671,8.2,3/29/2018,1253,2,2,0,0,CLOUDY,WET,FALSE,OTHER ROADWAY OR MID-BLOCK COLLISION,REAR END,STRAIGHT & LEVEL,DAYLIGHT,5,O,087-US-0460  -000
23203774,MONTGOMERY CTY SHERIFF DEPT,MONTGOMERY,KY0646,570,WILLOUGHBY TOWN,RD,37.95257871,-83.89107948,1.771,2/25/2018,2356,1,1,0,0,CLEAR,DRY,TRUE,RAN OFF ROADWAY (1 VEHICLE WITH/EARTH EMBANKMENT/DITCH),SINGLE VEHICLE,,DARK-HWY NOT LIGHTED,5,O,087-KY-0646  -000
23203775,MONTGOMERY CTY SHERIFF DEPT,MONTGOMERY,US0460,,CAMARGO,RD,37.99065467,-83.87962388,15.545,3/6/2018,1435,1,1,0,1,CLEAR,DRY,FALSE,COLLISION WITH FIXED OBJECT NON - INTERSECTION - FIRST EVENT COLLISION 09 - 32 EXCLUDING 16,SINGLE VEHICLE,CURVE & GRADE,DAYLIGHT,4,C,087-US-0460  -000
23203776,MONTGOMERY CTY SHERIFF DEPT,MONTGOMERY,US0460,,MAIN,ST,37.97647796,-83.85097385,17.442,3/6/2018,1855,2,2,0,0,CLEAR,DRY,FALSE,1 VEHICLE ENTERING/LEAVING ENTRANCE,ANGLE,STRAIGHT & LEVEL,DUSK,5,O,087-US-0460  -000
23203777,MONTGOMERY CTY SHERIFF DEPT,MONTGOMERY,KY0011,,MAYSVILLE,RD,38.09096428,-83.95012813,10.227,3/7/2018,55,2,2,0,0,CLEAR,DRY,FALSE,1 VEHICLE PARKED POSITION (NOT PARKING LOT/DRIVEWAY),BACKING,STRAIGHT & GRADE,DARK-HWY NOT LIGHTED,5,O,087-KY-0011  -000
23203778,MONTGOMERY CTY SHERIFF DEPT,MONTGOMERY,KY0713,,SPENCER,PIKE,38.02444206,-83.8336566,13.211,3/7/2018,2013,1,1,0,0,CLEAR,DRY,FALSE,RAN OFF ROADWAY (1 VEHICLE WITH/EARTH EMBANKMENT/DITCH),SINGLE VEHICLE,STRAIGHT & GRADE,DARK-HWY NOT LIGHTED,5,O,087-KY-0713  -000
23203779,MONTGOMERY CTY SHERIFF DEPT,MONTGOMERY,,3034,ESTES,CT,37.99474412,-83.88249429,0.167,3/13/2018,1348,2,2,0,0,CLEAR,DRY,FALSE,1 VEHICLE PARKED POSITION (NOT PARKING LOT/DRIVEWAY),BACKING,STRAIGHT & LEVEL,DAYLIGHT,5,O,087-CS-2001  -000
23203780,MONTGOMERY CTY SHERIFF DEPT,MONTGOMERY,KY1331,,HOWARDS MILL,RD,38.06574743,-83.85527286,3.028,3/3/2018,21,1,1,0,0,CLEAR,DRY,FALSE,RAN OFF ROADWAY (1 VEHICLE WITH/EARTH EMBANKMENT/DITCH),SINGLE VEHICLE,STRAIGHT & LEVEL,DARK-HWY NOT LIGHTED,5,O,087-KY-1331  -000
23203781,MONTGOMERY CTY SHERIFF DEPT,MONTGOMERY,US0460,8800,MAIN,ST,37.97123594,-83.83540984,18.326,3/12/2018,400,1,1,0,0,SNOWING,SNOW/SLUSH,FALSE,RAN OFF ROADWAY (1 VEHICLE WITH/EARTH EMBANKMENT/DITCH),SINGLE VEHICLE,STRAIGHT & LEVEL,DARK-HWY NOT LIGHTED,5,O,087-US-0460  -000
23203783,MONTGOMERY CTY SHERIFF DEPT,MONTGOMERY,US0460,,CAMARGO,RD,38.02544913,-83.91970142,12.129,3/12/2018,343,1,1,0,0,BLOWING SAND/SOIL/DIRT/SNOW,SNOW/SLUSH,FALSE,OTHER COLLISIONS ON SHOULDER,SINGLE VEHICLE,STRAIGHT & LEVEL,DARK-HWY NOT LIGHTED,5,O,087-US-0460  -000
23203784,MONTGOMERY CTY SHERIFF DEPT,MONTGOMERY,,364,NATHAN,DR,38.08315654,-83.92841052,0.131,3/13/2018,1945,2,2,0,0,CLEAR,DRY,FALSE,VEHICLE BACKING NON INTERSECTION,BACKING,STRAIGHT & GRADE,DUSK,5,O,087-PS-1036  -000
23203787,MONTGOMERY CTY SHERIFF DEPT,MONTGOMERY,US0460,9089,MAIN,ST,37.9701833,-83.83180624,18.527,3/20/2018,2112,1,1,0,0,SNOWING,WET,FALSE,RAN OFF ROADWAY (1 VEHICLE WITH/EARTH EMBANKMENT/DITCH),SINGLE VEHICLE,STRAIGHT & LEVEL,DARK-HWY NOT LIGHTED,5,O,087-US-0460  -000
23203794,MONTGOMERY CTY SHERIFF DEPT,MONTGOMERY,US0060,3060,OWINGSVILLE,RD,38.08597274,-83.89968475,8.478,3/19/2018,2240,2,2,0,0,RAINING,WET,FALSE,1 VEHICLE PARKED POSITION (NOT PARKING LOT/DRIVEWAY),SIDESWIPE-OPPOSITE DIRECTION,STRAIGHT & LEVEL,DARK-HWY NOT LIGHTED,5,O,087-US-0060  -000
23203797,MONTGOMERY CTY SHERIFF DEPT,MONTGOMERY,KY0646,,KIDDVILLE,RD,37.99061621,-83.97657803,9.622,3/7/2018,1315,2,2,0,0,CLEAR,DRY,FALSE,SIDESWIPE COLLISION - OPPOSITE DIRECTION,SIDESWIPE-OPPOSITE DIRECTION,CURVE & LEVEL,DAYLIGHT,5,O,087-KY-0646  -000
23203801,MONTGOMERY CTY SHERIFF DEPT,MONTGOMERY,KY0686,,INDIAN MOUND,DR,38.05454115,-83.91679807,4.85,3/18/2018,1450,2,2,0,0,CLEAR,DRY,FALSE,ANGLE COLLISION - OTHER,ANGLE,STRAIGHT & GRADE,DAYLIGHT,5,O,087-KY-0686  -000
23224106,MT. STERLING POLICE DEPARTMENT,MONTGOMERY,KY0686,,INDIAN MOUND,DR,38.05418525,-83.95647657,1.631,4/4/2018,1539,2,2,0,0,CLEAR,DRY,FALSE,OTHER ROADWAY OR MID-BLOCK COLLISION,REAR END,STRAIGHT & LEVEL,DAYLIGHT,5,O,087-KY-0686  -000
23246180,MT. STERLING POLICE DEPARTMENT,MONTGOMERY,US0460,,MAYSVILLE,RD,38.07716198,-83.94918774,8.066,4/8/2018,1136,2,2,0,0,CLEAR,DRY,FALSE,1 VEHICLE ENTERING/LEAVING ENTRANCE,ANGLE,STRAIGHT & LEVEL,DAYLIGHT,5,O,087-US-0460  -000
23248795,MONTGOMERY CTY SHERIFF DEPT,MONTGOMERY,KY0686,,INDIAN MOUND,DR,38.06747978,-83.91461554,5.777,3/31/2018,400,1,1,0,0,FOG,DRY,FALSE,COLLISION WITH ANIMAL NON INTERSECTION,SINGLE VEHICLE,STRAIGHT & LEVEL,DARK-HWY NOT LIGHTED,5,O,087-KY-0686  -000
23248800,MONTGOMERY CTY SHERIFF DEPT,MONTGOMERY,US0460,,MAIN,ST,37.97435402,-83.84459275,17.785,4/3/2018,1151,2,2,0,0,CLEAR,DRY,FALSE,OTHER ROADWAY OR MID-BLOCK COLLISION,REAR END,STRAIGHT & GRADE,DAYLIGHT,5,O,087-US-0460  -000
23248801,MONTGOMERY CTY SHERIFF DEPT,MONTGOMERY,,,OLDHAM,RD,37.99794302,-83.92173829,0.579,3/24/2018,1422,1,1,0,0,SNOWING,SNOW/SLUSH,FALSE,COLLISION WITH FIXED OBJECT NON - INTERSECTION - FIRST EVENT COLLISION 09 - 32 EXCLUDING 16,SINGLE VEHICLE,CURVE & GRADE,DAYLIGHT,5,O,087-CS-2021  -000
23248802,MONTGOMERY CTY SHERIFF DEPT,MONTGOMERY,US0460,,CAMARGO,RD,38.0003186,-83.89830719,14.282,3/17/2018,702,2,2,0,0,CLOUDY,WET,FALSE,1 VEHICLE PARKED POSITION (NOT PARKING LOT/DRIVEWAY),BACKING,STRAIGHT & LEVEL,DARK-HWY LIGHTED/ON,5,O,087-US-0460  -000
23248803,MONTGOMERY CTY SHERIFF DEPT,MONTGOMERY,US0460,,MAIN,ST,37.95592867,-83.78911358,21.153,3/31/2018,2220,1,1,0,0,CLOUDY,DRY,FALSE,COLLISION WITH ANIMAL NON INTERSECTION,SINGLE VEHICLE,STRAIGHT & LEVEL,DARK-HWY NOT LIGHTED,5,O,087-US-0460  -000
23248805,MONTGOMERY CTY SHERIFF DEPT,MONTGOMERY,I 0064,,,,38.0790571,-83.94658683,0.106,3/23/2018,845,2,2,0,0,CLEAR,DRY,TRUE,OTHER RAMP RELATED COLLISIONS NOT LISTED ABOVE,ANGLE,CURVE & GRADE,DAYLIGHT,5,O,087-CR-1036  -000
23248807,MONTGOMERY CTY SHERIFF DEPT,MONTGOMERY,,,CECIL,RD,38.15295427,-83.96185435,3.405,4/6/2018,1635,2,2,0,0,CLEAR,DRY,FALSE,SIDESWIPE COLLISION - OPPOSITE DIRECTION,SIDESWIPE-OPPOSITE DIRECTION,CURVE & GRADE,DAYLIGHT,5,O,087-CR-1313  -000
23248810,MONTGOMERY CTY SHERIFF DEPT,MONTGOMERY,,,DONALDSON,RD,38.08354997,-84.03696648,0.976,4/3/2018,1404,1,1,0,0,CLEAR,DRY,FALSE,COLLISION WITH FIXED OBJECT NON - INTERSECTION - FIRST EVENT COLLISION 09 - 32 EXCLUDING 16,SINGLE VEHICLE,STRAIGHT & LEVEL,DAYLIGHT,5,O,087-CR-1322  -000
23248813,MONTGOMERY CTY SHERIFF DEPT,MONTGOMERY,I 0064,,,,38.08721209,-83.89921226,0.039,3/29/2018,1208,3,3,0,0,CLOUDY,WET,FALSE,COLLISION WITH FIXED OBJECT NOT IN GORE ,BACKING,STRAIGHT & LEVEL,DAYLIGHT,5,O,087-CR-1036  -000
23248816,MONTGOMERY CTY SHERIFF DEPT,MONTGOMERY,KY0713,,SPENCER,PIKE,38.02219442,-83.79106455,15.824,4/8/2018,2335,1,1,0,2,CLOUDY,DRY,FALSE,RAN OFF ROADWAY (1 VEHICLE WITH/EARTH EMBANKMENT/DITCH),SINGLE VEHICLE,CURVE & GRADE,DARK-HWY NOT LIGHTED,2,A,087-KY-0713  -000
23248818,MONTGOMERY CTY SHERIFF DEPT,MONTGOMERY,KY0646,420,KIDDVILLE,RD,38.00728387,-83.95317336,11.394,4/5/2018,1220,1,1,0,0,CLEAR,DRY,TRUE,RAN OFF ROADWAY (1 VEHICLE WITH/EARTH EMBANKMENT/DITCH),SINGLE VEHICLE,STRAIGHT & HILLCREST,DARK (UNKNOWN ROADWAY LIGHTING),5,O,087-KY-0646  -000
23249037,MONTGOMERY CTY SHERIFF DEPT,MONTGOMERY,US0460,,PARIS,RD,38.12352982,-84.06493152,0.275,1/8/2018,620,1,1,0,0,"SLEET, HAIL, FREEZING RAIN",WET,FALSE,RAN OFF ROADWAY (1 VEHICLE WITH/EARTH EMBANKMENT/DITCH),SINGLE VEHICLE,STRAIGHT & HILLCREST,DARK-HWY NOT LIGHTED,5,O,087-US-0460  -000
23259791,MT. STERLING POLICE DEPARTMENT,MONTGOMERY,US0460,37,MAYSVILLE,ST,38.05732125,-83.94239158,9.498,4/11/2018,1037,2,2,0,0,CLEAR,DRY,TRUE,1 VEHICLE PARKED POSITION (NOT PARKING LOT/DRIVEWAY),SIDESWIPE-SAME DIRECTION,STRAIGHT & GRADE,DAYLIGHT,5,O,087-US-0460  -000
23285523,MT. STERLING POLICE DEPARTMENT,MONTGOMERY,US0460,,CAMARGO,RD,38.04108431,-83.93409671,10.76,4/11/2018,2101,2,2,0,2,CLEAR,DRY,FALSE,HEAD-ON COLLISION,HEAD ON,STRAIGHT & LEVEL,DARK-HWY LIGHTED/ON,3,B,087-US-0460  -000
23285524,MT. STERLING POLICE DEPARTMENT,MONTGOMERY,US0460,,MAYSVILLE,ST,38.07411481,-83.94834807,8.28,4/15/2018,1504,2,2,0,0,RAINING,WET,FALSE,SIDESWIPE-SAME DIRECTION,SIDESWIPE-SAME DIRECTION,STRAIGHT & LEVEL,DAYLIGHT,5,O,087-US-0460  -000