IncidentID,AgencyName,County,RdwyNumber,Street,RoadwayName,StreetSfx,Latitude,Longitude,Milepoint,CollisionDate,CollisionTime,UnitsInvolved,MotorVehiclesInvolved,NumberKilled,NumberInjured,Weather,RdwyConditionCode,HitandRun,DirAnalysisCode,MannerofCollision,RdwyCharacter,LightCondition,KABCO Code,KABCO,RT_UNIQUE
23964775,MONTGOMERY CTY SHERIFF DEPT,MONTGOMERY,,,WOODBURN,AVE,38.0692494,-83.91697946,0.127,8/28/2018,1513,1,1,0,0,CLEAR,DRY,TRUE,COLLISION WITH FIXED OBJECT NON - INTERSECTION - FIRST EVENT COLLISION 09 - 32 EXCLUDING 16,SINGLE VEHICLE,STRAIGHT & HILLCREST,DAYLIGHT,5,O,087-CR-1023C -000
23964776,MONTGOMERY CTY SHERIFF DEPT,MONTGOMERY,KY0011,,LEVEE,RD,37.96724493,-83.93907442,3.793,8/11/2018,1919,1,1,0,1,CLEAR,DRY,FALSE,OTHER COLLISIONS ON SHOULDER,SINGLE VEHICLE,CURVE & LEVEL,DAYLIGHT,4,C,087-KY-0011  -000
23964779,MONTGOMERY CTY SHERIFF DEPT,MONTGOMERY,KY0011,,LEVEE,RD,38.02721566,-83.94866154,8.304,9/4/2018,46,2,2,0,0,CLEAR,DRY,FALSE,REAR END IN TRAFFIC LANES BOTH VEHICLES MOVING,REAR END,STRAIGHT & LEVEL,DARK-HWY NOT LIGHTED,5,O,087-KY-0011  -000
23964784,MONTGOMERY CTY SHERIFF DEPT,MONTGOMERY,I 0064,,,,38.08935562,-83.89686494,0.159,8/17/2018,1704,2,2,0,0,CLEAR,DRY,FALSE,OTHER RAMP RELATED COLLISIONS NOT LISTED ABOVE,REAR END,STRAIGHT & GRADE,DAYLIGHT,5,O,087-CR-1040  -000
23964785,MONTGOMERY CTY SHERIFF DEPT,MONTGOMERY,US0060,,WINCHESTER,RD,38.04441015,-83.99415907,2.075,9/6/2018,1841,1,1,0,0,CLEAR,DRY,FALSE,OTHER COLLISIONS ON SHOULDER,SINGLE VEHICLE,STRAIGHT & HILLCREST,DAYLIGHT,5,O,087-US-0060  -000
23964787,MONTGOMERY CTY SHERIFF DEPT,MONTGOMERY,KY0646,,WILLOUGHBY TOWN,RD,37.95233337,-83.8902095,1.72,8/12/2018,1223,1,1,0,0,CLEAR,DRY,FALSE,COLLISION WITH FIXED OBJECT NON - INTERSECTION - FIRST EVENT COLLISION 09 - 32 EXCLUDING 16,SINGLE VEHICLE,CURVE & GRADE,DAYLIGHT,5,O,087-KY-0646  -000
23964788,MONTGOMERY CTY SHERIFF DEPT,MONTGOMERY,KY0011,,LEVEE,RD,38.01108309,-83.95012211,7.169,9/7/2018,400,1,1,0,0,CLOUDY,DRY,TRUE,COLLISION WITH FIXED OBJECT NON - INTERSECTION - FIRST EVENT COLLISION 09 - 32 EXCLUDING 16,SINGLE VEHICLE,CURVE & GRADE,DARK-HWY NOT LIGHTED,5,O,087-KY-0011  -000
23979302,"KY STATE POLICE, POST 08",MONTGOMERY,US0460,,CAMARGO,RD,38.01842674,-83.91361098,12.732,8/28/2018,1548,1,1,1,0,CLEAR,DRY,FALSE,OTHER COLLISIONS ON SHOULDER,SINGLE VEHICLE,CURVE & HILLCREST,DAYLIGHT,1,K,087-US-0460  -000
23982037,MT. STERLING POLICE DEPARTMENT,MONTGOMERY,,108,LOCUST,ST,38.05551852,-83.94023926,0.083,9/4/2018,1131,2,2,0,0,CLEAR,DRY,FALSE,1 VEHICLE ENTERING/LEAVING ENTRANCE,ANGLE,STRAIGHT & LEVEL,DAYLIGHT,5,O,087-CS-1023  -000
23985150,MONTGOMERY CO. SCHOOL DIST. PD,MONTGOMERY,,6601,MT STERLING ELEMENTARY SCHOOL,DR,38.06142619,-83.91318573,0.196,9/11/2018,1455,2,2,0,1,CLEAR,DRY,FALSE,1 VEHICLE PARKED POSITION (NOT PARKING LOT/DRIVEWAY),REAR END,STRAIGHT & LEVEL,DAYLIGHT,3,B,087-PS-1107  -000
23986668,MT. STERLING POLICE DEPARTMENT,MONTGOMERY,,,RICHMOND,AVE,38.05477804,-83.94754619,0.006,9/11/2018,1150,2,2,0,0,CLEAR,DRY,FALSE,SIDESWIPE COLLISION - OPPOSITE DIRECTION,SIDESWIPE-OPPOSITE DIRECTION,CURVE & GRADE,DAYLIGHT,5,O,087-CS-1024  -000
23986689,MT. STERLING POLICE DEPARTMENT,MONTGOMERY,,,QUEEN,ST,38.05594901,-83.93871313,0.003,9/11/2018,1621,2,2,0,0,CLEAR,DRY,FALSE,REAR END IN TRAFFIC LANES BOTH VEHICLES MOVING,REAR END,STRAIGHT & LEVEL,DAYLIGHT,5,O,087-CS-1080  -000
23986690,MT. STERLING POLICE DEPARTMENT,MONTGOMERY,KY0011,,LEVEE,RD,38.04118753,-83.94805364,9.225,9/5/2018,1546,2,2,0,0,CLEAR,DRY,TRUE,REAR END IN TRAFFIC LANES BOTH VEHICLES MOVING,REAR END,STRAIGHT & LEVEL,DAYLIGHT,5,O,087-KY-0011  -000
23987273,MT. STERLING POLICE DEPARTMENT,MONTGOMERY,,109,PRIMROSE,WAY,38.06942764,-83.94212862,0.007,9/12/2018,1626,1,1,0,0,CLOUDY,DRY,FALSE,COLLISION WITH FIXED OBJECT NON - INTERSECTION - FIRST EVENT COLLISION 09 - 32 EXCLUDING 16,SINGLE VEHICLE,STRAIGHT & HILLCREST,DAYLIGHT,5,O,087-CS-1110  -000
23989724,MT. STERLING POLICE DEPARTMENT,MONTGOMERY,US0460,,MAYSVILLE,ST,38.07557872,-83.94868601,8.181,9/9/2018,2002,2,2,0,0,RAINING,WET,TRUE,OTHER INTERSECTION COLLISIONS,REAR END,STRAIGHT & LEVEL,DARK-HWY LIGHTED/ON,5,O,087-US-0460  -000
23997425,MT. STERLING POLICE DEPARTMENT,MONTGOMERY,,,MAYSVILLE,ST,38.05585811,-83.94184039,0.04,9/7/2018,1539,2,2,0,0,CLOUDY,DRY,FALSE,1 VEHICLE PARKED POSITION (NOT PARKING LOT/DRIVEWAY),SIDESWIPE-SAME DIRECTION,STRAIGHT & HILLCREST,DAYLIGHT,5,O,087-CS-1039  -000
24034245,"KY STATE POLICE, POST 08",MONTGOMERY,,,SPRINGVIEW DR EXT,,38.06333974,-83.88304561,0.042,9/16/2018,1008,2,2,0,0,CLEAR,DRY,FALSE,1 VEHICLE PARKED POSITION (NOT PARKING LOT/DRIVEWAY),BACKING,CURVE & GRADE,DAYLIGHT,5,O,087-CR-1025D -000
24036756,MT. STERLING POLICE DEPARTMENT,MONTGOMERY,,196,ANTWERP,AVE,38.05805569,-83.95081522,0.047,9/20/2018,1653,2,2,0,0,CLEAR,DRY,FALSE,OTHER ROADWAY OR MID-BLOCK COLLISION,REAR TO REAR,STRAIGHT & LEVEL,DAYLIGHT,5,O,087-CS-1049  -000
24036757,MT. STERLING POLICE DEPARTMENT,MONTGOMERY,KY0686,810,INDIAN MOUND,DR,38.05944661,-83.95571153,1.269,9/19/2018,1909,2,2,0,0,CLEAR,DRY,FALSE,1 VEHICLE ENTERING/LEAVING ENTRANCE,ANGLE,STRAIGHT & LEVEL,DAYLIGHT,5,O,087-KY-0686  -000
24036759,MT. STERLING POLICE DEPARTMENT,MONTGOMERY,,,QUEEN,ST,38.05144402,-83.9371126,0.32,9/22/2018,2334,2,2,0,0,RAINING,WET,FALSE,HEAD-ON COLLISION,HEAD ON,STRAIGHT & GRADE,DARK-HWY NOT LIGHTED,5,O,087-CS-1080  -000
24036763,MT. STERLING POLICE DEPARTMENT,MONTGOMERY,KY0713,,HIGH,ST,38.05696848,-83.94824714,6.227,9/15/2018,1509,2,2,0,0,CLEAR,DRY,FALSE,SIDESWIPE COLLISION - OPPOSITE DIRECTION,SIDESWIPE-OPPOSITE DIRECTION,STRAIGHT & GRADE,DAYLIGHT,5,O,087-KY-0713  -000
24036765,MT. STERLING POLICE DEPARTMENT,MONTGOMERY,KY0686,,INDIAN MOUND,DR,38.04125591,-83.94782712,2.753,9/10/2018,854,2,2,0,2,CLOUDY,DRY,FALSE,1 VEHICLE ENTERING/LEAVING ENTRANCE,ANGLE,STRAIGHT & LEVEL,DAYLIGHT,4,C,087-KY-0686  -000
24041582,MT. STERLING POLICE DEPARTMENT,MONTGOMERY,US0060,,WINCHESTER,RD,38.05379129,-83.95623796,4.325,9/25/2018,1137,2,2,0,0,CLOUDY,DRY,FALSE,ANGLE COLLISION - OTHER,ANGLE,STRAIGHT & LEVEL,DAYLIGHT,5,O,087-US-0060  -000
24045861,MT. STERLING POLICE DEPARTMENT,MONTGOMERY,,,QUEEN,ST,38.05589515,-83.93872833,0.001,9/9/2018,930,2,2,0,0,RAINING,WET,FALSE,VEHICLE BACKING IN INTERSECTION,BACKING,STRAIGHT & GRADE,DAYLIGHT,5,O,087-CS-1080  -000
24045864,MT. STERLING POLICE DEPARTMENT,MONTGOMERY,US0060,214,MAIN,ST,38.05733703,-83.93789383,5.366,9/9/2018,1027,2,2,0,0,RAINING,WET,FALSE,1 VEHICLE PARKED POSITION (NOT PARKING LOT/DRIVEWAY),BACKING,STRAIGHT & GRADE,DAYLIGHT,5,O,087-US-0060  -000
24045872,MT. STERLING POLICE DEPARTMENT,MONTGOMERY,,,VANCE,DR,38.07440018,-83.95146112,0.054,9/26/2018,850,2,2,0,0,RAINING,WET,FALSE,ANGLE COLLISION - OTHER,ANGLE,STRAIGHT & GRADE,DAYLIGHT,5,O,087-CS-1115  -000
24067738,"KY STATE POLICE, POST 08",MONTGOMERY,KY0713,3191,SPENCER,PIKE,38.04260908,-83.8957233,9.255,9/28/2018,1843,3,3,0,0,CLEAR,DRY,FALSE,SIDESWIPE COLLISION - OPPOSITE DIRECTION,SIDESWIPE-OPPOSITE DIRECTION,STRAIGHT & LEVEL,DAYLIGHT,5,O,087-KY-0713  -000
24077076,MT. STERLING POLICE DEPARTMENT,MONTGOMERY,KY0713,317,HIGH,ST,38.05714913,-83.9493403,6.17,9/30/2018,1202,1,1,0,0,CLEAR,DRY,FALSE,COLLISION WITH FIXED OBJECT NON - INTERSECTION - FIRST EVENT COLLISION 09 - 32 EXCLUDING 16,SINGLE VEHICLE,STRAIGHT & GRADE,DAYLIGHT,5,O,087-KY-0713  -000
24077078,MT. STERLING POLICE DEPARTMENT,MONTGOMERY,,,NORTHVIEW,DR,38.07484167,-83.94892986,0.089,9/29/2018,2015,1,1,0,0,CLEAR,DRY,FALSE,RAN OFF ROADWAY (1 VEHICLE WITH/EARTH EMBANKMENT/DITCH),SINGLE VEHICLE,STRAIGHT & LEVEL,DARK-HWY LIGHTED/ON,5,O,087-CS-1122  -000
24077079,MT. STERLING POLICE DEPARTMENT,MONTGOMERY,KY0686,,INDIAN MOUND,DR,38.04214071,-83.93430367,3.512,10/1/2018,734,2,2,0,0,CLEAR,DRY,FALSE,OTHER INTERSECTION COLLISIONS,REAR END,STRAIGHT & LEVEL,DAWN,5,O,087-KY-0686  -000
24077082,MT. STERLING POLICE DEPARTMENT,MONTGOMERY,KY0713,600,LOCUST,ST,38.05717234,-83.93308828,6.781,9/24/2018,1248,1,1,0,0,CLEAR,DRY,FALSE,COLLISION WITH FIXED OBJECT NON - INTERSECTION - FIRST EVENT COLLISION 09 - 32 EXCLUDING 16,SINGLE VEHICLE,CURVE & GRADE,DAYLIGHT,5,O,087-KY-0713  -000
24077084,MT. STERLING POLICE DEPARTMENT,MONTGOMERY,US0060,,MAIN,ST,38.05709292,-83.93913545,5.296,9/28/2018,2001,2,2,0,0,CLEAR,DRY,TRUE,1 VEHICLE ENTERING/LEAVING ENTRANCE,ANGLE,STRAIGHT & GRADE,DARK-HWY LIGHTED/ON,5,O,087-US-0060  -000
24092571,MT. STERLING POLICE DEPARTMENT,MONTGOMERY,US0460,,MAYSVILLE,RD,38.07690123,-83.94912916,8.075,10/5/2018,1948,2,2,0,0,CLEAR,DRY,FALSE,OTHER INTERSECTION COLLISIONS,REAR END,STRAIGHT & LEVEL,DARK-HWY LIGHTED/ON,5,O,087-US-0460  -000
24092584,MT. STERLING POLICE DEPARTMENT,MONTGOMERY,US0460,,MAYSVILLE,ST,38.07562144,-83.94870452,8.183,10/6/2018,1826,2,2,0,0,CLEAR,DRY,FALSE,OTHER INTERSECTION COLLISIONS,REAR END,STRAIGHT & LEVEL,DAYLIGHT,5,O,087-US-0460  -000
24092587,MT. STERLING POLICE DEPARTMENT,MONTGOMERY,,,SPRING,ST,38.05124581,-83.94864536,0.436,10/5/2018,2313,2,1,0,1,CLEAR,DRY,FALSE,COLLISION WITH PEDESTRIAN NON - INTERSECTION,SINGLE VEHICLE,STRAIGHT & LEVEL,DARK-HWY NOT LIGHTED,2,A,087-CS-1025  -000
24097096,"KY STATE POLICE, POST 08",MONTGOMERY,I 0064,,,,38.07688174,-83.94932876,0.291,2/28/2018,1801,2,2,0,0,RAINING,WET,TRUE,OTHER RAMP RELATED COLLISIONS NOT LISTED ABOVE,ANGLE,CURVE & GRADE,DAYLIGHT,5,O,087-CR-1042  -000
24104230,MT. STERLING POLICE DEPARTMENT,MONTGOMERY,US0460,,CAMARGO,RD,38.04211878,-83.93441835,10.687,10/8/2018,1607,2,2,0,0,CLEAR,DRY,FALSE,OTHER INTERSECTION COLLISIONS,REAR END,STRAIGHT & LEVEL,DAYLIGHT,5,O,087-US-0460  -000
24106119,MONTGOMERY CTY SHERIFF DEPT,MONTGOMERY,KY0686,751,INDIAN MOUND,DR,38.06552607,-83.95549356,0.847,9/5/2018,1143,1,1,0,0,CLEAR,DRY,FALSE,COLLISION WITH FIXED OBJECT NON - INTERSECTION - FIRST EVENT COLLISION 09 - 32 EXCLUDING 16,SINGLE VEHICLE,STRAIGHT & LEVEL,DAYLIGHT,5,O,087-KY-0686  -000
24106120,MONTGOMERY CTY SHERIFF DEPT,MONTGOMERY,KY0011,1946,LEVEE,RD,38.02948929,-83.94929607,8.464,9/9/2018,927,1,1,0,0,RAINING,FLOODED,FALSE,RAN OFF ROADWAY (1 VEHICLE WITH/EARTH EMBANKMENT/DITCH),SINGLE VEHICLE,STRAIGHT & LEVEL,DAYLIGHT,5,O,087-KY-0011  -000
24106122,MONTGOMERY CTY SHERIFF DEPT,MONTGOMERY,US0060,,OWINGSVILLE,RD,38.07482609,-83.91873389,7.184,9/10/2018,1736,2,2,0,1,CLEAR,DRY,FALSE,ANGLE COLLISION - ONE VEHICLE TURNING LEFT,ANGLE,STRAIGHT & LEVEL,DAYLIGHT,4,C,087-US-0060  -000
24106123,MONTGOMERY CTY SHERIFF DEPT,MONTGOMERY,US0460,,CAMARGO,RD,37.99942012,-83.89720815,14.372,7/21/2018,2030,2,2,0,0,CLOUDY,WET,FALSE,ANGLE COLLISION - OTHER,ANGLE,STRAIGHT & LEVEL,DUSK,5,O,087-US-0460  -000
24106124,MONTGOMERY CTY SHERIFF DEPT,MONTGOMERY,KY0713,,SPENCER,PIKE,38.05456195,-83.91680542,7.809,9/14/2018,1735,2,2,0,0,CLEAR,DRY,FALSE,ANGLE COLLISION - OTHER,ANGLE,STRAIGHT & LEVEL,DAYLIGHT,5,O,087-KY-0713  -000
24106125,MONTGOMERY CTY SHERIFF DEPT,MONTGOMERY,US0060,,OWINGSVILLE,RD,38.10876013,-83.89568862,10.078,9/8/2018,1135,2,2,0,0,CLEAR,DRY,FALSE,1 VEHICLE ENTERING/LEAVING ENTRANCE,ANGLE,CURVE & LEVEL,DAYLIGHT,5,O,087-US-0060  -000
24106128,MONTGOMERY CTY SHERIFF DEPT,MONTGOMERY,US0060,,OWINGSVILLE,RD,38.08125743,-83.90423809,8.062,9/15/2018,543,2,1,0,1,CLOUDY,DRY,FALSE,COLLISION WITH PEDESTRIAN NON - INTERSECTION,SINGLE VEHICLE,STRAIGHT & GRADE,DARK-HWY NOT LIGHTED,3,B,087-US-0060  -000
24106129,MONTGOMERY CTY SHERIFF DEPT,MONTGOMERY,KY0213,,BEDFORD,RD,37.98667624,-83.84666179,6.084,9/9/2018,1637,1,1,0,0,RAINING,WET,FALSE,COLLISION WITH FIXED OBJECT NON - INTERSECTION - FIRST EVENT COLLISION 09 - 32 EXCLUDING 16,SINGLE VEHICLE,STRAIGHT & LEVEL,DAYLIGHT,5,O,087-KY-0213  -000
24106130,MONTGOMERY CTY SHERIFF DEPT,MONTGOMERY,KY0646,2289,WHITAKER,LN,38.03699029,-83.89823137,15.093,9/23/2018,1606,1,1,0,0,RAINING,WATER (STANDING OR MOVING),FALSE,OCCUPANT FELL FROM MOVING VEHICLE,SINGLE VEHICLE,STRAIGHT & LEVEL,DAYLIGHT,5,O,087-KY-0646  -000
24106131,MONTGOMERY CTY SHERIFF DEPT,MONTGOMERY,,,ARLINGTON,AVE,38.07571143,-83.90165773,0.271,9/23/2018,1830,1,1,0,0,RAINING,WET,FALSE,COLLISION WITH FIXED OBJECT NON - INTERSECTION - FIRST EVENT COLLISION 09 - 32 EXCLUDING 16,SINGLE VEHICLE,STRAIGHT & GRADE,DAYLIGHT,5,O,087-CR-1021A -000
24106134,MONTGOMERY CTY SHERIFF DEPT,MONTGOMERY,,,CHASE,LN,37.97764503,-83.85482486,0.003,9/23/2018,2245,2,2,0,0,RAINING,WET,FALSE,HEAD-ON COLLISION,HEAD ON,STRAIGHT & LEVEL,DARK-HWY LIGHTED/ON,5,O,087-CR-1165  -000
24106135,MONTGOMERY CTY SHERIFF DEPT,MONTGOMERY,,2922,OLD OWINGSVILLE,RD,38.07685757,-83.90679201,0.428,9/20/2018,1036,2,2,0,0,CLEAR,DRY,FALSE,OTHER ROADWAY OR MID-BLOCK COLLISION,OPPOSING LEFT TURN,STRAIGHT & GRADE,DAYLIGHT,5,O,087-CR-1029  -000
24106138,MONTGOMERY CTY SHERIFF DEPT,MONTGOMERY,KY0713,4663,SPENCER,PIKE,38.03053924,-83.87146491,10.927,9/23/2018,1100,1,1,0,1,CLEAR,WET,FALSE,RAN OFF ROADWAY (1 VEHICLE WITH/EARTH EMBANKMENT/DITCH),SINGLE VEHICLE,CURVE & LEVEL,DAYLIGHT,4,C,087-KY-0713  -000
24106141,MONTGOMERY CTY SHERIFF DEPT,MONTGOMERY,US0460,,MAIN,ST,37.94992737,-83.77465705,22.035,9/14/2018,2044,1,1,0,0,CLEAR,DRY,FALSE,COLLISION WITH ANIMAL NON INTERSECTION,SINGLE VEHICLE,STRAIGHT & LEVEL,DARK-HWY NOT LIGHTED,5,O,087-US-0460  -000
24106143,MONTGOMERY CTY SHERIFF DEPT,MONTGOMERY,,,RICHMOND,AVE,38.04233689,-83.95065672,0.247,9/19/2018,1438,2,2,0,1,CLEAR,DRY,FALSE,HEAD-ON COLLISION,HEAD ON,STRAIGHT & GRADE,DAYLIGHT,4,C,087-CS-1024  -000
24106145,MONTGOMERY CTY SHERIFF DEPT,MONTGOMERY,US0460,,PARIS,RD,38.09708784,-83.97607956,5.71,9/24/2018,1746,1,1,0,2,RAINING,WET,FALSE,RAN OFF ROADWAY (1 VEHICLE WITH/EARTH EMBANKMENT/DITCH),SINGLE VEHICLE,CURVE & LEVEL,DAYLIGHT,2,A,087-US-0460  -000
24106146,MONTGOMERY CTY SHERIFF DEPT,MONTGOMERY,,,QUISENBERRY,RD,38.10245845,-83.88615494,0.664,9/22/2018,335,1,1,1,0,CLEAR,DRY,FALSE,OCCUPANT FELL FROM MOVING VEHICLE,SINGLE VEHICLE,CURVE & LEVEL,DARK-HWY NOT LIGHTED,1,K,087-CR-1011  -000
24106151,MONTGOMERY CTY SHERIFF DEPT,MONTGOMERY,KY0011,,LEVEE,RD,38.01127076,-83.95053516,7.189,9/17/2018,1601,1,1,0,1,RAINING,WET,FALSE,RAN OFF ROADWAY (1 VEHICLE WITH/EARTH EMBANKMENT/DITCH),SINGLE VEHICLE,CURVE & GRADE,DAYLIGHT,4,C,087-KY-0011  -000
24106153,MONTGOMERY CTY SHERIFF DEPT,MONTGOMERY,KY0713,,SPENCER,PIKE,38.026401,-83.8376799,12.949,9/28/2018,1724,1,1,0,1,CLEAR,DRY,FALSE,RAN OFF ROADWAY (1 VEHICLE WITH/EARTH EMBANKMENT/DITCH),SINGLE VEHICLE,CURVE & GRADE,DAYLIGHT,2,A,087-KY-0713  -000
24106159,MONTGOMERY CTY SHERIFF DEPT,MONTGOMERY,,,PREWITT,PIKE,38.02639648,-83.98166362,1.672,9/23/2018,1307,2,2,0,0,RAINING,WET,FALSE,SIDESWIPE COLLISION - OPPOSITE DIRECTION,SIDESWIPE-OPPOSITE DIRECTION,STRAIGHT & GRADE,DAYLIGHT,5,O,087-CR-1226  -000
24106162,MONTGOMERY CTY SHERIFF DEPT,MONTGOMERY,US0060,,OWINGSVILLE,RD,38.0620579,-83.93133001,5.879,9/25/2018,1930,2,2,0,0,RAINING,WET,FALSE,1 VEHICLE ENTERING/LEAVING ENTRANCE,ANGLE,STRAIGHT & LEVEL,DARK-HWY LIGHTED/ON,5,O,087-US-0060  -000
24106165,MONTGOMERY CTY SHERIFF DEPT,MONTGOMERY,US0460,,CAMARGO,RD,37.99633651,-83.89296348,14.702,9/27/2018,441,1,1,0,0,CLOUDY,DRY,FALSE,COLLISION WITH ANIMAL NON INTERSECTION,SINGLE VEHICLE,CURVE & GRADE,DARK-HWY NOT LIGHTED,5,O,087-US-0460  -000
24106167,MONTGOMERY CTY SHERIFF DEPT,MONTGOMERY,KY0646,,WILLOUGHBY TOWN,RD,37.94289563,-83.8698038,0.319,9/17/2018,2056,1,1,0,0,CLEAR,WET,FALSE,COLLISION WITH FIXED OBJECT NON - INTERSECTION - FIRST EVENT COLLISION 09 - 32 EXCLUDING 16,SINGLE VEHICLE,CURVE & HILLCREST,DARK-HWY NOT LIGHTED,5,O,087-KY-0646  -000
24106168,MONTGOMERY CTY SHERIFF DEPT,MONTGOMERY,US0060,,OWINGSVILLE,RD,38.07228414,-83.92523655,6.774,9/23/2018,1833,1,1,0,0,RAINING,WET,FALSE,COLLISION WITH FIXED OBJECT NON - INTERSECTION - FIRST EVENT COLLISION 09 - 32 EXCLUDING 16,SINGLE VEHICLE,CURVE & LEVEL,DAYLIGHT,5,O,087-US-0060  -000
24106173,MONTGOMERY CTY SHERIFF DEPT,MONTGOMERY,US0460,4065,CAMARGO,RD,37.99688933,-83.89404157,14.629,9/25/2018,2022,2,2,0,0,RAINING,WET,FALSE,1 VEHICLE ENTERING/LEAVING ENTRANCE,ANGLE,STRAIGHT & LEVEL,DARK-HWY NOT LIGHTED,5,O,087-US-0460  -000
24106175,MONTGOMERY CTY SHERIFF DEPT,MONTGOMERY,US0460,8060,MAIN,ST,37.97574674,-83.84903511,17.543,10/4/2018,1821,2,2,0,1,CLEAR,DRY,FALSE,OTHER ROADWAY OR MID-BLOCK COLLISION,OPPOSING LEFT TURN,STRAIGHT & LEVEL,DAYLIGHT,4,C,087-US-0460  -000
24106176,MONTGOMERY CTY SHERIFF DEPT,MONTGOMERY,KY0011,,LEVEE,RD,37.96269539,-83.939048,3.475,9/23/2018,1536,2,2,0,1,RAINING,WET,FALSE,1 VEHICLE ENTERING/LEAVING ENTRANCE,ANGLE,STRAIGHT & LEVEL,DAYLIGHT,4,C,087-KY-0011  -000
24106178,MONTGOMERY CTY SHERIFF DEPT,MONTGOMERY,,,MURPHY,ST,37.99505302,-83.88975438,0.011,9/20/2018,1930,3,1,0,2,CLEAR,DRY,FALSE,COLLISION WITH PEDESTRIAN NON - INTERSECTION,SINGLE VEHICLE,STRAIGHT & LEVEL,DAYLIGHT,4,C,087-CS-2008  -000
24106183,MONTGOMERY CTY SHERIFF DEPT,MONTGOMERY,,5433,CHILES,HWY,38.10837854,-84.05914127,1.349,10/4/2018,1345,1,1,0,0,CLEAR,DRY,FALSE,RAN OFF ROADWAY (1 VEHICLE WITH/EARTH EMBANKMENT/DITCH),SINGLE VEHICLE,STRAIGHT & GRADE,DAYLIGHT,5,O,087-CR-1320  -000
24106184,MONTGOMERY CTY SHERIFF DEPT,MONTGOMERY,,,WOODLAND,LN,38.08806456,-83.90607161,0.038,9/21/2018,2005,1,1,0,0,RAINING,WET,FALSE,OTHER COLLISIONS ON SHOULDER,SINGLE VEHICLE,CURVE & GRADE,DARK-HWY NOT LIGHTED,5,O,087-CS-2018  -000
24108209,MT. STERLING POLICE DEPARTMENT,MONTGOMERY,US0460,,CAMARGO,RD,38.04182837,-83.9342175,10.696,10/9/2018,1727,2,2,0,0,CLEAR,DRY,FALSE,OTHER INTERSECTION COLLISIONS,REAR END,STRAIGHT & LEVEL,DAYLIGHT,5,O,087-US-0460  -000
24112535,MT. STERLING POLICE DEPARTMENT,MONTGOMERY,US0460,,MAYSVILLE,RD,38.08870682,-83.94864089,7.385,10/7/2018,1709,2,2,0,0,CLEAR,DRY,FALSE,1 VEHICLE PARKED POSITION (NOT PARKING LOT/DRIVEWAY),BACKING,STRAIGHT & LEVEL,DAYLIGHT,5,O,087-US-0460  -000
24124210,MONTGOMERY CTY SHERIFF DEPT,MONTGOMERY,KY0686,,INDIAN MOUND,DR,38.05485703,-83.95638439,1.588,10/10/2018,1522,2,2,0,1,CLOUDY,DRY,FALSE,OTHER ROADWAY OR MID-BLOCK COLLISION,REAR TO REAR,STRAIGHT & GRADE,DAYLIGHT,3,B,087-KY-0686  -000
24124211,MONTGOMERY CTY SHERIFF DEPT,MONTGOMERY,,397,ASHGROVE,DR,38.04608368,-83.95542977,0.035,10/11/2018,1305,2,2,0,0,CLOUDY,DRY,FALSE,REAR END IN TRAFFIC LANES BOTH VEHICLES MOVING,REAR END,CURVE & LEVEL,DAYLIGHT,5,O,087-CR-1307A -000
24124212,MONTGOMERY CTY SHERIFF DEPT,MONTGOMERY,KY0011,,LEVEE,RD,37.94408726,-83.92934515,2.041,10/5/2018,1438,2,2,0,0,CLEAR,DRY,FALSE,SIDESWIPE COLLISION - OPPOSITE DIRECTION,SIDESWIPE-OPPOSITE DIRECTION,CURVE & LEVEL,DAYLIGHT,5,O,087-KY-0011  -000
24126470,MT. STERLING POLICE DEPARTMENT,MONTGOMERY,US0460,,MAYSVILLE,ST,38.0774351,-83.94938466,8.105,10/3/2018,837,2,2,0,0,CLOUDY,DRY,FALSE,REAR END IN TRAFFIC LANES BOTH VEHICLES MOVING,REAR END,STRAIGHT & LEVEL,DAYLIGHT,5,O,087-US-0460  -000
24126471,MT. STERLING POLICE DEPARTMENT,MONTGOMERY,US0060,44,MAIN,ST,38.0561257,-83.94346546,5.048,10/3/2018,1312,2,2,0,0,CLOUDY,DRY,FALSE,REAR END IN TRAFFIC LANES BOTH VEHICLES MOVING,REAR END,STRAIGHT & LEVEL,DAYLIGHT,5,O,087-US-0060  -000
24150027,MT. STERLING POLICE DEPARTMENT,MONTGOMERY,,102,STONE TRACE,DR,38.08021201,-83.95012548,0.027,10/18/2018,1448,2,2,0,0,CLEAR,DRY,FALSE,1 VEHICLE ENTERING/LEAVING ENTRANCE,ANGLE,STRAIGHT & GRADE,DAYLIGHT,5,O,087-CS-1125  -000
24150028,MT. STERLING POLICE DEPARTMENT,MONTGOMERY,,,MT AYR,DR,38.07418745,-83.94791635,0.023,10/18/2018,1704,2,2,0,0,CLEAR,DRY,FALSE,ANGLE COLLISION - OTHER,ANGLE,STRAIGHT & LEVEL,DAYLIGHT,5,O,087-PR-1093  -000