IncidentID,AgencyName,County,RdwyNumber,Street,RoadwayName,StreetSfx,Latitude,Longitude,Milepoint,CollisionDate,CollisionTime,UnitsInvolved,MotorVehiclesInvolved,NumberKilled,NumberInjured,Weather,RdwyConditionCode,HitandRun,DirAnalysisCode,MannerofCollision,RdwyCharacter,LightCondition,KABCO Code,KABCO,RT_UNIQUE
24163032,MONTGOMERY CTY SHERIFF DEPT,MONTGOMERY,,316,WOODLAND,LN,38.08744194,-83.91407741,0.481,9/26/2018,2055,2,2,0,0,CLEAR,DRY,FALSE,COLLISION WITH FIXED OBJECT NON - INTERSECTION - FIRST EVENT COLLISION 09 - 32 EXCLUDING 16,ANGLE,STRAIGHT & GRADE,DARK-HWY NOT LIGHTED,5,O,087-CR-1019A -000
24163042,MONTGOMERY CTY SHERIFF DEPT,MONTGOMERY,US0060,,WINCHESTER,RD,38.05287653,-83.96579635,3.797,10/10/2018,1626,2,2,0,0,CLEAR,DRY,FALSE,REAR END IN TRAFFIC LANES BOTH VEHICLES MOVING,REAR END,STRAIGHT & LEVEL,DAYLIGHT,5,O,087-US-0060  -000
24163050,MONTGOMERY CTY SHERIFF DEPT,MONTGOMERY,KY0646,1031,KIDDVILLE,RD,37.99533251,-83.97123672,10.096,7/6/2018,1829,1,1,0,0,CLEAR,DRY,FALSE,RAN OFF ROADWAY (1 VEHICLE WITH/EARTH EMBANKMENT/DITCH),SINGLE VEHICLE,CURVE & LEVEL,DAYLIGHT,5,O,087-KY-0646  -000
24163057,MONTGOMERY CTY SHERIFF DEPT,MONTGOMERY,,,FICKLIN,RD,37.98890831,-83.86270978,0.303,7/5/2018,1802,2,2,0,0,CLEAR,DRY,FALSE,SIDESWIPE COLLISION - OPPOSITE DIRECTION,SIDESWIPE-OPPOSITE DIRECTION,STRAIGHT & GRADE,DAYLIGHT,5,O,087-CR-1122  -000
24163065,MONTGOMERY CTY SHERIFF DEPT,MONTGOMERY,US0460,,MAIN,ST,37.98202966,-83.86663681,16.496,7/11/2018,1811,2,2,0,0,CLEAR,DRY,FALSE,OTHER ROADWAY OR MID-BLOCK COLLISION,REAR END,STRAIGHT & LEVEL,DAYLIGHT,5,O,087-US-0460  -000
24163072,MONTGOMERY CTY SHERIFF DEPT,MONTGOMERY,US0460,4424,CAMARGO,RD,37.99370445,-83.88663016,15.108,8/28/2018,1706,2,2,0,0,CLEAR,DRY,FALSE,OTHER ROADWAY OR MID-BLOCK COLLISION,REAR END,STRAIGHT & LEVEL,DAYLIGHT,5,O,087-US-0460  -000
24163074,MONTGOMERY CTY SHERIFF DEPT,MONTGOMERY,US0060,3060,OWINGSVILLE,RD,38.08595855,-83.89901801,8.53,10/16/2018,1846,2,2,0,0,CLEAR,DRY,FALSE,1 VEHICLE ENTERING OR LEAVING PARKED POSITION (NOT PARKING LOT),ANGLE,STRAIGHT & LEVEL,DAYLIGHT,5,O,087-US-0060  -000
24163075,MONTGOMERY CTY SHERIFF DEPT,MONTGOMERY,,,CLAY LICK,RD,37.97883788,-83.7749013,1.631,7/3/2018,1841,1,1,0,0,CLEAR,DRY,FALSE,COLLISION WITH FIXED OBJECT NON - INTERSECTION - FIRST EVENT COLLISION 09 - 32 EXCLUDING 16,SINGLE VEHICLE,STRAIGHT & GRADE,DAYLIGHT,5,O,087-CR-1110  -000
24163076,MONTGOMERY CTY SHERIFF DEPT,MONTGOMERY,,915,WELCH,RD,37.96105432,-83.8697479,0.929,9/8/2018,1705,1,1,0,0,CLOUDY,WET,TRUE,RAN OFF ROADWAY (1 VEHICLE WITH/EARTH EMBANKMENT/DITCH),SINGLE VEHICLE,CURVE & LEVEL,DAYLIGHT,5,O,087-CR-1117  -000
24163077,MONTGOMERY CTY SHERIFF DEPT,MONTGOMERY,KY0011,,LEVEE,RD,37.96721989,-83.93909135,3.791,10/14/2018,1450,2,2,0,0,CLEAR,DRY,FALSE,REAR END IN TRAFFIC LANES BOTH VEHICLES MOVING,REAR END,CURVE & LEVEL,DAYLIGHT,5,O,087-KY-0011  -000
24163080,MONTGOMERY CTY SHERIFF DEPT,MONTGOMERY,US0060,,WINCHESTER,RD,38.05243236,-83.96960034,3.588,9/29/2018,2100,1,1,0,1,CLEAR,DRY,FALSE,COLLISION WITH FIXED OBJECT NON - INTERSECTION - FIRST EVENT COLLISION 09 - 32 EXCLUDING 16,SINGLE VEHICLE,STRAIGHT & LEVEL,DARK-HWY NOT LIGHTED,4,C,087-US-0060  -000
24163082,MONTGOMERY CTY SHERIFF DEPT,MONTGOMERY,US0460,,MAIN,ST,37.97588993,-83.84947601,17.519,10/6/2018,1819,2,2,0,2,CLEAR,DRY,FALSE,HEAD-ON COLLISION,HEAD ON,STRAIGHT & LEVEL,DAYLIGHT,4,C,087-US-0460  -000
24163083,MONTGOMERY CTY SHERIFF DEPT,MONTGOMERY,US0060,,OWINGSVILLE,RD,38.08601396,-83.89964046,8.481,10/12/2018,1219,2,2,0,0,CLEAR,DRY,TRUE,1 VEHICLE ENTERING/LEAVING ENTRANCE,ANGLE,STRAIGHT & LEVEL,DAYLIGHT,5,O,087-US-0060  -000
24163085,MONTGOMERY CTY SHERIFF DEPT,MONTGOMERY,US0060,,WINCHESTER,RD,38.03605667,-84.011662,0.885,10/19/2018,1920,1,1,0,0,CLEAR,WET,FALSE,COLLISION WITH ANIMAL NON INTERSECTION,SINGLE VEHICLE,CURVE & GRADE,DAYLIGHT,5,O,087-US-0060  -000
24163086,MONTGOMERY CTY SHERIFF DEPT,MONTGOMERY,US0060,,WINCHESTER,RD,38.05365858,-83.95762658,4.248,9/25/2018,2051,2,2,0,0,CLOUDY,WET,FALSE,1 VEHICLE ENTERING/LEAVING ENTRANCE,ANGLE,STRAIGHT & LEVEL,DARK-HWY LIGHTED/ON,5,O,087-US-0060  -000
24163087,MONTGOMERY CTY SHERIFF DEPT,MONTGOMERY,,,STEELE,RD,37.94095035,-83.80580745,0.409,10/12/2018,1324,2,2,0,0,CLEAR,DRY,TRUE,1 VEHICLE PARKED POSITION (NOT PARKING LOT/DRIVEWAY),BACKING,STRAIGHT & LEVEL,DAYLIGHT,5,O,087-CR-1126  -000
24163088,MONTGOMERY CTY SHERIFF DEPT,MONTGOMERY,US0460,,MAIN,ST,37.96633108,-83.81854006,19.306,9/8/2018,1731,1,1,0,0,CLOUDY,WET,FALSE,COLLISION WITH FIXED OBJECT NON - INTERSECTION - FIRST EVENT COLLISION 09 - 32 EXCLUDING 16,SINGLE VEHICLE,STRAIGHT & GRADE,DAYLIGHT,5,O,087-US-0460  -000
24163089,MONTGOMERY CTY SHERIFF DEPT,MONTGOMERY,,,WELCH,RD,37.96688244,-83.86308339,0.321,10/5/2018,1750,2,2,0,0,CLEAR,DRY,FALSE,SIDESWIPE COLLISION - OPPOSITE DIRECTION,SIDESWIPE-OPPOSITE DIRECTION,STRAIGHT & LEVEL,DAYLIGHT,5,O,087-CR-1117  -000
24163090,MONTGOMERY CTY SHERIFF DEPT,MONTGOMERY,US0460,,CAMARGO,RD,37.99972478,-83.89766038,14.339,10/5/2018,1409,2,2,0,0,CLEAR,DRY,FALSE,1 VEHICLE ENTERING/LEAVING ENTRANCE,ANGLE,STRAIGHT & LEVEL,DUSK,5,O,087-US-0460  -000
24163091,MONTGOMERY CTY SHERIFF DEPT,MONTGOMERY,,,OLD OWINGSVILLE,RD,38.06756668,-83.92497577,1.65,3/13/2018,1942,1,1,0,0,CLEAR,DRY,FALSE,COLLISION WITH FIXED OBJECT NON - INTERSECTION - FIRST EVENT COLLISION 09 - 32 EXCLUDING 16,SINGLE VEHICLE,CURVE & LEVEL,DARK-HWY LIGHTED/OFF,5,O,087-CR-1029  -000
24163092,MONTGOMERY CTY SHERIFF DEPT,MONTGOMERY,US0460,,CAMARGO,RD,37.99491411,-83.88985482,14.907,10/13/2018,2011,2,2,0,0,CLEAR,DRY,FALSE,1 VEHICLE ENTERING/LEAVING ENTRANCE,ANGLE,STRAIGHT & LEVEL,DARK (UNKNOWN ROADWAY LIGHTING),5,O,087-US-0460  -000
24163098,MONTGOMERY CTY SHERIFF DEPT,MONTGOMERY,KY0011,,LEVEE,RD,38.01105332,-83.95042797,7.175,9/18/2018,1915,1,1,0,0,CLOUDY,WET,FALSE,RAN OFF ROADWAY (1 VEHICLE WITH/EARTH EMBANKMENT/DITCH),SINGLE VEHICLE,CURVE & HILLCREST,DAYLIGHT,5,O,087-KY-0011  -000
24172712,MT. STERLING POLICE DEPARTMENT,MONTGOMERY,KY0686,,INDIAN MOUND,DR,38.05311723,-83.95654045,1.705,10/24/2018,1824,2,2,0,0,CLEAR,DRY,FALSE,REAR END IN TRAFFIC LANES BOTH VEHICLES MOVING,REAR END,STRAIGHT & LEVEL,DAYLIGHT,5,O,087-KY-0686  -000
24172713,MT. STERLING POLICE DEPARTMENT,MONTGOMERY,KY0686,810,INDIAN MOUND,DR,38.05909914,-83.95573515,1.291,10/15/2018,1532,2,2,0,0,RAINING,WET,FALSE,OTHER ROADWAY OR MID-BLOCK COLLISION,REAR END,STRAIGHT & LEVEL,DAYLIGHT,5,O,087-KY-0686  -000
24172719,MT. STERLING POLICE DEPARTMENT,MONTGOMERY,KY0686,,INDIAN MOUND,DR,38.06734497,-83.95542459,0.721,10/17/2018,1533,2,2,0,0,CLEAR,DRY,FALSE,ANGLE COLLISION - OTHER,ANGLE,STRAIGHT & LEVEL,DAYLIGHT,5,O,087-KY-0686  -000
24176856,MT. STERLING POLICE DEPARTMENT,MONTGOMERY,,,COLLIER,WAY,38.05278891,-83.95099416,0.009,10/21/2018,1317,2,2,0,0,CLEAR,DRY,FALSE,1 VEHICLE ENTERING/LEAVING ENTRANCE,ANGLE,STRAIGHT & GRADE,DAYLIGHT,5,O,087-CS-1145  -000
24191290,MT. STERLING POLICE DEPARTMENT,MONTGOMERY,,,RICHMOND,AVE,38.05479135,-83.94754411,0.005,10/26/2018,1444,2,2,0,0,CLOUDY,DRY,FALSE,1 VEHICLE ENTERING/LEAVING ENTRANCE,ANGLE,CURVE & GRADE,DAYLIGHT,5,O,087-CS-1024  -000
24191293,MT. STERLING POLICE DEPARTMENT,MONTGOMERY,US0460,,MAYSVILLE,ST,38.07625031,-83.94904564,8.13,10/26/2018,1232,2,2,0,0,CLEAR,DRY,FALSE,REAR END IN TRAFFIC LANES BOTH VEHICLES MOVING,REAR END,STRAIGHT & LEVEL,DAYLIGHT,5,O,087-US-0460  -000
24191295,MT. STERLING POLICE DEPARTMENT,MONTGOMERY,KY0686,,INDIAN MOUND,DR,38.07104228,-83.95510712,0.464,10/30/2018,1517,2,2,0,0,CLEAR,DRY,FALSE,1 VEHICLE ENTERING/LEAVING ENTRANCE,ANGLE,STRAIGHT & LEVEL,DAYLIGHT,5,O,087-KY-0686  -000
24191298,MT. STERLING POLICE DEPARTMENT,MONTGOMERY,,,CHENAULT,DR,38.06173759,-83.9504126,0.051,10/25/2018,1828,2,2,0,0,CLOUDY,DRY,FALSE,1 VEHICLE PARKED POSITION (NOT PARKING LOT/DRIVEWAY),BACKING,STRAIGHT & LEVEL,DAYLIGHT,5,O,087-CS-1032  -000
24191299,MT. STERLING POLICE DEPARTMENT,MONTGOMERY,,,DARLEY,CRK,38.05002561,-83.9520525,0.094,10/31/2018,709,2,2,0,0,CLEAR,DRY,FALSE,HEAD-ON COLLISION,HEAD ON,STRAIGHT & GRADE,DARK-HWY LIGHTED/ON,5,O,087-CS-1151  -000
24191300,MT. STERLING POLICE DEPARTMENT,MONTGOMERY,,,LARKSPUR,DR,38.07075486,-83.94356932,0.006,10/30/2018,1805,2,2,0,0,CLEAR,DRY,FALSE,SIDESWIPE COLLISION - OPPOSITE DIRECTION,SIDESWIPE-OPPOSITE DIRECTION,STRAIGHT & LEVEL,DAYLIGHT,5,O,087-CS-1108  -000
24201547,MT. STERLING POLICE DEPARTMENT,MONTGOMERY,US0460,,MAYSVILLE,RD,38.0768838,-83.94932449,8.084,10/21/2018,1739,2,2,0,0,CLEAR,DRY,FALSE,ANGLE COLLISION - OTHER,ANGLE,STRAIGHT & LEVEL,DAYLIGHT,5,O,087-US-0460  -000
24215943,MT. STERLING POLICE DEPARTMENT,MONTGOMERY,US0460,,CAMARGO,RD,38.04212252,-83.93441448,10.687,11/1/2018,1609,2,2,0,0,CLOUDY,WET,FALSE,OTHER ROADWAY OR MID-BLOCK COLLISION,REAR END,STRAIGHT & LEVEL,DAYLIGHT,5,O,087-US-0460  -000
24231441,MT. STERLING POLICE DEPARTMENT,MONTGOMERY,I 0064,,,,38.07701484,-83.95270449,0.098,11/6/2018,1434,2,2,0,0,CLEAR,DRY,FALSE,OTHER RAMP RELATED COLLISIONS NOT LISTED ABOVE,SIDESWIPE-SAME DIRECTION,CURVE & LEVEL,DAYLIGHT,5,O,087-CR-1036  -000
24233341,MONTGOMERY CTY SHERIFF DEPT,MONTGOMERY,US0460,11511,MAIN,ST,37.95654971,-83.79189347,20.995,10/26/2018,1759,1,1,0,0,CLOUDY,WET,FALSE,OTHER ROADWAY OR MID-BLOCK COLLISION,SINGLE VEHICLE,STRAIGHT & LEVEL,DAYLIGHT,5,O,087-US-0460  -000
24233353,MONTGOMERY CTY SHERIFF DEPT,MONTGOMERY,US0060,4980,OWINGSVILLE,RD,38.13070087,-83.8766381,12.012,10/26/2018,2002,2,2,0,0,RAINING,WET,FALSE,1 VEHICLE ENTERING/LEAVING ENTRANCE,ANGLE,CURVE & GRADE,DARK-HWY NOT LIGHTED,5,O,087-US-0060  -000
24233357,MONTGOMERY CTY SHERIFF DEPT,MONTGOMERY,,,DOE RUN,DR,38.07161895,-83.9184404,0.026,10/22/2018,1124,2,2,0,0,CLEAR,DRY,FALSE,1 VEHICLE PARKED POSITION (NOT PARKING LOT/DRIVEWAY),BACKING,STRAIGHT & LEVEL,DAYLIGHT,5,O,087-CR-1005K -000
24233359,MONTGOMERY CTY SHERIFF DEPT,MONTGOMERY,KY1331,,HOWARDS MILL,RD,38.06209804,-83.82366173,4.835,10/23/2018,1316,1,1,0,0,CLEAR,DRY,FALSE,COLLISION WITH FIXED OBJECT NON - INTERSECTION - FIRST EVENT COLLISION 09 - 32 EXCLUDING 16,SINGLE VEHICLE,STRAIGHT & LEVEL,DAYLIGHT,5,O,087-KY-1331  -000
24233362,MONTGOMERY CTY SHERIFF DEPT,MONTGOMERY,KY0686,,INDIAN MOUND,DR,38.06553384,-83.95549632,0.848,10/21/2018,1437,2,2,0,0,CLEAR,DRY,FALSE,ANGLE COLLISION - OTHER,ANGLE,STRAIGHT & LEVEL,DAYLIGHT,5,O,087-KY-0686  -000
24233364,MONTGOMERY CTY SHERIFF DEPT,MONTGOMERY,KY0646,,CREAM ALLEY,RD,37.9583978,-83.90223904,2.522,10/22/2018,1305,2,2,0,1,CLEAR,DRY,FALSE,REAR END IN TRAFFIC LANES BOTH VEHICLES MOVING,REAR END,CURVE & LEVEL,DAYLIGHT,4,C,087-KY-0646  -000
24233366,MONTGOMERY CTY SHERIFF DEPT,MONTGOMERY,US0460,,MAIN,ST,37.96308617,-83.80080706,20.314,10/27/2018,51,1,1,0,1,CLOUDY,WET,FALSE,OTHER INTERSECTION COLLISIONS,SINGLE VEHICLE,CURVE & HILLCREST,DARK-HWY LIGHTED/ON,3,B,087-US-0460  -000
24233368,MONTGOMERY CTY SHERIFF DEPT,MONTGOMERY,,,FOGG,PIKE,38.0319054,-83.98008196,2.099,11/3/2018,207,1,1,0,0,CLOUDY,WET,FALSE,COLLISION WITH FIXED OBJECT IN INTERSECTION - FIRST EVENT COLLISION 09 - 32,SINGLE VEHICLE,STRAIGHT & GRADE,DARK-HWY NOT LIGHTED,5,O,087-CR-1227  -000
24233377,MONTGOMERY CTY SHERIFF DEPT,MONTGOMERY,,3555,TIMBER,LN,37.97373131,-83.79449439,0.326,10/29/2018,1955,1,1,0,0,CLEAR,DRY,FALSE,COLLISION WITH ANIMAL NON INTERSECTION,SINGLE VEHICLE,CURVE & HILLCREST,DARK-HWY NOT LIGHTED,5,O,087-CR-1057  -000
24233382,MONTGOMERY CTY SHERIFF DEPT,MONTGOMERY,,3570,TECHNOLOGY CENTER,DR,38.04116298,-83.94111472,0.028,11/2/2018,1605,2,2,0,0,CLEAR,DRY,FALSE,1 VEHICLE ENTERING OR LEAVING PARKED POSITION (NOT PARKING LOT),REAR END,STRAIGHT & HILLCREST,DAYLIGHT,5,O,087-PS-1102  -000
24233384,MONTGOMERY CTY SHERIFF DEPT,MONTGOMERY,US0460,10326,MAIN,ST,37.96369572,-83.8048382,20.095,10/28/2018,2226,1,1,0,0,CLEAR,DRY,FALSE,COLLISION WITH ANIMAL NON INTERSECTION,SINGLE VEHICLE,STRAIGHT & LEVEL,DARK-HWY NOT LIGHTED,5,O,087-US-0460  -000
24233385,MONTGOMERY CTY SHERIFF DEPT,MONTGOMERY,US0060,,OWINGSVILLE,RD,38.08957793,-83.89800397,8.719,10/27/2018,1348,2,2,0,0,CLOUDY,WET,FALSE,1 VEHICLE ENTERING/LEAVING ENTRANCE,ANGLE,STRAIGHT & LEVEL,DAYLIGHT,5,O,087-US-0060  -000
24233388,MONTGOMERY CTY SHERIFF DEPT,MONTGOMERY,US0060,,OWINGSVILLE,RD,38.07497243,-83.91841639,7.204,10/27/2018,1053,2,2,0,0,RAINING,WET,FALSE,REAR END IN TRAFFIC LANES BOTH VEHICLES MOVING,REAR END,STRAIGHT & LEVEL,DAYLIGHT,5,O,087-US-0060  -000
24233401,MONTGOMERY CTY SHERIFF DEPT,MONTGOMERY,KY1991,1319,HINKSTON,PIKE,38.08035282,-83.93197613,1.344,11/1/2018,1456,2,2,0,3,CLOUDY,WET,FALSE,HEAD-ON COLLISION,HEAD ON,CURVE & GRADE,DAYLIGHT,2,A,087-KY-1991  -000
24244103,MT. STERLING POLICE DEPARTMENT,MONTGOMERY,US0060,,MAIN,ST,38.05632211,-83.942455,5.105,11/9/2018,737,2,2,0,0,RAINING,WET,FALSE,SIDESWIPE COLLISION - SAME DIRECTION,SIDESWIPE-SAME DIRECTION,STRAIGHT & LEVEL,DAYLIGHT,5,O,087-US-0060  -000
24244114,MT. STERLING POLICE DEPARTMENT,MONTGOMERY,US0060,,MAIN,ST,38.05708458,-83.9391391,5.296,11/11/2018,1048,2,2,0,0,CLEAR,DRY,FALSE,1 VEHICLE ENTERING/LEAVING ENTRANCE,ANGLE,STRAIGHT & GRADE,DAYLIGHT,5,O,087-US-0060  -000
24249328,MT. STERLING POLICE DEPARTMENT,MONTGOMERY,US0060,,MAIN,ST,38.05709236,-83.93914055,5.296,9/21/2018,1405,2,2,0,0,CLEAR,DRY,FALSE,1 VEHICLE ENTERING/LEAVING ENTRANCE,ANGLE,STRAIGHT & GRADE,DAYLIGHT,5,O,087-US-0060  -000
24249336,MT. STERLING POLICE DEPARTMENT,MONTGOMERY,US0060,,MAIN,ST,38.0546399,-83.9480016,4.785,11/13/2018,820,1,1,0,1,SNOWING,WET,FALSE,COLLISION WITH FIXED OBJECT NON - INTERSECTION - FIRST EVENT COLLISION 09 - 32 EXCLUDING 16,SINGLE VEHICLE,CURVE & HILLCREST,DAYLIGHT,4,C,087-US-0060  -000
24258187,MT. STERLING POLICE DEPARTMENT,MONTGOMERY,,129,SWISS STONE,WAY,38.05298185,-83.95010391,0.123,11/13/2018,908,3,3,0,0,RAINING,WET,TRUE,1 VEHICLE PARKED POSITION (NOT PARKING LOT/DRIVEWAY),ANGLE,STRAIGHT & HILLCREST,DARK-HWY LIGHTED/ON,5,O,087-CS-1143  -000
24258188,MT. STERLING POLICE DEPARTMENT,MONTGOMERY,KY0686,,INDIAN MOUND,DR,38.04111337,-83.94801994,2.764,11/15/2018,1721,2,2,0,0,"SLEET, HAIL, FREEZING RAIN",ICE,FALSE,REAR END IN TRAFFIC LANES BOTH VEHICLES MOVING,REAR END,STRAIGHT & LEVEL,DARK-HWY LIGHTED/ON,5,O,087-KY-0686  -000
24281907,MT. STERLING POLICE DEPARTMENT,MONTGOMERY,US0460,,MAYSVILLE,ST,38.07678707,-83.94909155,8.09,11/16/2018,2035,2,2,0,0,CLOUDY,DRY,FALSE,OTHER ROADWAY OR MID-BLOCK COLLISION,REAR END,STRAIGHT & LEVEL,DARK-HWY LIGHTED/ON,5,O,087-US-0460  -000
24281912,MT. STERLING POLICE DEPARTMENT,MONTGOMERY,US0460,705,MAYSVILLE,ST,38.07409608,-83.94830924,8.28,11/17/2018,1339,3,3,0,0,CLEAR,DRY,FALSE,1 VEHICLE ENTERING/LEAVING ENTRANCE,ANGLE,STRAIGHT & LEVEL,DAYLIGHT,5,O,087-US-0460  -000
24281913,MT. STERLING POLICE DEPARTMENT,MONTGOMERY,KY0686,499,INDIAN MOUND,DR,38.06733476,-83.95539499,0.719,11/16/2018,1421,2,2,0,0,CLEAR,DRY,FALSE,1 VEHICLE ENTERING/LEAVING ENTRANCE,ANGLE,STRAIGHT & LEVEL,DAYLIGHT,5,O,087-KY-0686  -000
24282017,MT. STERLING POLICE DEPARTMENT,MONTGOMERY,US0460,,MAYSVILLE,ST,38.07554019,-83.94884692,8.181,11/19/2018,1009,2,2,0,0,CLOUDY,DRY,FALSE,ANGLE COLLISION - ONE VEHICLE TURNING RIGHT,ANGLE,STRAIGHT & LEVEL,DAYLIGHT,5,O,087-US-0460  -000
24290119,MT. STERLING POLICE DEPARTMENT,MONTGOMERY,KY0686,,INDIAN MOUND,DR,38.07095937,-83.95486497,0.463,11/10/2018,1335,2,2,0,0,CLOUDY,DRY,FALSE,OPPOSING LEFT TURN,OPPOSING LEFT TURN,STRAIGHT & LEVEL,DAYLIGHT,5,O,087-KY-0686  -000
24292897,MT. STERLING POLICE DEPARTMENT,MONTGOMERY,US0060,,WINCHESTER,RD,38.05376047,-83.95673332,4.298,11/25/2018,1208,2,2,0,0,CLEAR,DRY,FALSE,REAR END IN TRAFFIC LANES BOTH VEHICLES MOVING,REAR END,STRAIGHT & HILLCREST,DAYLIGHT,5,O,087-US-0060  -000
24297063,MT. STERLING POLICE DEPARTMENT,MONTGOMERY,KY0686,920,INDIAN MOUND,DR,38.06211898,-83.95547576,1.077,11/16/2018,1329,2,2,0,0,CLOUDY,DRY,FALSE,SIDESWIPE COLLISION - SAME DIRECTION,SIDESWIPE-SAME DIRECTION,STRAIGHT & LEVEL,DAYLIGHT,5,O,087-KY-0686  -000
24316320,MT. STERLING POLICE DEPARTMENT,MONTGOMERY,,213,VANCE,DR,38.07442218,-83.95147144,0.052,11/17/2018,1811,2,2,0,0,CLEAR,DRY,FALSE,1 VEHICLE ENTERING/LEAVING ENTRANCE,ANGLE,STRAIGHT & LEVEL,DARK-HWY LIGHTED/ON,5,O,087-CS-1115  -000
24316322,MT. STERLING POLICE DEPARTMENT,MONTGOMERY,,121,HIGH,ST,38.05691409,-83.94538241,0.166,11/17/2018,1237,2,2,0,0,CLOUDY,DRY,FALSE,COLLISION WITH PARKED VEHICLE,SIDESWIPE-SAME DIRECTION,STRAIGHT & GRADE,DAYLIGHT,5,O,087-CS-1052  -000
24316330,MT. STERLING POLICE DEPARTMENT,MONTGOMERY,US0460,,MAYSVILLE,ST,38.05755118,-83.94246868,9.485,11/22/2018,1101,2,2,0,1,CLEAR,DRY,FALSE,1 VEHICLE ENTERING/LEAVING ENTRANCE,ANGLE,STRAIGHT & LEVEL,DAYLIGHT,3,B,087-US-0460  -000
24318939,MT. STERLING POLICE DEPARTMENT,MONTGOMERY,KY0686,KY 686,INDIAN MOUND,DR,38.06251052,-83.95547757,1.054,11/29/2018,1503,2,2,0,0,CLOUDY,DRY,FALSE,SIDESWIPE COLLISION - SAME DIRECTION,SIDESWIPE-SAME DIRECTION,STRAIGHT & LEVEL,DAYLIGHT,5,O,087-KY-0686  -000
24323680,MT. STERLING POLICE DEPARTMENT,MONTGOMERY,,402,ELIZABETH,CT,38.0633717,-83.9520566,0.02,12/2/2018,1504,2,2,0,0,CLEAR,DRY,FALSE,1 VEHICLE PARKED POSITION (NOT PARKING LOT/DRIVEWAY),BACKING,STRAIGHT & LEVEL,DAYLIGHT,5,O,087-CS-1067  -000
24341479,MT. STERLING POLICE DEPARTMENT,MONTGOMERY,US0460,,CAMARGO,RD,38.03614318,-83.93169772,11.132,12/1/2018,2153,2,2,0,1,CLEAR,WET,TRUE,HEAD-ON COLLISION,HEAD ON,STRAIGHT & LEVEL,DARK-HWY LIGHTED/ON,4,C,087-US-0460  -000
24348687,MT. STERLING POLICE DEPARTMENT,MONTGOMERY,,,WINGTIP,WAY,38.0755072,-83.94843051,0.095,12/6/2018,2127,2,2,0,0,CLEAR,DRY,FALSE,1 VEHICLE ENTERING/LEAVING ENTRANCE,ANGLE,STRAIGHT & LEVEL,DARK-HWY LIGHTED/ON,5,O,087-CS-1121  -000
24360283,MT. STERLING POLICE DEPARTMENT,MONTGOMERY,KY0686,,INDIAN MOUND,DR,38.04219195,-83.95113201,2.578,12/4/2018,734,1,1,0,0,SNOWING,SNOW/SLUSH,FALSE,COLLISION WITH ANIMAL NON INTERSECTION,SINGLE VEHICLE,CURVE & GRADE,DAWN,5,O,087-KY-0686  -000
24360284,MT. STERLING POLICE DEPARTMENT,MONTGOMERY,KY0686,,INDIAN MOUND,DR,38.04106757,-83.94806542,2.745,12/4/2018,1834,1,1,0,0,CLOUDY,DRY,FALSE,COLLISION WITH ANIMAL IN INTERSECTION,SINGLE VEHICLE,STRAIGHT & LEVEL,DARK-HWY LIGHTED/ON,5,O,087-KY-0686  -000
24374744,MT. STERLING POLICE DEPARTMENT,MONTGOMERY,US0460,,CAMARGO,RD,38.04202211,-83.93430919,10.694,11/14/2018,1628,2,2,0,1,RAINING,WET,FALSE,HEAD-ON COLLISION,HEAD ON,STRAIGHT & LEVEL,DAYLIGHT,3,B,087-US-0460  -000
24376247,MT. STERLING POLICE DEPARTMENT,MONTGOMERY,US0060,,WINCHESTER,RD,38.05145447,-83.97402848,3.337,12/14/2018,25,1,1,0,0,CLEAR,DRY,FALSE,COLLISION WITH ANIMAL NON INTERSECTION,SINGLE VEHICLE,STRAIGHT & LEVEL,DARK-HWY LIGHTED/OFF,5,O,087-US-0060  -000
24385717,MONTGOMERY CO. SCHOOL DIST. PD,MONTGOMERY,,724,MONTGOMERY CO HIGH SCHOOL ARENA,DR,38.04533213,-83.94234767,0.154,11/8/2018,1900,2,2,0,0,CLOUDY,DRY,TRUE,1 VEHICLE PARKED POSITION (NOT PARKING LOT/DRIVEWAY),SIDESWIPE-OPPOSITE DIRECTION,STRAIGHT & LEVEL,DARK-HWY LIGHTED/ON,5,O,087-PS-1105  -000
24385718,MONTGOMERY CO. SCHOOL DIST. PD,MONTGOMERY,,,MONTGOMERY CO HIGH SCHOOL ARENA,DR,38.04541126,-83.94308228,0.154,11/7/2018,1545,2,2,0,0,CLOUDY,DRY,FALSE,1 VEHICLE PARKED POSITION (NOT PARKING LOT/DRIVEWAY),REAR END,STRAIGHT & LEVEL,DAYLIGHT,5,O,087-PS-1105  -000
24389488,MT. STERLING POLICE DEPARTMENT,MONTGOMERY,,,SCOTT,ST,38.05550266,-83.93329864,0.193,11/1/2018,1852,2,2,0,0,CLEAR,WET,TRUE,VEHICLE BACKING IN INTERSECTION,BACKING,STRAIGHT & LEVEL,DARK-HWY LIGHTED/ON,5,O,087-CS-1011  -000
24389493,MT. STERLING POLICE DEPARTMENT,MONTGOMERY,US0060,,WINCHESTER,RD,38.05381667,-83.95636394,4.317,12/15/2018,2005,2,2,0,0,RAINING,WET,FALSE,OPPOSITE DIRECTION - BOTH VEHICLES GOING STRAIGHT AHEAD,SIDESWIPE-OPPOSITE DIRECTION,STRAIGHT & LEVEL,DARK-HWY LIGHTED/ON,5,O,087-US-0060  -000