IncidentID,AgencyName,County,RdwyNumber,Street,RoadwayName,StreetSfx,Latitude,Longitude,Milepoint,CollisionDate,CollisionTime,UnitsInvolved,MotorVehiclesInvolved,NumberKilled,NumberInjured,Weather,RdwyConditionCode,HitandRun,DirAnalysisCode,MannerofCollision,RdwyCharacter,LightCondition,KABCO Code,KABCO,RT_UNIQUE
24878269,MONTGOMERY CTY SHERIFF DEPT,MONTGOMERY,KY0713,,GRASSY LICK,RD,38.05812731,-83.95637992,5.776,3/14/2019,1231,2,2,0,2,CLEAR,DRY,FALSE,1 VEHICLE ENTERING/LEAVING ENTRANCE,ANGLE,STRAIGHT & LEVEL,DAYLIGHT,3,B,087-KY-0713  -000
24878306,MONTGOMERY CTY SHERIFF DEPT,MONTGOMERY,US0460,,MAIN,ST,37.9631995,-83.80139023,20.288,3/2/2019,1205,2,2,0,0,CLOUDY,WET,FALSE,REAR END IN TRAFFIC LANES BOTH VEHICLES MOVING,REAR END,STRAIGHT & LEVEL,DAYLIGHT,5,O,087-US-0460  -000
24878307,MONTGOMERY CTY SHERIFF DEPT,MONTGOMERY,,,QUISENBERRY,RD,38.10737936,-83.89428875,0.097,2/28/2019,800,1,1,0,0,CLOUDY,DRY,FALSE,COLLISION WITH ANIMAL NON INTERSECTION,SINGLE VEHICLE,STRAIGHT & LEVEL,DAYLIGHT,5,O,087-CR-1011  -000
24878308,MONTGOMERY CTY SHERIFF DEPT,MONTGOMERY,US0460,,MAIN,ST,37.96743835,-83.82004566,19.194,3/7/2019,1046,2,2,0,0,CLOUDY,DRY,FALSE,REAR END IN TRAFFIC LANES BOTH VEHICLES MOVING,REAR END,CURVE & GRADE,DAYLIGHT,5,O,087-US-0460  -000
24883759,MT. STERLING POLICE DEPARTMENT,MONTGOMERY,KY0686,499,INDIAN MOUND,DR,38.06789684,-83.95566989,0.681,3/28/2019,2200,2,2,0,0,CLEAR,DRY,FALSE,1 VEHICLE ENTERING/LEAVING ENTRANCE,ANGLE,STRAIGHT & LEVEL,DARK-HWY LIGHTED/ON,5,O,087-KY-0686  -000
24883760,MT. STERLING POLICE DEPARTMENT,MONTGOMERY,KY0686,,INDIAN MOUND,DR,38.05118877,-83.95663472,1.802,3/29/2019,2238,1,1,0,0,CLEAR,DRY,TRUE,OTHER INTERSECTION COLLISIONS,SINGLE VEHICLE,STRAIGHT & LEVEL,DARK (UNKNOWN ROADWAY LIGHTING),5,O,087-KY-0686  -000
24883765,MT. STERLING POLICE DEPARTMENT,MONTGOMERY,KY0686,,INDIAN MOUND,DR,38.04187818,-83.93468785,3.485,3/26/2019,1400,2,2,0,0,CLEAR,DRY,FALSE,OTHER INTERSECTION COLLISIONS,REAR END,STRAIGHT & LEVEL,DAYLIGHT,5,O,087-KY-0686  -000
24891326,MONTGOMERY CTY SHERIFF DEPT,MONTGOMERY,KY0011,,MAYSVILLE,RD,38.12112879,-83.96002669,12.408,3/30/2019,1948,1,1,0,1,RAINING,WET,FALSE,RAN OFF ROADWAY (1 VEHICLE WITH/EARTH EMBANKMENT/DITCH),SINGLE VEHICLE,STRAIGHT & LEVEL,DUSK,4,C,087-KY-0011  -000
24891328,MONTGOMERY CTY SHERIFF DEPT,MONTGOMERY,,,FOGG PIKE CONN,,38.04195334,-83.95081132,0.003,4/2/2019,1730,2,2,0,0,CLEAR,DRY,FALSE,OTHER INTERSECTION COLLISIONS,REAR END,STRAIGHT & GRADE,DAYLIGHT,5,O,087-CR-1306N -000
24891366,MONTGOMERY CTY SHERIFF DEPT,MONTGOMERY,US0060,,WINCHESTER,RD,38.0314172,-84.02553667,0.065,3/3/2019,1450,1,1,0,0,SNOWING,SNOW/SLUSH,FALSE,RAN OFF ROADWAY (1 VEHICLE WITH/EARTH EMBANKMENT/DITCH),SINGLE VEHICLE,STRAIGHT & GRADE,DAYLIGHT,5,O,087-US-0060  -000
24891369,MONTGOMERY CTY SHERIFF DEPT,MONTGOMERY,US0460,,MAIN,ST,37.95673972,-83.79269263,20.949,3/11/2019,1351,1,1,0,0,CLEAR,DRY,FALSE,COLLISION WITH FIXED OBJECT NON - INTERSECTION - FIRST EVENT COLLISION 09 - 32 EXCLUDING 16,SINGLE VEHICLE,STRAIGHT & LEVEL,DAYLIGHT,5,O,087-US-0460  -000
24891376,MONTGOMERY CTY SHERIFF DEPT,MONTGOMERY,,495,SPRING,ST,38.05138928,-83.95429704,0.128,3/8/2019,1301,1,1,0,0,CLOUDY,SNOW/SLUSH,FALSE,COLLISION WITH FIXED OBJECT NON - INTERSECTION - FIRST EVENT COLLISION 09 - 32 EXCLUDING 16,SINGLE VEHICLE,STRAIGHT & GRADE,DAYLIGHT,5,O,087-CR-1042  -000
24899188,MT. STERLING POLICE DEPARTMENT,MONTGOMERY,US0060,,MAIN,ST,38.05575672,-83.94498563,4.964,3/28/2019,1206,2,2,0,0,CLEAR,DRY,FALSE,ANGLE COLLISION - ONE VEHICLE TURNING LEFT,ANGLE,STRAIGHT & LEVEL,DAYLIGHT,5,O,087-US-0060  -000
24899196,MT. STERLING POLICE DEPARTMENT,MONTGOMERY,,,VANCE,DR,38.0754567,-83.95147794,0.129,4/4/2019,1706,2,2,0,0,CLEAR,DRY,FALSE,REAR END IN TRAFFIC LANES BOTH VEHICLES MOVING,REAR END,STRAIGHT & LEVEL,DAYLIGHT,5,O,087-CS-1115  -000
24900810,MONTGOMERY CTY SHERIFF DEPT,MONTGOMERY,,1170,NEW CUT,RD,37.97330032,-83.80062799,1.199,4/4/2019,1558,1,1,0,0,CLEAR,DRY,FALSE,RAN OFF ROADWAY (1 VEHICLE WITH/EARTH EMBANKMENT/DITCH),SINGLE VEHICLE,CURVE & GRADE,DAYLIGHT,5,O,087-CR-1105  -000
24909248,MONTGOMERY CO. SCHOOL DIST. PD,MONTGOMERY,,,MCNABB MIDDLE SCHOOL,DR,38.04144442,-83.93906897,0.154,3/21/2019,1540,2,2,0,0,CLOUDY,WET,FALSE,SIDESWIPE COLLISION - SAME DIRECTION,SIDESWIPE-SAME DIRECTION,STRAIGHT & LEVEL,DAYLIGHT,5,O,087-PS-1101  -000
24910852,MONTGOMERY CTY SHERIFF DEPT,MONTGOMERY,US0060,,OWINGSVILLE,RD,38.08609878,-83.89966423,8.486,4/6/2019,1548,2,2,0,0,CLEAR,DRY,TRUE,1 VEHICLE ENTERING/LEAVING ENTRANCE,ANGLE,STRAIGHT & LEVEL,DAYLIGHT,5,O,087-US-0060  -000
24910855,MONTGOMERY CTY SHERIFF DEPT,MONTGOMERY,US0460,10010,MAIN,ST,37.96513949,-83.8161062,19.463,4/7/2019,957,1,1,0,1,CLOUDY,DRY,FALSE,RAN OFF ROADWAY (1 VEHICLE WITH/EARTH EMBANKMENT/DITCH),SINGLE VEHICLE,STRAIGHT & HILLCREST,DAYLIGHT,2,A,087-US-0460  -000
24910856,MONTGOMERY CTY SHERIFF DEPT,MONTGOMERY,,,OSBORNE,RD,38.07069292,-83.91011253,2.139,4/6/2019,1636,2,2,0,0,CLEAR,DRY,FALSE,1 VEHICLE PARKED POSITION (NOT PARKING LOT/DRIVEWAY),BACKING,STRAIGHT & LEVEL,DAYLIGHT,5,O,087-CR-1006  -000
24910859,MONTGOMERY CTY SHERIFF DEPT,MONTGOMERY,US0460,2429,CAMARGO,RD,38.01365084,-83.90857901,13.175,4/7/2019,1451,2,2,0,1,RAINING,WET,FALSE,REAR END IN TRAFFIC LANES BOTH VEHICLES MOVING,REAR END,STRAIGHT & GRADE,DAYLIGHT,3,B,087-US-0460  -000
24912998,MT. STERLING POLICE DEPARTMENT,MONTGOMERY,KY0686,,INDIAN MOUND,DR,38.07347093,-83.95118268,0.162,4/1/2019,1558,2,2,0,0,CLEAR,DRY,FALSE,OTHER ROADWAY OR MID-BLOCK COLLISION,OPPOSING LEFT TURN,STRAIGHT & LEVEL,DAYLIGHT,5,O,087-KY-0686  -000
24913003,MT. STERLING POLICE DEPARTMENT,MONTGOMERY,US0060,,MAIN,ST,38.05962092,-83.93325054,5.669,4/8/2019,604,1,1,0,0,CLOUDY,WET,FALSE,COLLISION WITH ANIMAL IN INTERSECTION,SINGLE VEHICLE,CURVE & LEVEL,DARK-HWY LIGHTED/ON,5,O,087-US-0060  -000
24914266,MONTGOMERY CTY SHERIFF DEPT,MONTGOMERY,KY0011,,MAYSVILLE,RD,38.14147193,-83.95773585,13.831,4/4/2019,221,1,1,0,0,CLOUDY,DRY,FALSE,COLLISION WITH ANIMAL NON INTERSECTION,SINGLE VEHICLE,STRAIGHT & LEVEL,DARK-HWY NOT LIGHTED,5,O,087-KY-0011  -000
24923500,MT. STERLING POLICE DEPARTMENT,MONTGOMERY,,,COURT,ST,38.05678046,-83.94247131,0.014,4/9/2019,1400,2,2,0,0,CLEAR,DRY,FALSE,VEHICLE BACKING NON INTERSECTION,BACKING,STRAIGHT & LEVEL,DAYLIGHT,5,O,087-CS-1066  -000
24923508,MT. STERLING POLICE DEPARTMENT,MONTGOMERY,KY0686,,INDIAN MOUND,DR,38.04111389,-83.94784045,2.759,4/5/2019,1112,2,2,0,0,CLEAR,DRY,FALSE,SIDESWIPE-SAME DIRECTION,SIDESWIPE-SAME DIRECTION,STRAIGHT & LEVEL,DAYLIGHT,5,O,087-KY-0686  -000
24925444,MONTGOMERY CTY SHERIFF DEPT,MONTGOMERY,,,CALK,LN,38.03505989,-83.95134686,0.071,3/30/2019,1205,2,2,0,0,CLOUDY,DRY,FALSE,1 VEHICLE PARKED POSITION (NOT PARKING LOT/DRIVEWAY),SIDESWIPE-OPPOSITE DIRECTION,STRAIGHT & LEVEL,DAYLIGHT,5,O,087-KY-1314  -000
24925542,MONTGOMERY CTY SHERIFF DEPT,MONTGOMERY,US0060,,OWINGSVILLE,RD,38.08597833,-83.89976576,8.477,4/8/2019,1334,2,2,0,0,CLOUDY,WET,FALSE,SIDESWIPE COLLISION - OPPOSITE DIRECTION,SIDESWIPE-OPPOSITE DIRECTION,STRAIGHT & LEVEL,DAYLIGHT,5,O,087-US-0060  -000
24943897,MT. STERLING POLICE DEPARTMENT,MONTGOMERY,US0460,,MAYSVILLE,ST,38.07413488,-83.94819498,8.281,4/14/2019,1815,3,3,0,0,CLEAR,DRY,TRUE,SIDESWIPE COLLISION - SAME DIRECTION,SIDESWIPE-SAME DIRECTION,STRAIGHT & LEVEL,DAYLIGHT,5,O,087-US-0460  -000
24943899,MT. STERLING POLICE DEPARTMENT,MONTGOMERY,,,LOCUST,ST,38.0549682,-83.94287855,0.236,4/15/2019,1326,2,2,0,0,CLOUDY,DRY,FALSE,OTHER INTERSECTION COLLISIONS,REAR END,STRAIGHT & LEVEL,DAYLIGHT,5,O,087-CS-1023  -000
24943902,MT. STERLING POLICE DEPARTMENT,MONTGOMERY,KY0686,932,INDIAN MOUND,DR,38.05803296,-83.95582175,1.35,3/23/2019,1400,2,2,0,1,CLEAR,DRY,FALSE,ANGLE COLLISION - OTHER,ANGLE,STRAIGHT & LEVEL,DAYLIGHT,2,A,087-KY-0686  -000
24952590,MT. STERLING POLICE DEPARTMENT,MONTGOMERY,KY0686,,INDIAN MOUND,DR,38.06733433,-83.95517307,0.721,4/12/2019,1122,2,2,0,3,CLOUDY,DRY,FALSE,OPPOSING LEFT TURN,OPPOSING LEFT TURN,STRAIGHT & LEVEL,DAYLIGHT,3,B,087-KY-0686  -000
24959700,MONTGOMERY CTY SHERIFF DEPT,MONTGOMERY,KY0646,,CREAM ALLEY,RD,37.96806336,-83.9215575,3.786,4/10/2019,1115,1,1,0,1,CLEAR,DRY,FALSE,OTHER ROADWAY OR MID-BLOCK COLLISION,SINGLE VEHICLE,CURVE & LEVEL,DAYLIGHT,3,B,087-KY-0646  -000
24959701,MONTGOMERY CTY SHERIFF DEPT,MONTGOMERY,,,OAK GROVE,DR,38.0985178,-83.90276982,0.309,4/13/2019,703,1,1,0,0,CLOUDY,DRY,FALSE,COLLISION WITH ANIMAL NON INTERSECTION,SINGLE VEHICLE,CURVE & GRADE,DAYLIGHT,5,O,087-CR-1019H -000
24959702,MONTGOMERY CTY SHERIFF DEPT,MONTGOMERY,US0060,4505,WINCHESTER,RD,38.03296593,-84.02196594,0.286,4/15/2019,1810,2,2,0,0,CLEAR,DRY,FALSE,OTHER ROADWAY OR MID-BLOCK COLLISION,REAR END,STRAIGHT & LEVEL,DAYLIGHT,5,O,087-US-0060  -000
24959703,MONTGOMERY CTY SHERIFF DEPT,MONTGOMERY,KY0011,,MAYSVILLE,RD,38.11570094,-83.95913831,12.022,4/15/2019,1520,1,1,0,1,CLEAR,DRY,FALSE,RAN OFF ROADWAY (1 VEHICLE WITH/EARTH EMBANKMENT/DITCH),SINGLE VEHICLE,STRAIGHT & LEVEL,DAYLIGHT,4,C,087-KY-0011  -000
24959704,MONTGOMERY CTY SHERIFF DEPT,MONTGOMERY,KY0011,,LEVEE,RD,38.01539751,-83.95006211,7.476,4/12/2019,1451,1,1,0,0,CLOUDY,DRY,FALSE,COLLISION WITH FIXED OBJECT NON - INTERSECTION - FIRST EVENT COLLISION 09 - 32 EXCLUDING 16,SINGLE VEHICLE,STRAIGHT & LEVEL,DAYLIGHT,5,O,087-KY-0011  -000
24959707,MONTGOMERY CTY SHERIFF DEPT,MONTGOMERY,,65,SMITH,ST,38.06143826,-83.93046355,0.053,4/13/2019,15,2,2,0,0,CLOUDY,DRY,TRUE,1 VEHICLE PARKED POSITION (NOT PARKING LOT/DRIVEWAY),REAR END,STRAIGHT & GRADE,DARK-HWY NOT LIGHTED,5,O,087-CR-1003B -000
24959709,MONTGOMERY CTY SHERIFF DEPT,MONTGOMERY,,,RICHMOND,AVE,38.04243702,-83.95058562,0.239,4/15/2019,1818,2,2,0,0,CLEAR,DRY,FALSE,1 VEHICLE ENTERING/LEAVING ENTRANCE,ANGLE,STRAIGHT & LEVEL,DAYLIGHT,5,O,087-CS-1024  -000
24959719,MONTGOMERY CTY SHERIFF DEPT,MONTGOMERY,US0060,,WINCHESTER,RD,38.03315419,-84.02119274,0.33,4/15/2019,1724,2,2,0,2,CLEAR,DRY,FALSE,HEAD-ON COLLISION,HEAD ON,STRAIGHT & GRADE,DAYLIGHT,2,A,087-US-0060  -000
24959800,MONTGOMERY CTY SHERIFF DEPT,MONTGOMERY,KY3363,,SAWMILL,RD,37.93064759,-83.90885487,0.524,4/16/2019,1611,2,2,0,0,CLEAR,DRY,FALSE,SIDESWIPE COLLISION - OPPOSITE DIRECTION,SIDESWIPE-OPPOSITE DIRECTION,CURVE & LEVEL,DAYLIGHT,5,O,087-KY-3363  -000
24959801,MONTGOMERY CTY SHERIFF DEPT,MONTGOMERY,US0460,,CAMARGO,RD,37.99048964,-83.87980558,15.545,4/13/2019,1430,2,2,0,0,CLEAR,DRY,FALSE,REAR END IN TRAFFIC LANES BOTH VEHICLES MOVING,REAR END,STRAIGHT & LEVEL,DAYLIGHT,5,O,087-US-0460  -000
24965448,MT. STERLING POLICE DEPARTMENT,MONTGOMERY,US0060,319,MAIN,ST,38.05764382,-83.936561,5.44,4/12/2019,1615,2,2,0,0,CLEAR,DRY,FALSE,ANGLE COLLISION - OTHER,ANGLE,STRAIGHT & LEVEL,DAYLIGHT,5,O,087-US-0060  -000
24965449,MT. STERLING POLICE DEPARTMENT,MONTGOMERY,,,HIGH,ST,38.05881837,-83.93703316,0.309,4/16/2019,1843,2,2,0,0,CLEAR,DRY,TRUE,ANGLE COLLISION - OTHER,ANGLE,STRAIGHT & LEVEL,DAYLIGHT,5,O,087-CS-1052  -000
24965452,MT. STERLING POLICE DEPARTMENT,MONTGOMERY,US0460,,MAYSVILLE,ST,38.07572744,-83.94892753,8.192,4/19/2019,1459,2,2,0,0,CLEAR,DRY,FALSE,OTHER ROADWAY OR MID-BLOCK COLLISION,REAR END,STRAIGHT & LEVEL,DAYLIGHT,5,O,087-US-0460  -000
24965455,MT. STERLING POLICE DEPARTMENT,MONTGOMERY,KY0686,,INDIAN MOUND,DR,38.04214665,-83.93429704,3.501,4/19/2019,2045,2,2,0,0,CLEAR,DRY,FALSE,VEHICLE BACKING IN INTERSECTION,BACKING,STRAIGHT & LEVEL,DUSK,5,O,087-KY-0686  -000
24965457,MT. STERLING POLICE DEPARTMENT,MONTGOMERY,KY0713,,LOCUST,ST,38.05677595,-83.93491359,6.678,4/19/2019,1402,1,1,0,1,RAINING,WET,FALSE,COLLISION WITH FIXED OBJECT IN INTERSECTION - FIRST EVENT COLLISION 09 - 32,SINGLE VEHICLE,STRAIGHT & HILLCREST,DAYLIGHT,2,A,087-KY-0713  -000
24965459,MT. STERLING POLICE DEPARTMENT,MONTGOMERY,KY0686,1300,INDIAN MOUND,DR,38.05135968,-83.95631773,1.811,4/20/2019,1034,2,2,0,0,RAINING,WET,FALSE,1 VEHICLE ENTERING OR LEAVING PARKED POSITION (NOT PARKING LOT),REAR END,STRAIGHT & LEVEL,DAYLIGHT,5,O,087-KY-0686  -000
24965463,MT. STERLING POLICE DEPARTMENT,MONTGOMERY,KY0713,,SAMUELS,AVE,38.05498665,-83.94746469,6.384,4/21/2019,947,2,2,0,0,CLEAR,DRY,FALSE,ANGLE COLLISION - OTHER,ANGLE,STRAIGHT & LEVEL,DAYLIGHT,5,O,087-KY-0713  -000
24968214,MONTGOMERY CTY SHERIFF DEPT,MONTGOMERY,,,OREAR,RD,37.9563783,-83.93870751,0.002,4/21/2019,1654,1,1,0,1,CLEAR,DRY,FALSE,NON-COLLISION OBJECT COLLISION,SINGLE VEHICLE,STRAIGHT & LEVEL,DAYLIGHT,2,A,087-CR-1221  -000
24979251,MT. STERLING POLICE DEPARTMENT,MONTGOMERY,US0460,,APPERSON,HTS,38.04916642,-83.94014615,10.079,4/15/2019,1212,2,2,0,0,CLOUDY,DRY,FALSE,SIDESWIPE COLLISION - SAME DIRECTION,SIDESWIPE-SAME DIRECTION,STRAIGHT & LEVEL,DAYLIGHT,5,O,087-US-0460  -000
24982589,MONTGOMERY CTY SHERIFF DEPT,MONTGOMERY,,,WOODFORD,DR,38.04457428,-83.93503712,0.547,4/24/2019,825,2,2,0,0,CLEAR,DRY,FALSE,OTHER ROADWAY OR MID-BLOCK COLLISION,REAR END,STRAIGHT & LEVEL,DAYLIGHT,5,O,087-CR-1001  -000
24988817,MONTGOMERY CTY SHERIFF DEPT,MONTGOMERY,US0460,4220,CAMARGO,RD,37.99484978,-83.88963288,14.921,4/25/2019,434,2,2,0,1,CLEAR,DRY,FALSE,1 VEHICLE ENTERING/LEAVING ENTRANCE,ANGLE,STRAIGHT & LEVEL,DARK-HWY LIGHTED/ON,2,A,087-US-0460  -000
24988818,MONTGOMERY CTY SHERIFF DEPT,MONTGOMERY,US0460,,MAIN,ST,37.96826175,-83.82241462,19.05,4/20/2019,932,2,2,0,0,RAINING,WET,FALSE,REAR END IN TRAFFIC LANES BOTH VEHICLES MOVING,REAR END,STRAIGHT & GRADE,DAYLIGHT,5,O,087-US-0460  -000
24988819,MONTGOMERY CTY SHERIFF DEPT,MONTGOMERY,,,OSBORNE,RD,38.07098594,-83.91376051,2.339,4/23/2019,825,2,2,0,0,CLEAR,DRY,FALSE,VEHICLE BACKING NON INTERSECTION,BACKING,STRAIGHT & LEVEL,DAYLIGHT,5,O,087-CR-1006  -000
24988822,MONTGOMERY CTY SHERIFF DEPT,MONTGOMERY,,487,DAVIS HOLLOW,RD,38.00954222,-83.76604722,0.289,4/22/2019,1246,2,2,0,0,CLEAR,DRY,FALSE,1 VEHICLE PARKED POSITION (NOT PARKING LOT/DRIVEWAY),BACKING,STRAIGHT & LEVEL,DAYLIGHT,5,O,087-CR-1133  -000
25000345,MT. STERLING POLICE DEPARTMENT,MONTGOMERY,,,VANCE,DR,38.07439181,-83.95144624,0.054,4/14/2019,1251,2,2,0,0,CLEAR,DRY,FALSE,OPPOSING LEFT TURN,OPPOSING LEFT TURN,STRAIGHT & LEVEL,DAYLIGHT,5,O,087-CS-1115  -000
25004918,MONTGOMERY CTY SHERIFF DEPT,MONTGOMERY,KY0011,,LEVEE,RD,38.00389387,-83.94228623,6.495,4/27/2019,2223,2,2,0,0,CLOUDY,DRY,FALSE,SIDESWIPE COLLISION - OPPOSITE DIRECTION,SIDESWIPE-OPPOSITE DIRECTION,STRAIGHT & LEVEL,DARK-HWY NOT LIGHTED,5,O,087-KY-0011  -000
25011216,MT. STERLING POLICE DEPARTMENT,MONTGOMERY,,,CHENAULT,LN,38.04756824,-83.95502328,0.351,4/30/2019,1610,2,2,0,0,CLEAR,DRY,FALSE,1 VEHICLE ENTERING/LEAVING ENTRANCE,ANGLE,STRAIGHT & HILLCREST,DAYLIGHT,5,O,087-CS-1032  -000
25011217,MT. STERLING POLICE DEPARTMENT,MONTGOMERY,US0460,646,MAYSVILLE,ST,38.07552256,-83.948667,8.184,5/1/2019,1305,2,2,0,0,CLEAR,DRY,FALSE,SIDESWIPE COLLISION - SAME DIRECTION,SIDESWIPE-SAME DIRECTION,STRAIGHT & LEVEL,DAYLIGHT,5,O,087-US-0460  -000
25029328,MONTGOMERY CTY SHERIFF DEPT,MONTGOMERY,US0460,,CAMARGO,RD,37.99475014,-83.88931005,14.936,2/27/2019,1500,2,2,0,0,CLEAR,DRY,FALSE,OTHER ROADWAY OR MID-BLOCK COLLISION,REAR END,STRAIGHT & LEVEL,DAYLIGHT,5,O,087-US-0460  -000
25043382,MONTGOMERY CTY SHERIFF DEPT,MONTGOMERY,,,OLD OWINGSVILLE,RD,38.07126022,-83.92040417,1.327,5/2/2019,1639,1,1,0,0,RAINING,WET,FALSE,RAN OFF ROADWAY (1 VEHICLE WITH/EARTH EMBANKMENT/DITCH),SINGLE VEHICLE,CURVE & LEVEL,DAYLIGHT,5,O,087-CR-1029  -000
25043387,MONTGOMERY CTY SHERIFF DEPT,MONTGOMERY,,,OLD OWINGSVILLE,RD,38.07836356,-83.90526007,0.295,5/4/2019,1820,2,2,0,1,RAINING,WET,FALSE,OTHER ROADWAY OR MID-BLOCK COLLISION,OPPOSING LEFT TURN,STRAIGHT & LEVEL,DAYLIGHT,4,C,087-CR-1029  -000
25043388,MONTGOMERY CTY SHERIFF DEPT,MONTGOMERY,US0460,4640,CAMARGO,RD,37.99205445,-83.88199559,15.384,5/4/2019,303,1,1,0,0,CLOUDY,WET,FALSE,COLLISION WITH FIXED OBJECT NON - INTERSECTION - FIRST EVENT COLLISION 09 - 32 EXCLUDING 16,SINGLE VEHICLE,CURVE & LEVEL,DARK-HWY LIGHTED/ON,5,O,087-US-0460  -000
25043390,MONTGOMERY CTY SHERIFF DEPT,MONTGOMERY,KY0686,,INDIAN MOUND,DR,38.0420039,-83.95078844,2.601,5/4/2019,2150,2,2,0,0,RAINING,WET,FALSE,ANGLE COLLISION - OTHER,ANGLE,STRAIGHT & LEVEL,DARK-HWY NOT LIGHTED,5,O,087-KY-0686  -000
25043392,MONTGOMERY CTY SHERIFF DEPT,MONTGOMERY,KY0011,,LEVEE,RD,38.0107271,-83.94996428,7.143,5/4/2019,1751,1,1,0,0,RAINING,WET,FALSE,OTHER COLLISIONS ON SHOULDER,SINGLE VEHICLE,CURVE & GRADE,DAYLIGHT,5,O,087-KY-0011  -000
25043393,MONTGOMERY CTY SHERIFF DEPT,MONTGOMERY,KY0686,,INDIAN MOUND,DR,38.042855,-83.95131493,2.548,4/29/2019,752,2,2,0,0,CLEAR,DRY,FALSE,1 VEHICLE ENTERING/LEAVING ENTRANCE,ANGLE,CURVE & LEVEL,DAYLIGHT,5,O,087-KY-0686  -000
25043457,MONTGOMERY CTY SHERIFF DEPT,MONTGOMERY,,,OREAR,RD,37.94394922,-83.96586263,2.322,5/2/2019,754,1,1,0,1,CLEAR,DRY,FALSE,COLLISION WITH FIXED OBJECT NON - INTERSECTION - FIRST EVENT COLLISION 09 - 32 EXCLUDING 16,SINGLE VEHICLE,STRAIGHT & LEVEL,DAYLIGHT,4,C,087-CR-1221  -000
25043458,MONTGOMERY CTY SHERIFF DEPT,MONTGOMERY,US0460,,MAIN,ST,37.96024449,-83.7972187,20.599,4/30/2019,2149,1,1,0,2,CLEAR,DRY,FALSE,COLLISION WITH FIXED OBJECT NON - INTERSECTION - FIRST EVENT COLLISION 09 - 32 EXCLUDING 16,SINGLE VEHICLE,STRAIGHT & HILLCREST,DARK-HWY NOT LIGHTED,4,C,087-US-0460  -000
25043465,MONTGOMERY CTY SHERIFF DEPT,MONTGOMERY,US0060,,WINCHESTER,RD,38.04573879,-83.98833259,2.433,5/9/2019,720,1,1,0,0,CLEAR,DRY,FALSE,COLLISION WITH ANIMAL NON INTERSECTION,SINGLE VEHICLE,CURVE & GRADE,DAYLIGHT,5,O,087-US-0060  -000
25043467,MONTGOMERY CTY SHERIFF DEPT,MONTGOMERY,US0060,,WINCHESTER,RD,38.03582674,-84.01216892,0.853,5/7/2019,704,1,1,0,0,CLEAR,DRY,FALSE,COLLISION WITH ANIMAL NON INTERSECTION,SINGLE VEHICLE,STRAIGHT & LEVEL,DAYLIGHT,5,O,087-US-0060  -000
25052434,MT. STERLING POLICE DEPARTMENT,MONTGOMERY,US0460,,MAYSVILLE,ST,38.06675714,-83.9456115,8.814,5/7/2019,943,2,2,0,0,CLEAR,DRY,FALSE,OTHER ROADWAY OR MID-BLOCK COLLISION,REAR END,STRAIGHT & LEVEL,DAYLIGHT,5,O,087-US-0460  -000
25052435,MT. STERLING POLICE DEPARTMENT,MONTGOMERY,KY0686,,INDIAN MOUND,DR,38.04120147,-83.94772275,2.757,5/6/2019,1917,2,2,0,0,CLEAR,DRY,FALSE,OTHER INTERSECTION COLLISIONS,REAR END,STRAIGHT & LEVEL,DAYLIGHT,5,O,087-KY-0686  -000
25052441,MT. STERLING POLICE DEPARTMENT,MONTGOMERY,US0460,,MAYSVILLE,ST,38.06341801,-83.94455798,9.054,5/9/2019,2015,2,2,0,0,CLEAR,WET,FALSE,REAR END IN TRAFFIC LANES BOTH VEHICLES MOVING,REAR END,STRAIGHT & LEVEL,DUSK,5,O,087-US-0460  -000
25052443,MT. STERLING POLICE DEPARTMENT,MONTGOMERY,KY0686,259,INDIAN MOUND,DR,38.07099423,-83.95512052,0.468,4/28/2019,1351,2,2,0,1,CLEAR,DRY,FALSE,ANGLE COLLISION - OTHER,ANGLE,STRAIGHT & LEVEL,DAYLIGHT,3,B,087-KY-0686  -000
25052446,MT. STERLING POLICE DEPARTMENT,MONTGOMERY,US0460,414,MAYSVILLE,ST,38.06456233,-83.9449822,8.97,5/8/2019,2100,1,1,0,0,CLEAR,DRY,FALSE,COLLISION WITH FIXED OBJECT NON - INTERSECTION - FIRST EVENT COLLISION 09 - 32 EXCLUDING 16,SINGLE VEHICLE,STRAIGHT & HILLCREST,DARK-HWY LIGHTED/ON,5,O,087-US-0460  -000
25052453,MT. STERLING POLICE DEPARTMENT,MONTGOMERY,US0460,642,MAYSVILLE,ST,38.07493414,-83.94862067,8.223,5/8/2019,1515,2,2,0,1,CLEAR,DRY,FALSE,OTHER ROADWAY OR MID-BLOCK COLLISION,REAR END,STRAIGHT & LEVEL,DAYLIGHT,3,B,087-US-0460  -000
25052458,MT. STERLING POLICE DEPARTMENT,MONTGOMERY,,,HAMLETT WEST,DR,38.05221719,-83.95287135,0.1,5/7/2019,1951,2,2,0,0,CLEAR,DRY,FALSE,1 VEHICLE PARKED POSITION (NOT PARKING LOT/DRIVEWAY),BACKING,STRAIGHT & LEVEL,DAYLIGHT,5,O,087-CS-1147  -000
25056922,MONTGOMERY CO. SCHOOL DIST. PD,MONTGOMERY,,724,MONTGOMERY CO HIGH SCHOOL ARENA,DR,38.04522563,-83.94184046,0.017,5/9/2019,1200,2,1,0,0,CLEAR,DRY,TRUE,COLLISION WITH PEDESTRIAN NON - INTERSECTION,SINGLE VEHICLE,STRAIGHT & LEVEL,DAYLIGHT,5,O,087-PS-1105  -000