IncidentID,AgencyName,County,RdwyNumber,Street,RoadwayName,StreetSfx,Latitude,Longitude,Milepoint,CollisionDate,CollisionTime,UnitsInvolved,MotorVehiclesInvolved,NumberKilled,NumberInjured,Weather,RdwyConditionCode,HitandRun,DirAnalysisCode,MannerofCollision,RdwyCharacter,LightCondition,KABCO Code,KABCO,RT_UNIQUE
26650155,MONTGOMERY CTY SHERIFF DEPT,MONTGOMERY,KY1991,,HINKSTON,PIKE,38.09377009,-83.92494163,2.521,4/20/2020,1412,1,1,0,0,CLEAR,DRY,FALSE,COLLISION WITH FIXED OBJECT NON - INTERSECTION - FIRST EVENT COLLISION 09 - 32 EXCLUDING 16,SINGLE VEHICLE,CURVE & HILLCREST,DAYLIGHT,5,O,087-KY-1991  -000
26650247,MONTGOMERY CTY SHERIFF DEPT,MONTGOMERY,KY0646,,NEST EGG,RD,37.96034336,-83.97815378,7.175,4/25/2020,1647,2,2,0,0,RAINING,WET,FALSE,SIDESWIPE COLLISION - OPPOSITE DIRECTION,SIDESWIPE-OPPOSITE DIRECTION,CURVE & GRADE,DAYLIGHT,5,O,087-KY-0646  -000
26650249,MONTGOMERY CTY SHERIFF DEPT,MONTGOMERY,KY0713,,SPENCER,PIKE,38.0233645,-83.79402921,15.647,4/23/2020,1221,1,1,0,0,RAINING,WET,FALSE,OTHER COLLISIONS ON SHOULDER,SINGLE VEHICLE,CURVE & LEVEL,DAYLIGHT,5,O,087-KY-0713  -000
26650997,MT. STERLING POLICE DEPARTMENT,MONTGOMERY,,310,HIGH,ST,38.05874717,-83.93727378,0.295,4/16/2020,1700,2,2,0,0,CLEAR,DRY,TRUE,1 VEHICLE PARKED POSITION (NOT PARKING LOT/DRIVEWAY),SIDESWIPE-OPPOSITE DIRECTION,STRAIGHT & LEVEL,DAYLIGHT,5,O,087-CS-1052  -000
26655306,MT. STERLING POLICE DEPARTMENT,MONTGOMERY,US0460,,MAYSVILLE,ST,38.07555647,-83.94875576,8.184,4/25/2020,1409,2,2,0,0,RAINING,WET,FALSE,REAR END IN TRAFFIC LANES BOTH VEHICLES MOVING,REAR END,STRAIGHT & LEVEL,DAYLIGHT,5,O,087-US-0460  -000
26658646,MT. STERLING POLICE DEPARTMENT,MONTGOMERY,,,WALMART,DR,38.06831562,-83.95566269,0.068,5/2/2020,1603,2,2,0,0,CLEAR,DRY,FALSE,OTHER ROADWAY OR MID-BLOCK COLLISION,OPPOSING LEFT TURN,STRAIGHT & LEVEL,DAYLIGHT,5,O,087-PS-1020  -000
26658947,MONTGOMERY CTY SHERIFF DEPT,MONTGOMERY,KY0537,2465,VAN THOMPSON,RD,38.13217543,-83.93081995,5.796,4/28/2020,1931,1,1,0,0,CLOUDY,DRY,FALSE,OTHER ROADWAY OR MID-BLOCK COLLISION,SINGLE VEHICLE,CURVE & GRADE,DAYLIGHT,5,O,087-KY-0537  -000
26658948,MONTGOMERY CTY SHERIFF DEPT,MONTGOMERY,US0060,,OWINGSVILLE,RD,38.08861179,-83.89844217,8.667,4/28/2020,2158,2,2,0,0,CLEAR,DRY,TRUE,SIDESWIPE COLLISION - OPPOSITE DIRECTION,SIDESWIPE-OPPOSITE DIRECTION,STRAIGHT & LEVEL,DARK-HWY LIGHTED/ON,5,O,087-US-0060  -000
26658950,MONTGOMERY CTY SHERIFF DEPT,MONTGOMERY,US0460,,MAIN,ST,37.96387905,-83.80801854,19.92,4/29/2020,902,2,2,0,0,CLEAR,DRY,FALSE,1 VEHICLE ENTERING/LEAVING ENTRANCE,ANGLE,STRAIGHT & LEVEL,DAYLIGHT,5,O,087-US-0460  -000
26658951,MONTGOMERY CTY SHERIFF DEPT,MONTGOMERY,US0460,4404,CAMARGO,RD,37.99436566,-83.88834419,15.002,4/28/2020,1545,2,2,0,0,CLEAR,DRY,FALSE,SIDESWIPE COLLISION - SAME DIRECTION,SIDESWIPE-SAME DIRECTION,STRAIGHT & LEVEL,DAYLIGHT,5,O,087-US-0460  -000
26661600,MONTGOMERY CTY SHERIFF DEPT,MONTGOMERY,US0060,,OWINGSVILLE,RD,38.07501453,-83.91830773,7.21,3/16/2020,1641,2,2,0,0,CLEAR,DRY,FALSE,REAR END IN TRAFFIC LANES BOTH VEHICLES MOVING,REAR END,STRAIGHT & LEVEL,DAYLIGHT,5,O,087-US-0060  -000
26664287,MT. STERLING POLICE DEPARTMENT,MONTGOMERY,,,CLEAR WATER,WAY,38.04985927,-83.9521192,0.015,5/4/2020,1828,2,2,0,0,CLEAR,DRY,FALSE,VEHICLE BACKING NON INTERSECTION,BACKING,STRAIGHT & LEVEL,DAYLIGHT,5,O,087-CS-1156  -000
26671202,MT. STERLING POLICE DEPARTMENT,MONTGOMERY,,,RICHMOND,AVE,38.04933938,-83.94828301,0.383,5/7/2020,1616,2,1,0,1,CLEAR,DRY,FALSE,COLLISION WITH PEDESTRIAN IN INTERSECTION,SINGLE VEHICLE,STRAIGHT & LEVEL,DAYLIGHT,3,B,087-CS-1024  -000
26681130,MONTGOMERY CTY SHERIFF DEPT,MONTGOMERY,I 0064,,,,38.08937032,-83.89734436,0.185,3/18/2020,600,2,2,0,0,CLEAR,DRY,FALSE,OTHER RAMP RELATED COLLISIONS NOT LISTED ABOVE,REAR END,STRAIGHT & GRADE,DARK-HWY LIGHTED/ON,5,O,087-CR-1042  -000
26681368,MONTGOMERY CTY SHERIFF DEPT,MONTGOMERY,,,MCCORMICK,RD,37.99791533,-83.88534753,0.331,5/4/2020,1713,2,2,0,1,CLOUDY,DRY,FALSE,HEAD-ON COLLISION,HEAD ON,STRAIGHT & LEVEL,DAYLIGHT,3,B,087-CR-1123  -000
26681375,MONTGOMERY CTY SHERIFF DEPT,MONTGOMERY,US0460,,MAIN,ST,37.95928864,-83.79624243,20.68,4/27/2020,1249,2,2,0,1,CLEAR,DRY,FALSE,REAR END IN TRAFFIC LANES BOTH VEHICLES MOVING,REAR END,STRAIGHT & HILLCREST,DAYLIGHT,4,C,087-US-0460  -000
26698340,MT. STERLING POLICE DEPARTMENT,MONTGOMERY,US0060,,MAIN,ST,38.05572717,-83.94508069,4.96,5/15/2020,1109,3,3,0,0,CLEAR,DRY,FALSE,OTHER INTERSECTION COLLISIONS,REAR END,STRAIGHT & LEVEL,DAYLIGHT,5,O,087-US-0060  -000
26698776,MT. STERLING POLICE DEPARTMENT,MONTGOMERY,,211,WILLOW,ST,38.06196813,-83.93764649,0.309,5/2/2020,1514,2,2,0,0,CLEAR,DRY,FALSE,1 VEHICLE PARKED POSITION (NOT PARKING LOT/DRIVEWAY),ANGLE,STRAIGHT & GRADE,DAYLIGHT,5,O,087-CS-1078  -000
26702436,MT. STERLING POLICE DEPARTMENT,MONTGOMERY,US0060,,MAIN,ST,38.05614475,-83.94328396,5.057,5/10/2020,1833,1,1,0,2,CLOUDY,DRY,FALSE,COLLISION WITH FIXED OBJECT NON - INTERSECTION - FIRST EVENT COLLISION 09 - 32 EXCLUDING 16,SINGLE VEHICLE,STRAIGHT & LEVEL,DAYLIGHT,2,A,087-US-0060  -000
26704734,MT. STERLING POLICE DEPARTMENT,MONTGOMERY,,129,QUEEN,ST,38.06026592,-83.94023555,0.227,5/16/2020,2230,2,2,0,0,CLEAR,DRY,TRUE,1 VEHICLE PARKED POSITION (NOT PARKING LOT/DRIVEWAY),SIDESWIPE-OPPOSITE DIRECTION,STRAIGHT & LEVEL,DARK-HWY LIGHTED/OFF,5,O,087-CS-1080  -000
26707942,MONTGOMERY CTY SHERIFF DEPT,MONTGOMERY,KY0686,,INDIAN MOUND,DR,38.05758304,-83.95613804,1.396,2/2/2019,1252,2,2,0,0,CLEAR,DRY,FALSE,REAR END IN TRAFFIC LANES BOTH VEHICLES MOVING,REAR END,STRAIGHT & LEVEL,DAYLIGHT,5,O,087-KY-0686  -000
26707946,MONTGOMERY CTY SHERIFF DEPT,MONTGOMERY,KY0686,,INDIAN MOUND,DR,38.06565808,-83.9555523,0.856,2/4/2020,1223,2,2,0,0,RAINING,WET,FALSE,OTHER ROADWAY OR MID-BLOCK COLLISION,REAR END,STRAIGHT & LEVEL,DAYLIGHT,5,O,087-KY-0686  -000
26707949,MONTGOMERY CTY SHERIFF DEPT,MONTGOMERY,US0060,,OWINGSVILLE,RD,38.08937439,-83.89809913,8.72,12/7/2019,1003,2,2,0,0,CLEAR,DRY,FALSE,1 VEHICLE ENTERING/LEAVING ENTRANCE,ANGLE,STRAIGHT & LEVEL,DAYLIGHT,5,O,087-US-0060  -000
26707976,MONTGOMERY CTY SHERIFF DEPT,MONTGOMERY,US0460,,CAMARGO,RD,38.01414934,-83.90905122,13.13,4/7/2020,1319,2,2,0,0,CLEAR,DRY,FALSE,COLLISION WITH NON-FIXED OBJECT ,ANGLE,STRAIGHT & LEVEL,DAYLIGHT,5,O,087-US-0460  -000
26707978,MONTGOMERY CTY SHERIFF DEPT,MONTGOMERY,,,BRISTOL,LN,38.07605021,-83.89451093,0.284,4/15/2020,1458,2,2,0,0,CLEAR,DRY,FALSE,1 VEHICLE ENTERING/LEAVING ENTRANCE,ANGLE,STRAIGHT & LEVEL,DAYLIGHT,5,O,087-CR-1017  -000
26708551,MONTGOMERY CTY SHERIFF DEPT,MONTGOMERY,,,FOGG,PIKE,38.03458692,-83.97122661,1.502,5/5/2020,1337,2,2,0,0,RAINING,WET,FALSE,VEHICLE BACKING NON INTERSECTION,BACKING,STRAIGHT & GRADE,DAYLIGHT,5,O,087-CR-1227  -000
26708553,MONTGOMERY CTY SHERIFF DEPT,MONTGOMERY,KY0011,,LEVEE,RD,37.95592113,-83.93847231,3,5/8/2020,1644,1,1,0,0,RAINING,WET,FALSE,RAN OFF ROADWAY (1 VEHICLE WITH/EARTH EMBANKMENT/DITCH),SINGLE VEHICLE,CURVE & GRADE,DAYLIGHT,5,O,087-KY-0011  -000
26708561,MONTGOMERY CTY SHERIFF DEPT,MONTGOMERY,KY0011,,LEVEE,RD,38.01139124,-83.95060806,7.198,5/14/2020,22,1,1,0,0,CLOUDY,WET,FALSE,COLLISION WITH FIXED OBJECT NON - INTERSECTION - FIRST EVENT COLLISION 09 - 32 EXCLUDING 16,SINGLE VEHICLE,CURVE & GRADE,DARK-HWY NOT LIGHTED,5,O,087-KY-0011  -000
26708562,MONTGOMERY CTY SHERIFF DEPT,MONTGOMERY,KY0011,,LEVEE,RD,38.01723122,-83.95011217,7.603,5/13/2020,1,1,1,0,1,CLEAR,DRY,FALSE,COLLISION WITH ANIMAL NON INTERSECTION,SINGLE VEHICLE,STRAIGHT & LEVEL,DARK-HWY NOT LIGHTED,3,B,087-KY-0011  -000
26708568,MONTGOMERY CTY SHERIFF DEPT,MONTGOMERY,US0060,,WINCHESTER,RD,38.04931376,-83.97732899,3.105,5/17/2020,1743,2,2,0,2,CLEAR,DRY,FALSE,ANGLE COLLISION - OTHER,ANGLE,STRAIGHT & LEVEL,DAYLIGHT,3,B,087-US-0060  -000
26708569,MONTGOMERY CTY SHERIFF DEPT,MONTGOMERY,,144,HOLLY HILLS,DR,38.0483357,-83.96820438,0.306,5/13/2020,1643,2,2,0,0,CLEAR,DRY,FALSE,1 VEHICLE PARKED POSITION (NOT PARKING LOT/DRIVEWAY),SIDESWIPE-SAME DIRECTION,CURVE & LEVEL,DAYLIGHT,5,O,087-CR-1306A -000
26708571,MONTGOMERY CTY SHERIFF DEPT,MONTGOMERY,US0060,,WINCHESTER,RD,38.04688602,-83.98580317,2.597,5/18/2020,610,2,2,0,0,CLOUDY,DRY,TRUE,SIDESWIPE COLLISION - OPPOSITE DIRECTION,SIDESWIPE-OPPOSITE DIRECTION,CURVE & GRADE,DARK-HWY NOT LIGHTED,5,O,087-US-0060  -000
26712666,MT. STERLING POLICE DEPARTMENT,MONTGOMERY,,,TAMARIX,DR,38.07233426,-83.9423884,0.076,5/10/2020,2250,2,2,0,1,CLOUDY,DRY,FALSE,ANGLE COLLISION - OTHER,ANGLE,STRAIGHT & GRADE,DARK-HWY LIGHTED/ON,3,B,087-CS-1112  -000
26715195,MONTGOMERY CTY SHERIFF DEPT,MONTGOMERY,US0460,,CAMARGO,RD,38.00005794,-83.89754346,14.294,5/12/2020,2033,2,2,0,0,CLEAR,DRY,FALSE,1 VEHICLE PARKED POSITION (NOT PARKING LOT/DRIVEWAY),BACKING,STRAIGHT & LEVEL,DAYLIGHT,5,O,087-US-0460  -000
26715201,MONTGOMERY CTY SHERIFF DEPT,MONTGOMERY,US0460,,CAMARGO,RD,37.99079676,-83.88007674,15.52,5/19/2020,2049,1,1,0,0,RAINING,WATER (STANDING OR MOVING),FALSE,OTHER ROADWAY OR MID-BLOCK COLLISION,SINGLE VEHICLE,CURVE & LEVEL,DAYLIGHT,5,O,087-US-0460  -000
26716204,MT. STERLING POLICE DEPARTMENT,MONTGOMERY,US0460,,MAYSVILLE,ST,38.05754581,-83.94246837,9.485,5/12/2020,1214,2,2,0,0,CLOUDY,DRY,FALSE,1 VEHICLE ENTERING/LEAVING ENTRANCE,ANGLE,STRAIGHT & GRADE,DAYLIGHT,5,O,087-US-0460  -000
26720626,MT. STERLING POLICE DEPARTMENT,MONTGOMERY,,,SPRING,ST,38.05141862,-83.95425528,0.13,5/20/2020,1924,2,2,0,0,CLEAR,DRY,TRUE,COLLISION WITH PARKED VEHICLE,SIDESWIPE-OPPOSITE DIRECTION,STRAIGHT & LEVEL,DAYLIGHT,5,O,087-CR-1042  -000
26722861,MONTGOMERY CTY SHERIFF DEPT,MONTGOMERY,US0060,,WINCHESTER,RD,38.03523331,-84.0142167,0.735,5/21/2020,1718,1,1,0,0,CLEAR,DRY,FALSE,COLLISION WITH ANIMAL NON INTERSECTION,SINGLE VEHICLE,STRAIGHT & LEVEL,DAYLIGHT,5,O,087-US-0060  -000
26737710,MT. STERLING POLICE DEPARTMENT,MONTGOMERY,US0460,,MAYSVILLE,ST,38.07557036,-83.94884631,8.181,5/25/2020,2015,2,2,0,0,CLOUDY,DRY,FALSE,OTHER INTERSECTION COLLISIONS,REAR END,STRAIGHT & LEVEL,DUSK,5,O,087-US-0460  -000
26742544,MT. STERLING POLICE DEPARTMENT,MONTGOMERY,,,WINN,ST,38.06299277,-83.94817852,0.198,5/26/2020,1221,2,2,0,0,CLEAR,DRY,TRUE,SIDESWIPE COLLISION - OPPOSITE DIRECTION,SIDESWIPE-OPPOSITE DIRECTION,STRAIGHT & LEVEL,DAYLIGHT,5,O,087-CS-1063  -000
26747868,MT. STERLING POLICE DEPARTMENT,MONTGOMERY,,,ALEXA,DR,38.0624828,-83.95138798,0.157,5/27/2020,1105,2,2,0,0,CLEAR,DRY,FALSE,VEHICLE BACKING NON INTERSECTION,BACKING,STRAIGHT & LEVEL,DAYLIGHT,5,O,087-CS-1064  -000
26758027,MT. STERLING POLICE DEPARTMENT,MONTGOMERY,,,LOCUST,ST,38.05459072,-83.94458446,0.331,5/29/2020,1626,2,2,0,0,CLEAR,DRY,FALSE,ANGLE COLLISION - OTHER,ANGLE,STRAIGHT & LEVEL,DAYLIGHT,5,O,087-CS-1023  -000
26762171,MONTGOMERY CTY SHERIFF DEPT,MONTGOMERY,,160,OREAR,RD,37.953054,-83.94204424,0.323,5/4/2020,1202,1,1,0,0,CLEAR,DRY,FALSE,COLLISION WITH FIXED OBJECT NON - INTERSECTION - FIRST EVENT COLLISION 09 - 32 EXCLUDING 16,SINGLE VEHICLE,CURVE & LEVEL,DAYLIGHT,5,O,087-CR-1221  -000
26763239,MT. STERLING POLICE DEPARTMENT,MONTGOMERY,,,QUEEN,ST,38.06126032,-83.94054218,0.298,6/2/2020,1024,2,2,0,0,CLEAR,DRY,FALSE,VEHICLE BACKING NON INTERSECTION,BACKING,STRAIGHT & LEVEL,DAYLIGHT,5,O,087-CS-1080  -000
26764673,MT. STERLING POLICE DEPARTMENT,MONTGOMERY,KY0686,,INDIAN MOUND,DR,38.07096044,-83.95485927,0.449,5/21/2020,1946,2,2,0,0,CLEAR,DRY,FALSE,ANGLE COLLISION - OTHER,ANGLE,STRAIGHT & LEVEL,DAYLIGHT,5,O,087-KY-0686  -000
26764675,MT. STERLING POLICE DEPARTMENT,MONTGOMERY,KY0686,,INDIAN MOUND,DR,38.05381993,-83.95643352,1.658,6/2/2020,1614,2,2,0,0,CLEAR,DRY,FALSE,1 VEHICLE ENTERING/LEAVING ENTRANCE,ANGLE,STRAIGHT & LEVEL,DAYLIGHT,5,O,087-KY-0686  -000
26766759,MONTGOMERY CTY SHERIFF DEPT,MONTGOMERY,,133,LEE,CT,38.04166823,-83.96461745,0.08,5/22/2020,1617,2,2,0,0,CLEAR,DRY,FALSE,1 VEHICLE PARKED POSITION (NOT PARKING LOT/DRIVEWAY),BACKING,STRAIGHT & LEVEL,DAYLIGHT,5,O,087-PS-1200  -000
26766760,MONTGOMERY CTY SHERIFF DEPT,MONTGOMERY,US0060,,OWINGSVILLE,RD,38.08769203,-83.89882969,8.604,5/15/2020,1303,2,2,0,0,CLEAR,DRY,FALSE,REAR END IN TRAFFIC LANES BOTH VEHICLES MOVING,REAR END,STRAIGHT & LEVEL,DAYLIGHT,5,O,087-US-0060  -000
26766764,MONTGOMERY CTY SHERIFF DEPT,MONTGOMERY,US0060,,OWINGSVILLE,RD,38.07579452,-83.91644173,7.322,5/22/2020,2350,1,1,0,1,CLOUDY,DRY,FALSE,COLLISION WITH ANIMAL NON INTERSECTION,SINGLE VEHICLE,STRAIGHT & LEVEL,DARK-HWY NOT LIGHTED,3,B,087-US-0060  -000
26766766,MONTGOMERY CTY SHERIFF DEPT,MONTGOMERY,US0060,,WINCHESTER,RD,38.04455958,-83.99595339,1.972,5/27/2020,2224,2,2,0,1,RAINING,WET,FALSE,REAR END IN TRAFFIC LANES BOTH VEHICLES MOVING,REAR END,STRAIGHT & GRADE,DARK-HWY NOT LIGHTED,4,C,087-US-0060  -000
26766768,MONTGOMERY CTY SHERIFF DEPT,MONTGOMERY,,2573,CARTWRIGHT,RD,38.00015702,-83.89462711,0.151,5/26/2020,1848,2,2,0,0,CLOUDY,DRY,FALSE,VEHICLE BACKING NON INTERSECTION,BACKING,STRAIGHT & LEVEL,DAYLIGHT,5,O,087-CS-2013  -000
26766770,MONTGOMERY CTY SHERIFF DEPT,MONTGOMERY,US0060,3050,WINCHESTER,RD,38.04454262,-83.99535225,2.006,5/27/2020,2226,1,1,0,0,CLEAR,DRY,FALSE,RAN OFF ROADWAY (1 VEHICLE WITH/EARTH EMBANKMENT/DITCH),SINGLE VEHICLE,STRAIGHT & GRADE,DARK-HWY NOT LIGHTED,5,O,087-US-0060  -000
26766773,MONTGOMERY CTY SHERIFF DEPT,MONTGOMERY,,,CLAY LICK,RD,37.96921412,-83.79049391,0.456,5/14/2020,1304,2,2,0,0,CLEAR,DRY,FALSE,SIDESWIPE COLLISION - OPPOSITE DIRECTION,SIDESWIPE-OPPOSITE DIRECTION,STRAIGHT & LEVEL,DAYLIGHT,5,O,087-CR-1110  -000
26766774,MONTGOMERY CTY SHERIFF DEPT,MONTGOMERY,KY1991,,HINKSTON,PIKE,38.08753704,-83.92531744,2.087,5/14/2020,949,1,1,0,0,CLOUDY,DRY,FALSE,COLLISION WITH FIXED OBJECT NON - INTERSECTION - FIRST EVENT COLLISION 09 - 32 EXCLUDING 16,SINGLE VEHICLE,CURVE & LEVEL,DARK (UNKNOWN ROADWAY LIGHTING),5,O,087-KY-1991  -000
26766781,MONTGOMERY CTY SHERIFF DEPT,MONTGOMERY,KY3363,1170,SAWMILL,RD,37.94093288,-83.90421687,1.34,5/19/2020,1341,1,1,0,0,RAINING,WET,TRUE,RAN OFF ROADWAY (1 VEHICLE WITH/EARTH EMBANKMENT/DITCH),SINGLE VEHICLE,CURVE & GRADE,DAYLIGHT,5,O,087-KY-3363  -000
26766782,MONTGOMERY CTY SHERIFF DEPT,MONTGOMERY,KY0213,,BEDFORD,RD,38.01114366,-83.83218356,8.055,5/22/2020,1112,1,1,0,0,CLEAR,DRY,FALSE,RAN OFF ROADWAY (1 VEHICLE WITH/EARTH EMBANKMENT/DITCH),SINGLE VEHICLE,CURVE & GRADE,DAYLIGHT,5,O,087-KY-0213  -000
26768267,MT. STERLING POLICE DEPARTMENT,MONTGOMERY,US0460,,APPERSON,HTS,38.05293799,-83.94249813,9.769,6/2/2020,2227,1,1,0,0,CLEAR,DRY,FALSE,COLLISION WITH ANIMAL NON INTERSECTION,SINGLE VEHICLE,STRAIGHT & LEVEL,DARK-HWY LIGHTED/ON,5,O,087-US-0460  -000
26768269,MT. STERLING POLICE DEPARTMENT,MONTGOMERY,,,VANCE,DR,38.07365248,-83.95122191,0.003,6/3/2020,1534,2,2,0,0,CLEAR,DRY,FALSE,REAR END IN TRAFFIC LANES BOTH VEHICLES MOVING,REAR END,STRAIGHT & GRADE,DAYLIGHT,5,O,087-CS-1115  -000
26771221,MT. STERLING POLICE DEPARTMENT,MONTGOMERY,US0060,,MAIN,ST,38.05442194,-83.95081314,4.628,5/29/2020,1755,2,2,0,0,CLEAR,DRY,FALSE,OTHER INTERSECTION COLLISIONS,REAR END,STRAIGHT & HILLCREST,DAYLIGHT,5,O,087-US-0060  -000
26779810,MT. STERLING POLICE DEPARTMENT,MONTGOMERY,KY0686,,INDIAN MOUND,DR,38.06735821,-83.95542985,0.72,6/7/2020,1301,2,2,0,0,CLEAR,DRY,FALSE,OTHER ROADWAY OR MID-BLOCK COLLISION,OPPOSING LEFT TURN,STRAIGHT & LEVEL,DAYLIGHT,5,O,087-KY-0686  -000
26783996,MT. STERLING POLICE DEPARTMENT,MONTGOMERY,KY0686,499,INDIAN MOUND,DR,38.06792549,-83.95524737,0.68,6/8/2020,1424,2,2,0,0,CLEAR,DRY,FALSE,VEHICLE BACKING NON INTERSECTION,BACKING,STRAIGHT & LEVEL,DAYLIGHT,5,O,087-KY-0686  -000
26788915,MT. STERLING POLICE DEPARTMENT,MONTGOMERY,US0460,,MAYSVILLE,ST,38.05638958,-83.94205764,9.548,6/5/2020,2007,2,2,0,0,CLEAR,DRY,FALSE,1 VEHICLE ENTERING/LEAVING ENTRANCE,ANGLE,STRAIGHT & LEVEL,DAYLIGHT,5,O,087-US-0460  -000
26789134,MONTGOMERY CTY SHERIFF DEPT,MONTGOMERY,KY0686,,INDIAN MOUND,DR,38.05449033,-83.91697089,4.84,5/17/2020,1525,2,2,0,1,CLEAR,DRY,FALSE,1 VEHICLE ENTERING/LEAVING ENTRANCE,ANGLE,STRAIGHT & LEVEL,DAYLIGHT,4,C,087-KY-0686  -000
26791556,"KY STATE POLICE, CVE",MONTGOMERY,US0060,,OWINGSVILLE,RD,38.0892153,-83.89810723,8.709,6/4/2020,1220,2,2,0,0,CLOUDY,DRY,FALSE,OTHER ROADWAY OR MID-BLOCK COLLISION,OPPOSING LEFT TURN,STRAIGHT & LEVEL,DAYLIGHT,5,O,087-US-0060  -000
26793566,MT. STERLING POLICE DEPARTMENT,MONTGOMERY,,10,WHITE,AVE,38.05532987,-83.95109974,0.055,6/5/2020,2102,2,2,0,0,CLEAR,DRY,TRUE,1 VEHICLE PARKED POSITION (NOT PARKING LOT/DRIVEWAY),BACKING,STRAIGHT & LEVEL,DAYLIGHT,5,O,087-CS-1045  -000
26795911,"KY STATE POLICE, POST 08",MONTGOMERY,US0460,,MAIN,ST,37.95181932,-83.78067263,21.695,6/9/2020,822,1,1,0,0,CLEAR,DRY,FALSE,COLLISION WITH FIXED OBJECT NON - INTERSECTION - FIRST EVENT COLLISION 09 - 32 EXCLUDING 16,SINGLE VEHICLE,CURVE & LEVEL,DAYLIGHT,5,O,087-US-0460  -000
26806770,MT. STERLING POLICE DEPARTMENT,MONTGOMERY,US0460,,MAYSVILLE,ST,38.05743746,-83.94241634,9.478,6/12/2020,1244,2,2,0,0,CLEAR,DRY,FALSE,REAR END IN TRAFFIC LANES BOTH VEHICLES MOVING,REAR END,STRAIGHT & GRADE,DAYLIGHT,5,O,087-US-0460  -000
26824588,MONTGOMERY CTY SHERIFF DEPT,MONTGOMERY,US0460,,CAMARGO,RD,38.01317305,-83.90807755,13.219,10/12/2019,400,2,2,1,1,RAINING,WET,FALSE,HEAD-ON COLLISION,HEAD ON,CURVE & GRADE,DARK-HWY NOT LIGHTED,1,K,087-US-0460  -000
26824596,MONTGOMERY CTY SHERIFF DEPT,MONTGOMERY,US0460,,MAIN,ST,37.9792282,-83.85925771,16.943,6/11/2020,1444,1,1,0,0,CLEAR,DRY,FALSE,OTHER ROADWAY OR MID-BLOCK COLLISION,SINGLE VEHICLE,STRAIGHT & LEVEL,DAYLIGHT,5,O,087-US-0460  -000
26824608,MONTGOMERY CTY SHERIFF DEPT,MONTGOMERY,KY0646,,NEST EGG,RD,37.96894763,-83.93830208,4.66,6/7/2020,1136,1,1,0,0,CLEAR,DRY,FALSE,RAN OFF ROADWAY (1 VEHICLE WITH/EARTH EMBANKMENT/DITCH),SINGLE VEHICLE,STRAIGHT & LEVEL,DAYLIGHT,5,O,087-KY-0646  -000
26824613,MONTGOMERY CTY SHERIFF DEPT,MONTGOMERY,US0460,,PARIS,RD,38.12263524,-84.05819988,0.651,6/15/2020,2055,1,1,0,0,CLEAR,DRY,FALSE,COLLISION WITH ANIMAL NON INTERSECTION,SINGLE VEHICLE,STRAIGHT & LEVEL,DAYLIGHT,5,O,087-US-0460  -000
26826138,MT. STERLING POLICE DEPARTMENT,MONTGOMERY,KY0686,924,INDIAN MOUND,DR,38.0589949,-83.95584792,1.298,5/29/2020,1351,2,2,0,0,CLEAR,DRY,TRUE,1 VEHICLE PARKED POSITION (NOT PARKING LOT/DRIVEWAY),REAR END,STRAIGHT & LEVEL,DAYLIGHT,5,O,087-KY-0686  -000
26832465,MONTGOMERY CTY SHERIFF DEPT,MONTGOMERY,US0460,,MAIN,ST,37.96504222,-83.8158777,19.477,6/1/2020,1325,2,2,0,0,CLEAR,DRY,FALSE,REAR END IN TRAFFIC LANES BOTH VEHICLES MOVING,REAR END,STRAIGHT & HILLCREST,DAYLIGHT,5,O,087-US-0460  -000
26832466,MONTGOMERY CTY SHERIFF DEPT,MONTGOMERY,,,OLD OWINGSVILLE,RD,38.06201894,-83.93111653,2.163,6/1/2020,1540,2,2,0,0,CLEAR,DRY,FALSE,ANGLE COLLISION - OTHER,ANGLE,STRAIGHT & HILLCREST,DAYLIGHT,5,O,087-CR-1029  -000
26834143,MT. STERLING POLICE DEPARTMENT,MONTGOMERY,,,CHENAULT,LN,38.04778715,-83.95656731,0.009,6/14/2020,1403,2,2,0,1,CLEAR,DRY,FALSE,NON-COLLISION OBJECT COLLISION,ANGLE,STRAIGHT & LEVEL,DAYLIGHT,3,B,087-CS-1032  -000
26834144,MT. STERLING POLICE DEPARTMENT,MONTGOMERY,US0460,,APPERSON,HTS,38.05423208,-83.94270693,9.674,6/18/2020,1303,2,2,0,0,CLOUDY,DRY,FALSE,OTHER ROADWAY OR MID-BLOCK COLLISION,REAR END,STRAIGHT & GRADE,DAYLIGHT,5,O,087-US-0460  -000
26838966,MT. STERLING POLICE DEPARTMENT,MONTGOMERY,,,EVANS,AVE,38.07548696,-83.94915737,0.04,6/19/2020,1032,2,2,0,0,CLEAR,DRY,FALSE,1 VEHICLE ENTERING/LEAVING ENTRANCE,ANGLE,STRAIGHT & LEVEL,DAYLIGHT,5,O,087-CS-1116  -000
26846106,MONTGOMERY CTY SHERIFF DEPT,MONTGOMERY,,,OLD OWINGSVILLE,RD,38.07086049,-83.9209904,1.332,5/22/2020,1749,2,2,0,0,CLEAR,DRY,FALSE,SIDESWIPE COLLISION - OPPOSITE DIRECTION,SIDESWIPE-OPPOSITE DIRECTION,STRAIGHT & LEVEL,DAYLIGHT,5,O,087-CR-1029  -000