IncidentID,AgencyName,County,RdwyNumber,Street,RoadwayName,StreetSfx,Latitude,Longitude,Milepoint,CollisionDate,CollisionTime,UnitsInvolved,MotorVehiclesInvolved,NumberKilled,NumberInjured,Weather,RdwyConditionCode,HitandRun,DirAnalysisCode,MannerofCollision,RdwyCharacter,LightCondition,KABCO Code,KABCO,RT_UNIQUE
27047202,MONTGOMERY CTY SHERIFF DEPT,MONTGOMERY,,,FOGG,PIKE,38.03181681,-83.98009834,2.104,7/31/2020,2335,1,1,0,1,CLOUDY,WET,FALSE,COLLISION WITH FIXED OBJECT IN INTERSECTION - FIRST EVENT COLLISION 09 - 32,SINGLE VEHICLE,STRAIGHT & LEVEL,DARK-HWY NOT LIGHTED,3,B,087-CR-1227  -000
27048398,MT. STERLING POLICE DEPARTMENT,MONTGOMERY,KY0686,,INDIAN MOUND,DR,38.04191283,-83.934439,3.502,8/6/2020,1521,2,2,0,0,CLEAR,DRY,FALSE,REAR END IN TRAFFIC LANES BOTH VEHICLES MOVING,REAR END,STRAIGHT & LEVEL,DAYLIGHT,5,O,087-KY-0686  -000
27048874,MT. STERLING POLICE DEPARTMENT,MONTGOMERY,KY0686,,INDIAN MOUND,DR,38.04189396,-83.93439289,3.503,8/5/2020,1930,2,2,0,0,CLEAR,DRY,FALSE,SIDESWIPE-SAME DIRECTION,SIDESWIPE-SAME DIRECTION,STRAIGHT & LEVEL,DAYLIGHT,5,O,087-KY-0686  -000
27048875,MT. STERLING POLICE DEPARTMENT,MONTGOMERY,,,CULPEPPER,DR,38.0707644,-83.94641367,0.03,8/6/2020,1825,2,2,0,0,CLEAR,DRY,FALSE,VEHICLE BACKING NON INTERSECTION,BACKING,STRAIGHT & LEVEL,DAYLIGHT,5,O,087-CS-1103  -000
27053512,MONTGOMERY CTY SHERIFF DEPT,MONTGOMERY,,198,TROJAN,ST,38.07577229,-83.9127826,0.148,7/23/2020,725,1,1,0,0,CLEAR,DRY,TRUE,COLLISION WITH FIXED OBJECT NON - INTERSECTION - FIRST EVENT COLLISION 09 - 32 EXCLUDING 16,SINGLE VEHICLE,STRAIGHT & GRADE,DARK-HWY NOT LIGHTED,5,O,087-CR-1022C -000
27056281,MT. STERLING POLICE DEPARTMENT,MONTGOMERY,,,QUEEN,ST,38.05997469,-83.94013932,0.206,8/7/2020,1604,2,2,0,0,CLEAR,DRY,FALSE,,SIDESWIPE-OPPOSITE DIRECTION,STRAIGHT & LEVEL,DAYLIGHT,5,O,087-CS-1080  -000
27061913,MONTGOMERY CTY SHERIFF DEPT,MONTGOMERY,,,STEPSTONE,RD,38.08835024,-83.87543487,1.235,8/3/2020,1553,1,1,0,1,CLEAR,DRY,TRUE,COLLISION WITH FIXED OBJECT NON - INTERSECTION - FIRST EVENT COLLISION 09 - 32 EXCLUDING 16,SINGLE VEHICLE,CURVE & GRADE,DAYLIGHT,3,B,087-CR-1008  -000
27061915,MONTGOMERY CTY SHERIFF DEPT,MONTGOMERY,KY0011,,LEVEE,RD,37.95454262,-83.93773611,2.896,8/3/2020,0,1,1,0,0,CLEAR,DRY,FALSE,OTHER COLLISIONS ON SHOULDER,SINGLE VEHICLE,STRAIGHT & LEVEL,DARK-HWY NOT LIGHTED,5,O,087-KY-0011  -000
27062612,MT. STERLING POLICE DEPARTMENT,MONTGOMERY,KY0686,499,INDIAN MOUND,DR,38.06797345,-83.95524621,0.676,8/3/2020,746,2,2,0,0,CLEAR,DRY,FALSE,1 VEHICLE PARKED POSITION (NOT PARKING LOT/DRIVEWAY),SIDESWIPE-SAME DIRECTION,STRAIGHT & LEVEL,DAYLIGHT,5,O,087-KY-0686  -000
27062653,MONTGOMERY CTY SHERIFF DEPT,MONTGOMERY,,,OLD OWINGSVILLE,RD,38.07390456,-83.91146446,0.76,7/23/2020,1531,2,2,0,0,CLOUDY,WET,FALSE,OTHER INTERSECTION COLLISIONS,REAR END,STRAIGHT & LEVEL,DAYLIGHT,5,O,087-CR-1029  -000
27073431,MT. STERLING POLICE DEPARTMENT,MONTGOMERY,,,OLD SILO HILL,RD,38.07840776,-83.95741814,0.007,7/17/2020,1830,2,2,0,0,CLEAR,DRY,FALSE,1 VEHICLE PARKED POSITION (NOT PARKING LOT/DRIVEWAY),BACKING,STRAIGHT & LEVEL,DAYLIGHT,5,O,087-CS-1501  -000
27073438,MT. STERLING POLICE DEPARTMENT,MONTGOMERY,US0060,,MAIN,ST,38.05709718,-83.93909194,5.294,8/11/2020,1600,2,2,0,0,CLEAR,DRY,FALSE,ANGLE COLLISION - ONE VEHICLE TURNING LEFT,ANGLE,STRAIGHT & LEVEL,DAYLIGHT,5,O,087-US-0060  -000
27075264,MONTGOMERY CTY SHERIFF DEPT,MONTGOMERY,KY0011,,LEVEE,RD,37.99234509,-83.94108296,5.675,6/30/2020,15,1,1,0,1,CLEAR,DRY,FALSE,COLLISION WITH ANIMAL NON INTERSECTION,SINGLE VEHICLE,STRAIGHT & LEVEL,DARK-HWY NOT LIGHTED,3,B,087-KY-0011  -000
27075268,MONTGOMERY CTY SHERIFF DEPT,MONTGOMERY,KY0713,,SPENCER,PIKE,38.02323506,-83.82420517,13.736,8/4/2020,1819,2,2,0,0,CLEAR,DRY,FALSE,OPPOSING LEFT TURN,OPPOSING LEFT TURN,STRAIGHT & LEVEL,DAYLIGHT,5,O,087-KY-0713  -000
27075273,MONTGOMERY CTY SHERIFF DEPT,MONTGOMERY,KY0713,7197,SPENCER,PIKE,38.02235764,-83.82099568,13.926,8/8/2020,800,1,1,0,0,CLEAR,DRY,FALSE,RAN OFF ROADWAY (1 VEHICLE WITH/EARTH EMBANKMENT/DITCH),SINGLE VEHICLE,CURVE & GRADE,DAYLIGHT,5,O,087-KY-0713  -000
27075277,MONTGOMERY CTY SHERIFF DEPT,MONTGOMERY,US0060,2200,OWINGSVILLE,RD,38.07729929,-83.91271003,7.544,8/3/2020,1217,2,2,0,0,CLEAR,DRY,FALSE,REAR END IN TRAFFIC LANES BOTH VEHICLES MOVING,REAR END,STRAIGHT & LEVEL,DAYLIGHT,5,O,087-US-0060  -000
27078294,MT. STERLING POLICE DEPARTMENT,MONTGOMERY,KY0011,,LEVEE,RD,38.0490008,-83.94239459,9.868,8/13/2020,1631,2,2,0,0,CLEAR,DRY,FALSE,,ANGLE,STRAIGHT & LEVEL,DAYLIGHT,5,O,087-KY-0011  -000
27080410,MT. STERLING POLICE DEPARTMENT,MONTGOMERY,,,BROADWAY,,38.05674074,-83.94289605,0.052,8/13/2020,1435,2,2,0,0,CLEAR,DRY,FALSE,1 VEHICLE PARKED POSITION (NOT PARKING LOT/DRIVEWAY),REAR TO REAR,STRAIGHT & GRADE,DAYLIGHT,5,O,087-CS-1061  -000
27080655,MONTGOMERY CTY SHERIFF DEPT,MONTGOMERY,KY0646,,WILLOUGHBY TOWN,RD,37.94450847,-83.87690016,0.732,8/11/2020,817,1,1,0,1,CLEAR,DRY,FALSE,COLLISION WITH FIXED OBJECT NON - INTERSECTION - FIRST EVENT COLLISION 09 - 32 EXCLUDING 16,SINGLE VEHICLE,CURVE & HILLCREST,DAYLIGHT,3,B,087-KY-0646  -000
27080718,MONTGOMERY CTY SHERIFF DEPT,MONTGOMERY,KY0646,,KIDDVILLE,RD,37.99502899,-83.97156112,10.07,7/23/2020,1528,2,2,0,0,CLEAR,DRY,TRUE,SIDESWIPE COLLISION - OPPOSITE DIRECTION,SIDESWIPE-OPPOSITE DIRECTION,STRAIGHT & LEVEL,DAYLIGHT,5,O,087-KY-0646  -000
27089467,MONTGOMERY CTY SHERIFF DEPT,MONTGOMERY,,915,LOWER SPRUCE,RD,37.93805503,-83.82193144,0.944,8/12/2020,1618,1,1,0,0,CLEAR,DRY,FALSE,RAN OFF ROADWAY (1 VEHICLE WITH/EARTH EMBANKMENT/DITCH),SINGLE VEHICLE,CURVE & LEVEL,DAYLIGHT,5,O,087-CR-1114  -000
27089472,MONTGOMERY CTY SHERIFF DEPT,MONTGOMERY,KY0713,3696,GRASSY LICK,RD,38.07758489,-84.00494667,2.63,8/16/2020,1554,1,1,0,1,RAINING,WET,FALSE,COLLISION WITH FIXED OBJECT NON - INTERSECTION - FIRST EVENT COLLISION 09 - 32 EXCLUDING 16,SINGLE VEHICLE,STRAIGHT & GRADE,DAYLIGHT,3,B,087-KY-0713  -000
27089473,MONTGOMERY CTY SHERIFF DEPT,MONTGOMERY,US0460,,MAIN,ST,37.97637624,-83.85098942,17.436,8/7/2020,1832,2,2,0,0,CLEAR,DRY,FALSE,ANGLE COLLISION - OTHER,ANGLE,STRAIGHT & LEVEL,DAYLIGHT,5,O,087-US-0460  -000
27091041,MT. STERLING POLICE DEPARTMENT,MONTGOMERY,US0060,,WINCHESTER,RD,38.05376812,-83.95679677,4.315,8/14/2020,1122,2,2,0,0,CLEAR,DRY,FALSE,SIDESWIPE COLLISION - SAME DIRECTION,SIDESWIPE-SAME DIRECTION,STRAIGHT & LEVEL,DAYLIGHT,5,O,087-US-0060  -000
27105788,MONTGOMERY CTY SHERIFF DEPT,MONTGOMERY,US0060,,WINCHESTER,RD,38.03326966,-84.02050491,0.367,7/24/2020,1335,2,2,1,2,CLEAR,DRY,FALSE,HEAD-ON COLLISION,HEAD ON,CURVE & HILLCREST,DAYLIGHT,1,K,087-US-0060  -000
27110550,MT. STERLING POLICE DEPARTMENT,MONTGOMERY,KY0686,,INDIAN MOUND,DR,38.0493307,-83.95648369,1.961,7/17/2020,1037,2,2,0,1,CLEAR,DRY,FALSE,SIDESWIPE COLLISION - SAME DIRECTION,SIDESWIPE-SAME DIRECTION,STRAIGHT & LEVEL,DAYLIGHT,4,C,087-KY-0686  -000
27116270,MT. STERLING POLICE DEPARTMENT,MONTGOMERY,,,TAMARIX,DR,38.07226453,-83.94169889,0.042,8/23/2020,1801,2,2,0,0,CLEAR,DRY,FALSE,1 VEHICLE PARKED POSITION (NOT PARKING LOT/DRIVEWAY),SIDESWIPE-OPPOSITE DIRECTION,STRAIGHT & LEVEL,DAYLIGHT,5,O,087-CS-1112  -000
27120721,MONTGOMERY CTY SHERIFF DEPT,MONTGOMERY,US0460,3793,PARIS,RD,38.1083698,-84.03072813,2.519,8/20/2020,1759,2,2,0,0,CLEAR,DRY,FALSE,REAR END IN TRAFFIC LANES BOTH VEHICLES MOVING,REAR END,STRAIGHT & LEVEL,DAYLIGHT,5,O,087-US-0460  -000
27120725,MONTGOMERY CTY SHERIFF DEPT,MONTGOMERY,US0460,,MAIN,ST,37.96307666,-83.80081153,20.314,8/21/2020,2006,1,1,0,0,CLOUDY,WET,FALSE,COLLISION WITH FIXED OBJECT IN INTERSECTION - FIRST EVENT COLLISION 09 - 32,SINGLE VEHICLE,STRAIGHT & LEVEL,DUSK,5,O,087-US-0460  -000
27120728,MONTGOMERY CTY SHERIFF DEPT,MONTGOMERY,,216,CADENCE BRANCH,DR,38.07456737,-83.8997548,0.052,8/18/2020,2357,1,1,0,0,CLOUDY,DRY,FALSE,COLLISION WITH FIXED OBJECT NON - INTERSECTION - FIRST EVENT COLLISION 09 - 32 EXCLUDING 16,SINGLE VEHICLE,STRAIGHT & HILLCREST,DARK-HWY NOT LIGHTED,5,O,087-CR-1021N -000
27120738,MONTGOMERY CTY SHERIFF DEPT,MONTGOMERY,KY0686,,INDIAN MOUND,DR,38.041036,-83.94442018,2.944,8/19/2020,1528,2,2,0,0,CLEAR,DRY,FALSE,1 VEHICLE ENTERING/LEAVING ENTRANCE,ANGLE,STRAIGHT & GRADE,DAYLIGHT,5,O,087-KY-0686  -000
27120740,MONTGOMERY CTY SHERIFF DEPT,MONTGOMERY,US0460,10875,MAIN,ST,37.96317685,-83.80121081,20.297,8/22/2020,1244,1,1,0,1,CLOUDY,WET,FALSE,RAN OFF ROADWAY (1 VEHICLE WITH/EARTH EMBANKMENT/DITCH),SINGLE VEHICLE,CURVE & GRADE,DAYLIGHT,4,C,087-US-0460  -000
27120742,MONTGOMERY CTY SHERIFF DEPT,MONTGOMERY,US0460,,MAIN,ST,37.97635404,-83.85094094,17.439,8/20/2020,1339,2,2,0,0,CLEAR,DRY,FALSE,OTHER INTERSECTION COLLISIONS,REAR END,STRAIGHT & LEVEL,DAYLIGHT,5,O,087-US-0460  -000
27126630,MT. STERLING POLICE DEPARTMENT,MONTGOMERY,US0060,422,MAIN,ST,38.05439183,-83.9512759,4.602,8/25/2020,2055,1,1,0,0,CLEAR,DRY,TRUE,COLLISION WITH FIXED OBJECT NON - INTERSECTION - FIRST EVENT COLLISION 09 - 32 EXCLUDING 16,SINGLE VEHICLE,STRAIGHT & LEVEL,DARK-HWY LIGHTED/ON,5,O,087-US-0060  -000
27144749,MT. STERLING POLICE DEPARTMENT,MONTGOMERY,US0460,,MAYSVILLE,ST,38.05754502,-83.94246911,9.485,8/29/2020,958,2,2,0,0,CLEAR,DRY,FALSE,ANGLE COLLISION - OTHER,ANGLE,STRAIGHT & GRADE,DAYLIGHT,5,O,087-US-0460  -000
27144750,MT. STERLING POLICE DEPARTMENT,MONTGOMERY,,,EVANS,AVE,38.07548639,-83.94915365,0.04,8/29/2020,1053,2,2,0,0,CLEAR,DRY,FALSE,ANGLE COLLISION - OTHER,ANGLE,STRAIGHT & LEVEL,DAYLIGHT,5,O,087-CS-1116  -000
27156518,MT. STERLING POLICE DEPARTMENT,MONTGOMERY,US0460,,MAYSVILLE,ST,38.06531405,-83.94517917,8.903,8/30/2020,944,2,2,0,0,CLEAR,DRY,FALSE,REAR END IN TRAFFIC LANES BOTH VEHICLES MOVING,REAR END,STRAIGHT & GRADE,DAYLIGHT,5,O,087-US-0460  -000
27156524,MT. STERLING POLICE DEPARTMENT,MONTGOMERY,,322,KASANDRA,WAY,38.05386286,-83.93256319,0.072,9/1/2020,1724,2,2,0,0,CLEAR,DRY,FALSE,1 VEHICLE PARKED POSITION (NOT PARKING LOT/DRIVEWAY),BACKING,STRAIGHT & LEVEL,DAYLIGHT,5,O,087-CS-1017  -000
27166826,MT. STERLING POLICE DEPARTMENT,MONTGOMERY,KY0686,1300,INDIAN MOUND,DR,38.05142412,-83.95637,1.816,8/23/2020,2142,2,1,0,0,CLEAR,DRY,FALSE,,BACKING,STRAIGHT & LEVEL,DARK-HWY LIGHTED/ON,5,O,087-KY-0686  -000
27172986,MT. STERLING POLICE DEPARTMENT,MONTGOMERY,,,YOUNG,LN,38.07437713,-83.95145851,0.282,9/1/2020,1650,2,2,0,0,CLEAR,DRY,FALSE,ANGLE COLLISION - OTHER,ANGLE,STRAIGHT & LEVEL,DAYLIGHT,5,O,087-CS-1117  -000
27172994,MT. STERLING POLICE DEPARTMENT,MONTGOMERY,,501,MAGNOLIA,DR,38.07325266,-83.94082499,0.006,8/17/2020,1446,2,2,0,0,CLEAR,DRY,TRUE,1 VEHICLE PARKED POSITION (NOT PARKING LOT/DRIVEWAY),BACKING,STRAIGHT & HILLCREST,DAYLIGHT,5,O,087-CS-1109  -000
27172997,MT. STERLING POLICE DEPARTMENT,MONTGOMERY,KY0686,499,INDIAN MOUND,DR,38.07104693,-83.95510606,0.464,9/2/2020,2254,2,2,0,0,RAINING,WET,TRUE,VEHICLE BACKING NON INTERSECTION,BACKING,CURVE & HILLCREST,DARK-HWY LIGHTED/ON,5,O,087-KY-0686  -000
27173003,MT. STERLING POLICE DEPARTMENT,MONTGOMERY,US0460,,MAYSVILLE,ST,38.05754922,-83.94246471,9.485,8/31/2020,1451,2,2,0,0,CLEAR,DRY,FALSE,ANGLE COLLISION - ONE VEHICLE TURNING RIGHT,ANGLE,STRAIGHT & LEVEL,DAYLIGHT,5,O,087-US-0460  -000
27173004,MT. STERLING POLICE DEPARTMENT,MONTGOMERY,KY0686,,INDIAN MOUND,DR,38.0710071,-83.95508679,0.461,9/4/2020,1105,2,2,0,0,CLEAR,DRY,FALSE,ANGLE COLLISION - OTHER,ANGLE,STRAIGHT & LEVEL,DAYLIGHT,5,O,087-KY-0686  -000
27173005,MT. STERLING POLICE DEPARTMENT,MONTGOMERY,KY0686,804,INDIAN MOUND,DR,38.06417789,-83.95529189,0.94,9/4/2020,1357,2,2,0,0,CLEAR,DRY,FALSE,1 VEHICLE ENTERING/LEAVING ENTRANCE,ANGLE,STRAIGHT & LEVEL,DAYLIGHT,5,O,087-KY-0686  -000
27175262,MT. STERLING POLICE DEPARTMENT,MONTGOMERY,,706,NORTHVIEW,DR,38.07555692,-83.94918023,0.038,9/4/2020,1316,2,2,0,0,CLEAR,DRY,FALSE,OTHER ROADWAY OR MID-BLOCK COLLISION,REAR END,STRAIGHT & LEVEL,DAYLIGHT,5,O,087-CS-1122  -000
27175271,MT. STERLING POLICE DEPARTMENT,MONTGOMERY,US0460,1104,CAMARGO,RD,38.04173779,-83.93421187,10.67,9/6/2020,1039,2,2,0,1,CLEAR,DRY,FALSE,SIDESWIPE COLLISION - SAME DIRECTION,SIDESWIPE-SAME DIRECTION,STRAIGHT & LEVEL,DAYLIGHT,2,A,087-US-0460  -000
27176046,MT. STERLING POLICE DEPARTMENT,MONTGOMERY,,,FALCON,DR,38.07588331,-83.94686826,0.089,6/25/2020,1646,1,1,0,0,CLEAR,DRY,FALSE,COLLISION WITH FIXED OBJECT NON - INTERSECTION - FIRST EVENT COLLISION 09 - 32 EXCLUDING 16,SINGLE VEHICLE,STRAIGHT & LEVEL,DAYLIGHT,5,O,087-CS-1119  -000
27178284,MONTGOMERY CTY SHERIFF DEPT,MONTGOMERY,US0460,2355,CAMARGO,RD,38.0144437,-83.90951478,13.097,8/24/2020,1745,2,2,0,1,CLEAR,DRY,FALSE,REAR END IN TRAFFIC LANES BOTH VEHICLES MOVING,REAR END,STRAIGHT & LEVEL,DAYLIGHT,4,C,087-US-0460  -000
27178297,MONTGOMERY CTY SHERIFF DEPT,MONTGOMERY,,,STEPSTONE,RD,38.09182556,-83.83953429,3.397,8/30/2020,1440,2,2,0,0,CLEAR,DRY,FALSE,SIDESWIPE COLLISION - OPPOSITE DIRECTION,SIDESWIPE-OPPOSITE DIRECTION,STRAIGHT & LEVEL,DAYLIGHT,5,O,087-CR-1008  -000
27178303,MONTGOMERY CTY SHERIFF DEPT,MONTGOMERY,US0460,4220,CAMARGO,RD,37.9950694,-83.89046604,14.872,8/28/2020,1923,2,2,0,0,CLOUDY,WET,FALSE,OTHER ROADWAY OR MID-BLOCK COLLISION,REAR END,STRAIGHT & LEVEL,DAYLIGHT,5,O,087-US-0460  -000
27178309,MONTGOMERY CTY SHERIFF DEPT,MONTGOMERY,KY0537,1121,BUNKER HILL,RD,38.12993536,-83.96139342,4.023,9/5/2020,1733,2,2,0,0,CLEAR,DRY,FALSE,SIDESWIPE COLLISION - OPPOSITE DIRECTION,SIDESWIPE-OPPOSITE DIRECTION,STRAIGHT & LEVEL,DAYLIGHT,5,O,087-KY-0537  -000
27178311,MONTGOMERY CTY SHERIFF DEPT,MONTGOMERY,,,OLD OWINGSVILLE,RD,38.07830282,-83.90531855,0.3,9/6/2020,2001,2,2,0,0,CLEAR,DRY,FALSE,ANGLE COLLISION - OTHER,ANGLE,STRAIGHT & LEVEL,DUSK,5,O,087-CR-1029  -000
27178315,MONTGOMERY CTY SHERIFF DEPT,MONTGOMERY,,,PREWITT,PIKE,38.0317856,-83.98019028,1.261,9/3/2020,1346,1,1,0,0,CLEAR,DRY,FALSE,COLLISION WITH FIXED OBJECT IN INTERSECTION - FIRST EVENT COLLISION 09 - 32,SINGLE VEHICLE,STRAIGHT & HILLCREST,DAYLIGHT,5,O,087-KY-0713  -000
27190344,MT. STERLING POLICE DEPARTMENT,MONTGOMERY,,,HIGH,ST,38.05738533,-83.9432468,0.287,9/9/2020,1710,2,2,0,0,CLEAR,DRY,TRUE,SIDESWIPE COLLISION - OPPOSITE DIRECTION,SIDESWIPE-OPPOSITE DIRECTION,STRAIGHT & HILLCREST,DAYLIGHT,5,O,087-CS-1052  -000
27195108,MT. STERLING POLICE DEPARTMENT,MONTGOMERY,KY0686,488,INDIAN MOUND,DR,38.07065644,-83.95497651,0.438,9/9/2020,903,2,2,0,2,CLEAR,DRY,FALSE,1 VEHICLE ENTERING/LEAVING ENTRANCE,ANGLE,STRAIGHT & LEVEL,DAYLIGHT,3,B,087-KY-0686  -000
27195109,MT. STERLING POLICE DEPARTMENT,MONTGOMERY,,44,HIGH,ST,38.05769589,-83.94201711,0.026,9/9/2020,1419,2,2,0,0,CLEAR,DRY,FALSE,OTHER ROADWAY OR MID-BLOCK COLLISION,REAR END,STRAIGHT & HILLCREST,DAYLIGHT,5,O,087-CS-1052  -000
27196978,MONTGOMERY CTY SHERIFF DEPT,MONTGOMERY,KY0011,6590,LEVEE,RD,37.96746955,-83.93897652,3.808,8/22/2020,14,2,2,0,0,RAINING,WET,FALSE,1 VEHICLE PARKED POSITION (NOT PARKING LOT/DRIVEWAY),SIDESWIPE-SAME DIRECTION,CURVE & LEVEL,DARK-HWY NOT LIGHTED,5,O,087-KY-0011  -000
27197339,MONTGOMERY CTY SHERIFF DEPT,MONTGOMERY,KY0646,,WILLOUGHBY TOWN,RD,37.94766113,-83.88455195,1.244,9/3/2020,1830,2,2,0,0,,DRY,TRUE,1 VEHICLE ENTERING/LEAVING ENTRANCE,ANGLE,STRAIGHT & LEVEL,DUSK,5,O,087-KY-0646  -000
27209794,MT. STERLING POLICE DEPARTMENT,MONTGOMERY,KY0686,,INDIAN MOUND,DR,38.07080011,-83.95475554,0.439,9/11/2020,1815,2,2,0,0,CLEAR,DRY,FALSE,OTHER INTERSECTION COLLISIONS,REAR END,STRAIGHT & LEVEL,DAYLIGHT,5,O,087-KY-0686  -000
27209802,MT. STERLING POLICE DEPARTMENT,MONTGOMERY,KY0011,,LEVEE,RD,38.04124684,-83.94793437,9.212,9/13/2020,2033,2,2,0,0,CLEAR,DRY,FALSE,ANGLE COLLISION - OTHER,ANGLE,STRAIGHT & LEVEL,DARK-HWY LIGHTED/ON,5,O,087-KY-0011  -000
27212517,MONTGOMERY CTY SHERIFF DEPT,MONTGOMERY,I 0064,,,,38.0894501,-83.89771356,0.206,8/22/2020,936,1,1,0,0,CLEAR,DRY,FALSE,COLLISION WITH FIXED OBJECT NOT IN GORE ,SINGLE VEHICLE,STRAIGHT & LEVEL,DAYLIGHT,5,O,087-CR-1042  -000
27212555,MONTGOMERY CTY SHERIFF DEPT,MONTGOMERY,KY0011,,LEVEE,RD,37.98850063,-83.94055188,5.396,8/28/2020,1121,2,2,0,0,CLOUDY,DRY,FALSE,REAR END IN TRAFFIC LANES BOTH VEHICLES MOVING,REAR END,STRAIGHT & LEVEL,DAYLIGHT,5,O,087-KY-0011  -000
27212556,MONTGOMERY CTY SHERIFF DEPT,MONTGOMERY,US0460,,PARIS,RD,38.09696249,-83.9757643,5.728,9/13/2020,2159,1,1,0,1,FOG,WET,FALSE,RAN OFF ROADWAY (1 VEHICLE WITH/EARTH EMBANKMENT/DITCH),SINGLE VEHICLE,CURVE & LEVEL,DARK-HWY NOT LIGHTED,3,B,087-US-0460  -000
27237731,MT. STERLING POLICE DEPARTMENT,MONTGOMERY,,,CLAY,ST,38.05926771,-83.94303974,0.002,9/9/2020,1326,2,2,0,1,CLEAR,DRY,FALSE,REAR END IN TRAFFIC LANES BOTH VEHICLES MOVING,REAR END,STRAIGHT & LEVEL,DAYLIGHT,4,C,087-CR-1045  -000
27237746,MT. STERLING POLICE DEPARTMENT,MONTGOMERY,US0460,,MAYSVILLE,ST,38.07558331,-83.94889732,8.189,9/20/2020,1226,2,2,0,0,CLEAR,DRY,FALSE,1 VEHICLE ENTERING/LEAVING ENTRANCE,ANGLE,STRAIGHT & LEVEL,DAYLIGHT,5,O,087-US-0460  -000
27245491,MONTGOMERY CTY SHERIFF DEPT,MONTGOMERY,US0460,,MAYSVILLE,RD,38.08225434,-83.95012124,7.616,9/16/2020,1132,1,1,0,2,CLEAR,DRY,FALSE,OTHER ROADWAY OR MID-BLOCK COLLISION,SINGLE VEHICLE,STRAIGHT & LEVEL,DAYLIGHT,4,C,087-US-0460  -000
27245707,MONTGOMERY CTY SHERIFF DEPT,MONTGOMERY,KY1991,1305,HINKSTON,PIKE,38.08005779,-83.93256105,1.308,9/21/2020,726,1,1,0,0,CLEAR,DRY,FALSE,RAN OFF ROADWAY (1 VEHICLE WITH/EARTH EMBANKMENT/DITCH),SINGLE VEHICLE,CURVE & LEVEL,DAYLIGHT,5,O,087-KY-1991  -000
27245709,MONTGOMERY CTY SHERIFF DEPT,MONTGOMERY,KY0686,,INDIAN MOUND,DR,38.05454803,-83.91680908,4.85,9/22/2020,1706,2,2,0,1,CLEAR,DRY,FALSE,OPPOSITE DIRECTION - BOTH VEHICLES GOING STRAIGHT AHEAD,SIDESWIPE-OPPOSITE DIRECTION,STRAIGHT & LEVEL,DAYLIGHT,4,C,087-KY-0686  -000
27248714,MT. STERLING POLICE DEPARTMENT,MONTGOMERY,,642,NORTHVIEW,DR,38.07525381,-83.94939302,0.032,9/17/2020,1926,2,2,0,0,CLEAR,DRY,TRUE,,REAR END,STRAIGHT & LEVEL,DAYLIGHT,5,O,087-CS-1122  -000
27258673,MT. STERLING POLICE DEPARTMENT,MONTGOMERY,KY0686,,INDIAN MOUND,DR,38.04123573,-83.94780151,2.752,9/24/2020,2100,2,2,0,0,RAINING,WET,FALSE,,ANGLE,STRAIGHT & LEVEL,DARK-HWY LIGHTED/ON,5,O,087-KY-0686  -000
27263834,MONTGOMERY CTY SHERIFF DEPT,MONTGOMERY,US0060,,OWINGSVILLE,RD,38.07476124,-83.91867083,7.179,9/16/2020,623,2,2,0,0,CLEAR,DRY,FALSE,ANGLE COLLISION - OTHER,ANGLE,STRAIGHT & LEVEL,DARK-HWY NOT LIGHTED,5,O,087-US-0060  -000
27263837,MONTGOMERY CTY SHERIFF DEPT,MONTGOMERY,,486,PREWITT,PIKE,38.04401027,-83.97555681,0.379,8/23/2020,307,2,2,0,0,CLOUDY,WET,FALSE,1 VEHICLE PARKED POSITION (NOT PARKING LOT/DRIVEWAY),ANGLE,CURVE & HILLCREST,DARK-HWY NOT LIGHTED,5,O,087-KY-0713  -000
27263840,MONTGOMERY CTY SHERIFF DEPT,MONTGOMERY,,,OLD OWINGSVILLE,RD,38.06703197,-83.92532926,1.691,9/25/2020,1234,1,1,0,0,CLEAR,DRY,FALSE,COLLISION WITH FIXED OBJECT NON - INTERSECTION - FIRST EVENT COLLISION 09 - 32 EXCLUDING 16,SINGLE VEHICLE,STRAIGHT & LEVEL,DAYLIGHT,5,O,087-CR-1029  -000
27264689,MT. STERLING POLICE DEPARTMENT,MONTGOMERY,KY0686,,INDIAN MOUND,DR,38.07202373,-83.95454027,0.388,9/27/2020,1315,2,2,0,0,CLEAR,DRY,FALSE,SIDESWIPE COLLISION - SAME DIRECTION,SIDESWIPE-SAME DIRECTION,STRAIGHT & LEVEL,DAYLIGHT,5,O,087-KY-0686  -000
27264694,MT. STERLING POLICE DEPARTMENT,MONTGOMERY,,102,STONE TRACE,DR,38.08021201,-83.95012548,0.027,9/19/2020,1211,2,2,0,0,CLEAR,DRY,FALSE,1 VEHICLE ENTERING/LEAVING ENTRANCE,ANGLE,STRAIGHT & LEVEL,DAYLIGHT,5,O,087-CS-1125  -000
27275575,MT. STERLING POLICE DEPARTMENT,MONTGOMERY,US0460,,MAYSVILLE,ST,38.07411616,-83.94826891,8.277,9/30/2020,951,2,2,0,0,CLEAR,DRY,FALSE,1 VEHICLE ENTERING/LEAVING ENTRANCE,ANGLE,STRAIGHT & LEVEL,DAYLIGHT,5,O,087-US-0460  -000
27280044,MT. STERLING POLICE DEPARTMENT,MONTGOMERY,KY0686,,INDIAN MOUND,DR,38.04193038,-83.93436341,3.506,9/28/2020,2011,2,2,0,0,RAINING,WET,FALSE,REAR END - ONE VEHICLE TURNING RIGHT,REAR END,STRAIGHT & LEVEL,DARK-HWY LIGHTED/ON,5,O,087-KY-0686  -000