IncidentID,AgencyName,County,RdwyNumber,Street,RoadwayName,StreetSfx,Latitude,Longitude,Milepoint,CollisionDate,CollisionTime,UnitsInvolved,MotorVehiclesInvolved,NumberKilled,NumberInjured,Weather,RdwyConditionCode,HitandRun,DirAnalysisCode,MannerofCollision,RdwyCharacter,LightCondition,KABCO Code,KABCO,RT_UNIQUE
27306405,MONTGOMERY CTY SHERIFF DEPT,MONTGOMERY,KY0011,,LEVEE,RD,37.95670749,-83.93878586,3.057,8/21/2020,1015,2,2,1,1,CLEAR,DRY,FALSE,HEAD-ON COLLISION,HEAD ON,CURVE & GRADE,DAYLIGHT,1,K,087-KY-0011  -000
27314232,MT. STERLING POLICE DEPARTMENT,MONTGOMERY,US0060,,MAIN,ST,38.05757365,-83.93690092,5.423,10/8/2020,1451,2,2,0,0,CLEAR,DRY,FALSE,1 VEHICLE ENTERING/LEAVING ENTRANCE,ANGLE,STRAIGHT & LEVEL,DAYLIGHT,5,O,087-US-0060  -000
27322131,MT. STERLING POLICE DEPARTMENT,MONTGOMERY,US0460,,MAYSVILLE,ST,38.06270693,-83.94430154,9.106,10/10/2020,2038,2,2,0,0,CLOUDY,DRY,FALSE,REAR END IN TRAFFIC LANES BOTH VEHICLES MOVING,REAR END,STRAIGHT & LEVEL,DARK-HWY LIGHTED/ON,5,O,087-US-0460  -000
27323010,MONTGOMERY CTY SHERIFF DEPT,MONTGOMERY,US0460,,MAIN,ST,37.98476563,-83.87351262,16.075,9/28/2020,1641,1,1,0,0,RAINING,WET,FALSE,RAN OFF ROADWAY (1 VEHICLE WITH/EARTH EMBANKMENT/DITCH),SINGLE VEHICLE,CURVE & GRADE,DAYLIGHT,5,O,087-US-0460  -000
27323012,MONTGOMERY CTY SHERIFF DEPT,MONTGOMERY,KY0011,,LEVEE,RD,37.96971417,-83.93641553,4.022,9/29/2020,2043,1,1,0,0,RAINING,WET,FALSE,RAN OFF ROADWAY (1 VEHICLE WITH/EARTH EMBANKMENT/DITCH),SINGLE VEHICLE,CURVE & LEVEL,DARK-HWY NOT LIGHTED,5,O,087-KY-0011  -000
27323017,MONTGOMERY CTY SHERIFF DEPT,MONTGOMERY,KY0011,,LEVEE,RD,37.95508189,-83.9380132,2.937,9/30/2020,926,2,2,0,0,CLEAR,DRY,FALSE,SIDESWIPE COLLISION - SAME DIRECTION,SIDESWIPE-SAME DIRECTION,STRAIGHT & LEVEL,DAYLIGHT,5,O,087-KY-0011  -000
27323018,MONTGOMERY CTY SHERIFF DEPT,MONTGOMERY,,268,MIDLAND,TRL,38.08110935,-83.92298353,0.588,10/2/2020,603,2,2,0,0,CLEAR,DRY,FALSE,1 VEHICLE ENTERING/LEAVING ENTRANCE,ANGLE,STRAIGHT & LEVEL,DARK-HWY NOT LIGHTED,5,O,087-CR-1020  -000
27323019,MONTGOMERY CTY SHERIFF DEPT,MONTGOMERY,KY0686,,INDIAN MOUND,DR,38.04231789,-83.95065082,2.602,9/29/2020,1732,2,2,0,0,CLEAR,DRY,FALSE,ANGLE COLLISION - OTHER,ANGLE,STRAIGHT & LEVEL,DAYLIGHT,5,O,087-KY-0686  -000
27323021,MONTGOMERY CTY SHERIFF DEPT,MONTGOMERY,KY1331,,STEPSTONE,RD,38.08250291,-83.89784773,0.322,10/2/2020,2012,2,2,0,0,CLEAR,DRY,FALSE,1 VEHICLE ENTERING/LEAVING ENTRANCE,ANGLE,STRAIGHT & LEVEL,DARK-HWY NOT LIGHTED,5,O,087-KY-1331  -000
27323111,MONTGOMERY CTY SHERIFF DEPT,MONTGOMERY,,,OLD OWINGSVILLE,RD,38.07839915,-83.90523729,0.292,10/8/2020,624,2,1,0,1,CLEAR,DRY,FALSE,COLLISION WITH BICYCLIST NON INTERSECTION,SINGLE VEHICLE,STRAIGHT & LEVEL,DARK-HWY NOT LIGHTED,3,B,087-CR-1029  -000
27323112,MONTGOMERY CTY SHERIFF DEPT,MONTGOMERY,US0060,,OWINGSVILLE,RD,38.08728207,-83.89908588,8.574,10/5/2020,1654,2,2,0,0,CLEAR,DRY,FALSE,ANGLE COLLISION - OTHER,ANGLE,STRAIGHT & LEVEL,DAYLIGHT,5,O,087-US-0060  -000
27323117,MONTGOMERY CTY SHERIFF DEPT,MONTGOMERY,KY0646,,WHITAKER,LN,38.04107638,-83.89389202,15.452,9/28/2020,1501,2,2,0,0,CLEAR,DRY,FALSE,ANGLE COLLISION - OTHER,ANGLE,STRAIGHT & LEVEL,DAYLIGHT,5,O,087-KY-0646  -000
27323118,MONTGOMERY CTY SHERIFF DEPT,MONTGOMERY,US0060,,OWINGSVILLE,RD,38.07723915,-83.91294622,7.531,10/6/2020,755,3,3,0,0,CLEAR,DRY,FALSE,REAR END IN TRAFFIC LANES BOTH VEHICLES MOVING,REAR END,STRAIGHT & LEVEL,DAYLIGHT,5,O,087-US-0060  -000
27323126,MONTGOMERY CTY SHERIFF DEPT,MONTGOMERY,KY0011,,LEVEE,RD,38.00995271,-83.94903376,7.067,10/7/2020,652,2,2,0,0,CLOUDY,DRY,FALSE,OPPOSING LEFT TURN,OPPOSING LEFT TURN,STRAIGHT & GRADE,DARK-HWY NOT LIGHTED,5,O,087-KY-0011  -000
27323128,MONTGOMERY CTY SHERIFF DEPT,MONTGOMERY,,,EMERALD,DR,38.0836365,-83.92635774,0.035,10/2/2020,1137,2,2,0,0,CLEAR,DRY,FALSE,1 VEHICLE PARKED POSITION (NOT PARKING LOT/DRIVEWAY),SIDESWIPE-SAME DIRECTION,STRAIGHT & LEVEL,DAYLIGHT,5,O,087-PS-1109  -000
27323129,MONTGOMERY CTY SHERIFF DEPT,MONTGOMERY,,,FICKLIN,RD,37.99231426,-83.86229387,0.54,10/2/2020,1245,2,2,0,0,CLEAR,DRY,FALSE,SIDESWIPE COLLISION - OPPOSITE DIRECTION,SIDESWIPE-OPPOSITE DIRECTION,STRAIGHT & LEVEL,DAYLIGHT,5,O,087-CR-1122  -000
27323131,MONTGOMERY CTY SHERIFF DEPT,MONTGOMERY,US0460,,MAIN,ST,37.96310118,-83.80093663,20.313,10/9/2020,1433,2,2,0,2,CLEAR,DRY,FALSE,OTHER INTERSECTION COLLISIONS,REAR END,STRAIGHT & GRADE,DAYLIGHT,4,C,087-US-0460  -000
27326530,MONTGOMERY CTY SHERIFF DEPT,MONTGOMERY,,4410,MCCORMICK,RD,38.00276923,-83.8797256,0.852,10/10/2020,1828,1,1,0,0,CLOUDY,WET,FALSE,COLLISION WITH FIXED OBJECT NON - INTERSECTION - FIRST EVENT COLLISION 09 - 32 EXCLUDING 16,SINGLE VEHICLE,CURVE & LEVEL,DUSK,5,O,087-CR-1123  -000
27326539,MONTGOMERY CTY SHERIFF DEPT,MONTGOMERY,KY0011,,LEVEE,RD,38.0108447,-83.9501436,7.155,10/13/2020,40,1,1,0,1,RAINING,WET,FALSE,RAN OFF ROADWAY (1 VEHICLE WITH/EARTH EMBANKMENT/DITCH),SINGLE VEHICLE,STRAIGHT & HILLCREST,DARK-HWY NOT LIGHTED,3,B,087-KY-0011  -000
27326786,MT. STERLING POLICE DEPARTMENT,MONTGOMERY,US0460,,MAYSVILLE,ST,38.07557021,-83.94877709,8.184,10/12/2020,1259,2,2,0,2,CLEAR,DRY,FALSE,OPPOSING LEFT TURN,OPPOSING LEFT TURN,STRAIGHT & LEVEL,DAYLIGHT,4,C,087-US-0460  -000
27331106,MONTGOMERY CTY SHERIFF DEPT,MONTGOMERY,KY0713,,SPENCER,PIKE,38.02658446,-83.80679278,14.792,10/8/2020,814,1,1,0,0,CLEAR,DRY,FALSE,RAN OFF ROADWAY (1 VEHICLE WITH/EARTH EMBANKMENT/DITCH),SINGLE VEHICLE,STRAIGHT & LEVEL,DAYLIGHT,5,O,087-KY-0713  -000
27331111,MONTGOMERY CTY SHERIFF DEPT,MONTGOMERY,US0060,801,OWINGSVILLE,RD,38.0627042,-83.93103603,5.927,10/10/2020,1204,1,1,0,0,RAINING,WET,FALSE,COLLISION WITH FIXED OBJECT NON - INTERSECTION - FIRST EVENT COLLISION 09 - 32 EXCLUDING 16,SINGLE VEHICLE,STRAIGHT & LEVEL,DAWN,5,O,087-US-0060  -000
27331382,MONTGOMERY CTY SHERIFF DEPT,MONTGOMERY,,,ASHGROVE,DR,38.04471402,-83.95130392,0.29,10/13/2020,1356,2,2,0,0,CLEAR,DRY,TRUE,REAR END IN TRAFFIC LANES BOTH VEHICLES MOVING,REAR END,STRAIGHT & LEVEL,DAYLIGHT,5,O,087-CR-1307A -000
27332090,MT. STERLING POLICE DEPARTMENT,MONTGOMERY,KY0686,,INDIAN MOUND,DR,38.05989577,-83.95516808,1.258,10/13/2020,1822,2,2,0,0,CLEAR,DRY,FALSE,1 VEHICLE ENTERING/LEAVING ENTRANCE,ANGLE,STRAIGHT & LEVEL,DAYLIGHT,5,O,087-KY-0686  -000
27335956,MONTGOMERY CTY SHERIFF DEPT,MONTGOMERY,,,OLD OWINGSVILLE,RD,38.07147255,-83.91692096,1.085,10/11/2020,1243,2,2,0,0,RAINING,WET,FALSE,OTHER INTERSECTION COLLISIONS,REAR END,STRAIGHT & LEVEL,DAYLIGHT,5,O,087-CR-1029  -000
27348217,MT. STERLING POLICE DEPARTMENT,MONTGOMERY,KY0713,513,LOCUST,ST,38.05753524,-83.93153221,6.869,10/17/2020,1316,2,2,0,0,CLEAR,DRY,FALSE,1 VEHICLE PARKED POSITION (NOT PARKING LOT/DRIVEWAY),ANGLE,STRAIGHT & HILLCREST,DAYLIGHT,5,O,087-KY-0713  -000
27348219,MT. STERLING POLICE DEPARTMENT,MONTGOMERY,,208,CLAY,ST,38.05852236,-83.94661698,0.149,10/18/2020,932,2,2,0,0,CLEAR,DRY,FALSE,1 VEHICLE PARKED POSITION (NOT PARKING LOT/DRIVEWAY),BACKING,STRAIGHT & LEVEL,DAYLIGHT,5,O,087-CR-1110  -000
27354318,MONTGOMERY CTY SHERIFF DEPT,MONTGOMERY,,,WELCH,RD,37.96920851,-83.8592532,0.091,10/13/2020,1626,2,2,0,0,CLEAR,DRY,FALSE,1 VEHICLE ENTERING/LEAVING ENTRANCE,ANGLE,CURVE & LEVEL,DAYLIGHT,5,O,087-CR-1117  -000
27354322,MONTGOMERY CTY SHERIFF DEPT,MONTGOMERY,US0060,,OWINGSVILLE,RD,38.09138712,-83.89782174,8.868,8/28/2020,2226,2,2,0,0,CLOUDY,WET,FALSE,HEAD-ON COLLISION,HEAD ON,STRAIGHT & LEVEL,DARK-HWY LIGHTED/ON,5,O,087-US-0060  -000
27354325,MONTGOMERY CTY SHERIFF DEPT,MONTGOMERY,US0460,4004,CAMARGO,RD,38.00255567,-83.90091155,14.068,9/30/2020,2116,2,2,0,0,CLEAR,DRY,FALSE,HEAD-ON COLLISION,HEAD ON,STRAIGHT & HILLCREST,DARK-HWY NOT LIGHTED,5,O,087-US-0460  -000
27354327,MONTGOMERY CTY SHERIFF DEPT,MONTGOMERY,US0060,,WINCHESTER,RD,38.04741875,-83.98045142,2.904,10/7/2020,1719,2,2,0,1,CLEAR,DRY,FALSE,SIDESWIPE-SAME DIRECTION,SIDESWIPE-SAME DIRECTION,STRAIGHT & LEVEL,DAYLIGHT,4,C,087-US-0060  -000
27354328,MONTGOMERY CTY SHERIFF DEPT,MONTGOMERY,KY0011,2650,LEVEE,RD,38.01728197,-83.95014902,7.606,9/30/2020,1714,2,2,0,0,CLEAR,DRY,FALSE,REAR END IN TRAFFIC LANES BOTH VEHICLES MOVING,REAR END,STRAIGHT & LEVEL,DAYLIGHT,5,O,087-KY-0011  -000
27354337,MONTGOMERY CTY SHERIFF DEPT,MONTGOMERY,KY0713,,SPENCER,PIKE,38.05451504,-83.91681097,7.808,10/12/2020,1820,2,2,0,2,CLEAR,DRY,FALSE,ANGLE COLLISION - OTHER,ANGLE,STRAIGHT & LEVEL,DAYLIGHT,2,A,087-KY-0713  -000
27355692,MONTGOMERY CTY SHERIFF DEPT,MONTGOMERY,KY0686,,INDIAN MOUND,DR,38.05378153,-83.95624403,1.661,10/14/2020,1704,2,2,0,0,CLEAR,DRY,FALSE,OTHER INTERSECTION COLLISIONS,REAR END,STRAIGHT & LEVEL,DAYLIGHT,5,O,087-KY-0686  -000
27355697,MONTGOMERY CTY SHERIFF DEPT,MONTGOMERY,KY0686,,INDIAN MOUND,DR,38.05823533,-83.95609213,1.351,10/9/2020,1548,2,2,0,0,CLEAR,DRY,FALSE,OTHER ROADWAY OR MID-BLOCK COLLISION,REAR END,STRAIGHT & LEVEL,DAYLIGHT,5,O,087-KY-0686  -000
27357235,MT. STERLING POLICE DEPARTMENT,MONTGOMERY,KY0686,,INDIAN MOUND,DR,38.0411997,-83.94816008,2.768,10/6/2020,840,2,2,0,0,CLEAR,DRY,FALSE,1 VEHICLE ENTERING/LEAVING ENTRANCE,ANGLE,STRAIGHT & LEVEL,DAYLIGHT,5,O,087-KY-0686  -000
27357249,MT. STERLING POLICE DEPARTMENT,MONTGOMERY,KY0686,,INDIAN MOUND,DR,38.04919595,-83.9564796,1.978,10/20/2020,949,2,2,0,3,RAINING,WET,FALSE,1 VEHICLE ENTERING/LEAVING ENTRANCE,ANGLE,STRAIGHT & LEVEL,DAYLIGHT,3,B,087-KY-0686  -000
27359136,MONTGOMERY CTY SHERIFF DEPT,MONTGOMERY,KY0011,,LEVEE,RD,38.0148719,-83.9501572,7.439,9/28/2020,1641,2,2,0,0,RAINING,WET,FALSE,1 VEHICLE ENTERING/LEAVING ENTRANCE,ANGLE,STRAIGHT & LEVEL,DAYLIGHT,5,O,087-KY-0011  -000
27363628,"KY STATE POLICE, POST 08",MONTGOMERY,US0060,,MAIN,ST,38.05640489,-83.94207129,5.128,10/17/2020,911,2,2,0,0,CLEAR,DRY,FALSE,1 VEHICLE ENTERING/LEAVING ENTRANCE,ANGLE,STRAIGHT & GRADE,DAYLIGHT,5,O,087-US-0060  -000
27363750,MONTGOMERY CTY SHERIFF DEPT,MONTGOMERY,KY0537,,BUNKER HILL,RD,38.13924634,-83.99104304,2.182,10/10/2020,1952,1,1,0,1,RAINING,WET,FALSE,RAN OFF ROADWAY (1 VEHICLE WITH/EARTH EMBANKMENT/DITCH),SINGLE VEHICLE,CURVE & LEVEL,DARK-HWY NOT LIGHTED,4,C,087-KY-0537  -000
27366134,MT. STERLING POLICE DEPARTMENT,MONTGOMERY,,,DARLEY,CRK,38.05016211,-83.95367752,0.008,10/20/2020,1809,3,3,0,0,CLOUDY,DRY,TRUE,,HEAD ON,STRAIGHT & LEVEL,DAYLIGHT,5,O,087-CS-1151  -000
27366136,MT. STERLING POLICE DEPARTMENT,MONTGOMERY,US0460,,MAYSVILLE,ST,38.07558233,-83.94869383,8.18,10/18/2020,1613,2,2,0,0,CLOUDY,DRY,FALSE,1 VEHICLE ENTERING/LEAVING ENTRANCE,ANGLE,STRAIGHT & LEVEL,DAYLIGHT,5,O,087-US-0460  -000
27370601,MT. STERLING POLICE DEPARTMENT,MONTGOMERY,US0060,,MAIN,ST,38.05467646,-83.9476818,4.801,10/23/2020,1316,1,1,0,0,CLEAR,DRY,FALSE,COLLISION WITH FIXED OBJECT IN INTERSECTION - FIRST EVENT COLLISION 09 - 32,SINGLE VEHICLE,CURVE & HILLCREST,DAYLIGHT,5,O,087-US-0060  -000
27373300,MONTGOMERY CTY SHERIFF DEPT,MONTGOMERY,US0460,8625,MAIN,ST,37.9724471,-83.83896823,18.118,10/15/2020,1452,2,2,0,1,CLEAR,DRY,FALSE,SIDESWIPE COLLISION - SAME DIRECTION,SIDESWIPE-SAME DIRECTION,STRAIGHT & LEVEL,DAYLIGHT,3,B,087-US-0460  -000
27373303,MONTGOMERY CTY SHERIFF DEPT,MONTGOMERY,US0460,,MAIN,ST,37.9631861,-83.80121057,20.297,10/19/2020,1414,2,2,0,0,RAINING,WET,FALSE,REAR END IN TRAFFIC LANES BOTH VEHICLES MOVING,REAR END,STRAIGHT & GRADE,DAYLIGHT,5,O,087-US-0460  -000
27379884,MT. STERLING POLICE DEPARTMENT,MONTGOMERY,,,CARDINAL,LN,38.06796589,-83.94400871,0.107,10/20/2020,1240,1,1,0,0,CLOUDY,DRY,FALSE,OTHER COLLISIONS ON SHOULDER,SINGLE VEHICLE,STRAIGHT & LEVEL,DAYLIGHT,5,O,087-CS-1101  -000
27379886,MT. STERLING POLICE DEPARTMENT,MONTGOMERY,KY0713,,QUEEN,ST,38.0570625,-83.93910589,6.387,10/26/2020,1557,2,2,0,0,CLEAR,DRY,FALSE,SIDESWIPE COLLISION - SAME DIRECTION,SIDESWIPE-SAME DIRECTION,STRAIGHT & LEVEL,DAYLIGHT,5,O,087-KY-0713  -000
27384920,MT. STERLING POLICE DEPARTMENT,MONTGOMERY,US0460,,MAYSVILLE,ST,38.06393142,-83.94474237,9.017,10/26/2020,1844,1,1,0,0,CLOUDY,DRY,FALSE,,SINGLE VEHICLE,STRAIGHT & GRADE,DUSK,5,O,087-US-0460  -000
27390136,MT. STERLING POLICE DEPARTMENT,MONTGOMERY,KY0686,,INDIAN MOUND,DR,38.05383072,-83.95649067,1.656,10/16/2020,1836,2,2,0,0,CLEAR,DRY,FALSE,OTHER INTERSECTION COLLISIONS,REAR END,STRAIGHT & LEVEL,DAYLIGHT,5,O,087-KY-0686  -000
27395988,MONTGOMERY CTY SHERIFF DEPT,MONTGOMERY,KY1991,1037,HINKSTON,PIKE,38.07339631,-83.93515145,0.844,10/21/2020,1009,1,1,0,0,CLEAR,DRY,FALSE,RAN OFF ROADWAY (1 VEHICLE WITH/EARTH EMBANKMENT/DITCH),SINGLE VEHICLE,CURVE & GRADE,DAYLIGHT,5,O,087-KY-1991  -000
27395990,MONTGOMERY CTY SHERIFF DEPT,MONTGOMERY,US0460,,CAMARGO,RD,38.00017473,-83.89814486,14.296,10/23/2020,942,2,2,0,2,CLEAR,DRY,FALSE,SIDESWIPE COLLISION - OPPOSITE DIRECTION,SIDESWIPE-OPPOSITE DIRECTION,STRAIGHT & LEVEL,DAYLIGHT,3,B,087-US-0460  -000
27395993,MONTGOMERY CTY SHERIFF DEPT,MONTGOMERY,,,GATEWAY,AVE,38.00078899,-83.89941354,0.023,10/27/2020,732,2,2,0,0,CLOUDY,DRY,FALSE,1 VEHICLE ENTERING/LEAVING ENTRANCE,ANGLE,STRAIGHT & LEVEL,DARK-HWY NOT LIGHTED,5,O,087-PR-1094  -000
27397246,MT. STERLING POLICE DEPARTMENT,MONTGOMERY,KY0011,,LEVEE,RD,38.04105223,-83.94794897,9.233,10/23/2020,1540,2,2,0,0,CLEAR,DRY,TRUE,ANGLE COLLISION - OTHER,ANGLE,STRAIGHT & LEVEL,DAYLIGHT,5,O,087-KY-0011  -000
27410792,MONTGOMERY CTY SHERIFF DEPT,MONTGOMERY,KY0646,,NEST EGG,RD,37.96714321,-83.94602784,5.135,10/10/2020,1830,2,2,0,0,CLOUDY,WET,FALSE,SIDESWIPE COLLISION - OPPOSITE DIRECTION,SIDESWIPE-OPPOSITE DIRECTION,CURVE & GRADE,DAYLIGHT,5,O,087-KY-0646  -000
27410794,MONTGOMERY CTY SHERIFF DEPT,MONTGOMERY,KY0011,3824,LEVEE,RD,38.00323814,-83.94178876,6.444,10/16/2020,1636,1,1,0,0,CLEAR,DRY,FALSE,COLLISION WITH FIXED OBJECT NON - INTERSECTION - FIRST EVENT COLLISION 09 - 32 EXCLUDING 16,SINGLE VEHICLE,STRAIGHT & LEVEL,DAYLIGHT,5,O,087-KY-0011  -000
27412184,MT. STERLING POLICE DEPARTMENT,MONTGOMERY,,,HIGH,ST,38.05824292,-83.93952064,0.168,11/3/2020,1707,2,1,0,0,CLEAR,DRY,FALSE,COLLISION WITH PEDESTRIAN IN INTERSECTION,SINGLE VEHICLE,STRAIGHT & HILLCREST,DAYLIGHT,5,O,087-CS-1052  -000
27416947,MT. STERLING POLICE DEPARTMENT,MONTGOMERY,US0460,,MAYSVILLE,RD,38.0766571,-83.94920822,8.072,11/2/2020,1508,2,2,0,0,CLEAR,DRY,FALSE,REAR END IN TRAFFIC LANES BOTH VEHICLES MOVING,REAR END,STRAIGHT & LEVEL,DAYLIGHT,5,O,087-US-0460  -000
27417626,MT. STERLING POLICE DEPARTMENT,MONTGOMERY,US0460,,MAYSVILLE,ST,38.07555096,-83.94884093,8.18,10/29/2020,1550,2,2,0,0,CLEAR,DRY,FALSE,OTHER INTERSECTION COLLISIONS,REAR END,STRAIGHT & LEVEL,DAYLIGHT,5,O,087-US-0460  -000
27421954,MT. STERLING POLICE DEPARTMENT,MONTGOMERY,KY0686,499,INDIAN MOUND,DR,38.06732436,-83.95544873,0.719,11/5/2020,1111,2,2,0,0,CLEAR,DRY,FALSE,1 VEHICLE ENTERING/LEAVING ENTRANCE,ANGLE,STRAIGHT & LEVEL,DAYLIGHT,5,O,087-KY-0686  -000
27422372,MT. STERLING POLICE DEPARTMENT,MONTGOMERY,KY0686,,INDIAN MOUND,DR,38.06414257,-83.95529376,0.942,10/20/2020,1815,2,2,0,0,CLEAR,DRY,FALSE,REAR END IN TRAFFIC LANES BOTH VEHICLES MOVING,REAR END,STRAIGHT & LEVEL,DAYLIGHT,5,O,087-KY-0686  -000
27423852,MONTGOMERY CTY SHERIFF DEPT,MONTGOMERY,I 0064,,,,38.08932803,-83.89745272,0.191,10/29/2020,1630,2,2,0,0,CLOUDY,WET,FALSE,OTHER RAMP RELATED COLLISIONS NOT LISTED ABOVE,REAR END,STRAIGHT & GRADE,DAYLIGHT,5,O,087-CR-1042  -000
27424301,MONTGOMERY CTY SHERIFF DEPT,MONTGOMERY,KY0213,,BEDFORD,RD,38.01561028,-83.82528951,8.591,11/2/2020,1835,2,2,0,0,CLOUDY,DRY,FALSE,REAR END IN TRAFFIC LANES BOTH VEHICLES MOVING,REAR END,CURVE & GRADE,DARK-HWY NOT LIGHTED,5,O,087-KY-0213  -000
27424302,MONTGOMERY CTY SHERIFF DEPT,MONTGOMERY,US0460,,MAIN,ST,37.98404402,-83.87213829,16.163,11/3/2020,1801,1,1,0,0,CLEAR,DRY,FALSE,COLLISION WITH FIXED OBJECT NON - INTERSECTION - FIRST EVENT COLLISION 09 - 32 EXCLUDING 16,SINGLE VEHICLE,STRAIGHT & GRADE,DUSK,5,O,087-US-0460  -000
27431720,MT. STERLING POLICE DEPARTMENT,MONTGOMERY,US0060,,MAIN,ST,38.05708723,-83.93913446,5.296,11/2/2020,1801,2,2,0,0,CLEAR,DRY,TRUE,ANGLE COLLISION - OTHER,ANGLE,STRAIGHT & LEVEL,DARK-HWY LIGHTED/ON,5,O,087-US-0060  -000
27433220,MONTGOMERY CTY SHERIFF DEPT,MONTGOMERY,US0060,2513,WINCHESTER,RD,38.04690595,-83.98183076,2.816,10/30/2020,1150,1,1,0,1,CLOUDY,DRY,FALSE,OTHER COLLISIONS ON SHOULDER,SINGLE VEHICLE,CURVE & GRADE,DAYLIGHT,4,C,087-US-0060  -000
27434387,MONTGOMERY CTY SHERIFF DEPT,MONTGOMERY,US0460,,CAMARGO,RD,38.02339724,-83.91745323,12.318,11/4/2020,330,1,1,0,0,CLEAR,DRY,FALSE,COLLISION WITH ANIMAL NON INTERSECTION,SINGLE VEHICLE,STRAIGHT & HILLCREST,DARK-HWY NOT LIGHTED,5,O,087-US-0460  -000
27434388,MONTGOMERY CTY SHERIFF DEPT,MONTGOMERY,US0460,,CAMARGO,RD,38.02144493,-83.91531833,12.48,11/4/2020,342,1,1,0,0,CLEAR,DRY,FALSE,COLLISION WITH ANIMAL NON INTERSECTION,SINGLE VEHICLE,STRAIGHT & HILLCREST,DARK-HWY NOT LIGHTED,5,O,087-US-0460  -000
27434389,MONTGOMERY CTY SHERIFF DEPT,MONTGOMERY,US0460,7900,MAIN,ST,37.97646596,-83.8507616,17.448,10/14/2020,1303,2,2,0,0,CLEAR,DRY,FALSE,1 VEHICLE PARKED POSITION (NOT PARKING LOT/DRIVEWAY),BACKING,STRAIGHT & LEVEL,DAYLIGHT,5,O,087-US-0460  -000
27434391,MONTGOMERY CTY SHERIFF DEPT,MONTGOMERY,KY0646,,NEST EGG,RD,37.96729256,-83.94586334,5.086,11/5/2020,1039,1,1,0,0,CLEAR,DRY,FALSE,COLLISION WITH FIXED OBJECT NON - INTERSECTION - FIRST EVENT COLLISION 09 - 32 EXCLUDING 16,SINGLE VEHICLE,CURVE & LEVEL,DAYLIGHT,5,O,087-KY-0646  -000
27434396,MONTGOMERY CTY SHERIFF DEPT,MONTGOMERY,US0060,,WINCHESTER,RD,38.05119426,-83.9743774,3.311,11/8/2020,2204,1,1,0,0,CLEAR,DRY,FALSE,COLLISION WITH ANIMAL NON INTERSECTION,SINGLE VEHICLE,STRAIGHT & LEVEL,DARK-HWY NOT LIGHTED,5,O,087-US-0060  -000
27434397,MONTGOMERY CTY SHERIFF DEPT,MONTGOMERY,,5453,DONALDSON,RD,38.08664406,-84.04076783,1.264,10/9/2020,836,1,1,0,0,CLEAR,DRY,FALSE,COLLISION WITH FIXED OBJECT NON - INTERSECTION - FIRST EVENT COLLISION 09 - 32 EXCLUDING 16,SINGLE VEHICLE,STRAIGHT & GRADE,DAYLIGHT,5,O,087-CR-1322  -000
27436385,MT. STERLING POLICE DEPARTMENT,MONTGOMERY,US0060,118,MAIN,ST,38.05607848,-83.9436732,5.037,11/9/2020,928,2,2,0,0,CLEAR,DRY,FALSE,1 VEHICLE PARKED POSITION (NOT PARKING LOT/DRIVEWAY),ANGLE,STRAIGHT & LEVEL,DAYLIGHT,5,O,087-US-0060  -000
27436390,MT. STERLING POLICE DEPARTMENT,MONTGOMERY,KY0686,,INDIAN MOUND,DR,38.07058642,-83.95496875,0.491,11/2/2020,1630,2,1,0,1,CLEAR,DRY,TRUE,COLLISION WITH BICYCLIST NON INTERSECTION,SINGLE VEHICLE,STRAIGHT & LEVEL,DAYLIGHT,3,B,087-KY-0686  -000
27441881,MT. STERLING POLICE DEPARTMENT,MONTGOMERY,,,CLAY,ST,38.05838596,-83.94764286,0.257,11/10/2020,1609,2,2,0,0,CLEAR,DRY,FALSE,,ANGLE,STRAIGHT & LEVEL,DAYLIGHT,5,O,087-CR-1110  -000
27448722,MT. STERLING POLICE DEPARTMENT,MONTGOMERY,US0060,,MAIN,ST,38.05498853,-83.94753925,4.806,11/6/2020,1224,2,2,0,0,CLEAR,DRY,FALSE,OTHER INTERSECTION COLLISIONS,REAR END,CURVE & HILLCREST,DAYLIGHT,5,O,087-US-0060  -000
27456891,MT. STERLING POLICE DEPARTMENT,MONTGOMERY,US0460,,MAYSVILLE,ST,38.07452566,-83.94838029,8.253,11/14/2020,1025,2,2,0,0,CLEAR,DRY,FALSE,OTHER INTERSECTION COLLISIONS,REAR END,STRAIGHT & LEVEL,DAYLIGHT,5,O,087-US-0460  -000
27463029,MT. STERLING POLICE DEPARTMENT,MONTGOMERY,,107,SHORT,ST,38.04986981,-83.93891375,0.013,9/10/2020,0,2,2,0,0,OTHER,DRY,TRUE,1 VEHICLE PARKED POSITION (NOT PARKING LOT/DRIVEWAY),ANGLE,STRAIGHT & LEVEL,DARK-HWY LIGHTED/ON,5,O,087-CS-1004  -000
27463034,MT. STERLING POLICE DEPARTMENT,MONTGOMERY,US0460,,CAMARGO,RD,38.03556709,-83.93101554,11.186,11/5/2020,1511,2,2,0,0,CLEAR,DRY,FALSE,REAR END IN TRAFFIC LANES BOTH VEHICLES MOVING,REAR END,STRAIGHT & LEVEL,DAYLIGHT,5,O,087-US-0460  -000