IncidentID,AgencyName,County,RdwyNumber,Street,RoadwayName,StreetSfx,Latitude,Longitude,Milepoint,CollisionDate,CollisionTime,UnitsInvolved,MotorVehiclesInvolved,NumberKilled,NumberInjured,Weather,RdwyConditionCode,HitandRun,DirAnalysisCode,MannerofCollision,RdwyCharacter,LightCondition,KABCO Code,KABCO,RT_UNIQUE
27467845,MT. STERLING POLICE DEPARTMENT,MONTGOMERY,KY0686,,INDIAN MOUND,DR,38.04186444,-83.93435892,3.49,11/16/2020,947,2,2,0,1,CLEAR,DRY,FALSE,1 VEHICLE ENTERING/LEAVING ENTRANCE,ANGLE,STRAIGHT & LEVEL,DAYLIGHT,3,B,087-KY-0686  -000
27469120,MT. STERLING POLICE DEPARTMENT,MONTGOMERY,US0460,,MAYSVILLE,ST,38.07534989,-83.94878706,8.194,11/9/2020,1541,2,2,0,0,CLEAR,DRY,FALSE,,SIDESWIPE-SAME DIRECTION,STRAIGHT & LEVEL,DAYLIGHT,5,O,087-US-0460  -000
27472487,MT. STERLING POLICE DEPARTMENT,MONTGOMERY,US0460,,MAYSVILLE,RD,38.07697308,-83.94909456,8.072,11/16/2020,1927,2,2,0,0,CLEAR,DRY,FALSE,1 VEHICLE ENTERING/LEAVING ENTRANCE,ANGLE,STRAIGHT & LEVEL,DARK-HWY LIGHTED/ON,5,O,087-US-0460  -000
27473250,MT. STERLING POLICE DEPARTMENT,MONTGOMERY,,,HIGH,ST,38.05726658,-83.94381477,0.255,11/18/2020,1455,2,2,0,0,CLEAR,DRY,FALSE,ANGLE COLLISION - OTHER,ANGLE,STRAIGHT & HILLCREST,DAYLIGHT,5,O,087-CS-1052  -000
27487475,MT. STERLING POLICE DEPARTMENT,MONTGOMERY,,,HIGH,ST,38.05961015,-83.93336386,0.516,11/21/2020,1921,2,2,0,0,CLEAR,DRY,FALSE,REAR END IN TRAFFIC LANES BOTH VEHICLES MOVING,REAR END,STRAIGHT & LEVEL,DARK-HWY LIGHTED/ON,5,O,087-CS-1073  -000
27487749,MONTGOMERY CTY SHERIFF DEPT,MONTGOMERY,KY0646,,NEST EGG,RD,37.96949673,-83.93928384,4.724,11/11/2020,1255,1,1,0,0,CLOUDY,WET,FALSE,COLLISION WITH FIXED OBJECT NON - INTERSECTION - FIRST EVENT COLLISION 09 - 32 EXCLUDING 16,SINGLE VEHICLE,CURVE & LEVEL,DAYLIGHT,5,O,087-KY-0646  -000
27487757,MONTGOMERY CTY SHERIFF DEPT,MONTGOMERY,KY0646,,NEST EGG,RD,37.96485171,-83.95510235,5.765,11/11/2020,1140,2,1,0,0,CLOUDY,WET,FALSE,SIDESWIPE COLLISION - OPPOSITE DIRECTION,SIDESWIPE-OPPOSITE DIRECTION,CURVE & LEVEL,DAYLIGHT,5,O,087-KY-0646  -000
27491467,MT. STERLING POLICE DEPARTMENT,MONTGOMERY,KY0686,,INDIAN MOUND,DR,38.07359525,-83.9512834,0.168,11/22/2020,1820,2,2,0,0,RAINING,WET,FALSE,SIDESWIPE COLLISION - SAME DIRECTION,SIDESWIPE-SAME DIRECTION,STRAIGHT & LEVEL,DARK-HWY LIGHTED/ON,5,O,087-KY-0686  -000
27499775,MT. STERLING POLICE DEPARTMENT,MONTGOMERY,US0460,,MAYSVILLE,RD,38.07682499,-83.94932558,8.081,11/25/2020,1607,2,2,0,0,CLOUDY,WET,FALSE,ANGLE COLLISION - ONE VEHICLE TURNING RIGHT,ANGLE,STRAIGHT & LEVEL,DAYLIGHT,5,O,087-US-0460  -000
27500924,MONTGOMERY CTY SHERIFF DEPT,MONTGOMERY,,,OLD OWINGSVILLE,RD,38.07066696,-83.9213472,1.356,11/12/2020,1559,2,2,0,0,CLEAR,DRY,FALSE,ANGLE COLLISION - OTHER,ANGLE,STRAIGHT & GRADE,DAYLIGHT,5,O,087-CR-1029  -000
27500926,MONTGOMERY CTY SHERIFF DEPT,MONTGOMERY,US0460,,MAIN,ST,37.98069644,-83.86324183,16.703,11/12/2020,2242,1,1,0,0,CLEAR,DRY,FALSE,COLLISION WITH FIXED OBJECT NON - INTERSECTION - FIRST EVENT COLLISION 09 - 32 EXCLUDING 16,SINGLE VEHICLE,STRAIGHT & GRADE,DARK-HWY NOT LIGHTED,5,O,087-US-0460  -000
27500927,MONTGOMERY CTY SHERIFF DEPT,MONTGOMERY,,,OLD OWINGSVILLE,RD,38.06426513,-83.92790724,1.93,11/14/2020,1825,2,2,0,0,CLEAR,DRY,TRUE,OPPOSITE DIRECTION - BOTH VEHICLES GOING STRAIGHT AHEAD,SIDESWIPE-OPPOSITE DIRECTION,STRAIGHT & LEVEL,DARK-HWY NOT LIGHTED,5,O,087-CR-1029  -000
27500940,MONTGOMERY CTY SHERIFF DEPT,MONTGOMERY,US0460,8060,MAIN,ST,37.97574136,-83.84906246,17.542,11/6/2020,1309,2,2,0,1,CLEAR,DRY,FALSE,OTHER ROADWAY OR MID-BLOCK COLLISION,OPPOSING LEFT TURN,STRAIGHT & LEVEL,DAYLIGHT,4,C,087-US-0460  -000
27500943,MONTGOMERY CTY SHERIFF DEPT,MONTGOMERY,US0460,8220,MAIN,ST,37.97511777,-83.84703447,17.652,11/13/2020,905,2,2,0,1,CLEAR,DRY,FALSE,OTHER ROADWAY OR MID-BLOCK COLLISION,REAR END,STRAIGHT & LEVEL,DAYLIGHT,3,B,087-US-0460  -000
27501028,MONTGOMERY CTY SHERIFF DEPT,MONTGOMERY,KY0646,,KIDDVILLE,RD,37.99107767,-83.97545367,9.687,11/17/2020,2343,1,1,0,1,CLEAR,DRY,FALSE,RAN OFF ROADWAY (1 VEHICLE WITH/EARTH EMBANKMENT/DITCH),SINGLE VEHICLE,CURVE & LEVEL,DARK-HWY NOT LIGHTED,3,B,087-KY-0646  -000
27501032,MONTGOMERY CTY SHERIFF DEPT,MONTGOMERY,US0460,,PARIS,RD,38.12315634,-84.06039346,0.526,11/20/2020,747,1,1,0,0,CLEAR,DRY,FALSE,COLLISION WITH ANIMAL NON INTERSECTION,SINGLE VEHICLE,STRAIGHT & HILLCREST,DAYLIGHT,5,O,087-US-0460  -000
27501033,MONTGOMERY CTY SHERIFF DEPT,MONTGOMERY,KY0011,6899,LEVEE,RD,37.96296163,-83.93907454,3.493,11/20/2020,1701,1,1,0,0,CLEAR,DRY,FALSE,RAN OFF ROADWAY (1 VEHICLE WITH/EARTH EMBANKMENT/DITCH),SINGLE VEHICLE,STRAIGHT & LEVEL,DAYLIGHT,5,O,087-KY-0011  -000
27501035,MONTGOMERY CTY SHERIFF DEPT,MONTGOMERY,US0060,,OWINGSVILLE,RD,38.11772904,-83.88568143,10.922,11/20/2020,1826,1,1,0,0,CLEAR,DRY,FALSE,COLLISION WITH ANIMAL NON INTERSECTION,SINGLE VEHICLE,STRAIGHT & LEVEL,DARK-HWY NOT LIGHTED,5,O,087-US-0060  -000
27501043,MONTGOMERY CTY SHERIFF DEPT,MONTGOMERY,KY0713,,SPENCER,PIKE,38.05453219,-83.91667365,7.817,11/23/2020,1557,2,2,0,0,CLEAR,DRY,FALSE,ANGLE COLLISION - OTHER,ANGLE,STRAIGHT & LEVEL,DAYLIGHT,5,O,087-KY-0713  -000
27501044,MONTGOMERY CTY SHERIFF DEPT,MONTGOMERY,KY0011,,MAYSVILLE,RD,38.14446201,-83.9581107,14.032,11/23/2020,2252,1,1,0,0,CLEAR,DRY,FALSE,COLLISION WITH ANIMAL IN INTERSECTION,SINGLE VEHICLE,STRAIGHT & LEVEL,DARK-HWY NOT LIGHTED,5,O,087-KY-0011  -000
27501067,MONTGOMERY CTY SHERIFF DEPT,MONTGOMERY,US0460,11940,MAIN,ST,37.95554092,-83.78811088,21.214,11/24/2020,2222,1,1,0,0,CLEAR,DRY,FALSE,COLLISION WITH ANIMAL NON INTERSECTION,SINGLE VEHICLE,STRAIGHT & LEVEL,DARK-HWY NOT LIGHTED,5,O,087-US-0460  -000
27512769,MONTGOMERY CTY SHERIFF DEPT,MONTGOMERY,,175,TABOR,RD,37.9810949,-83.84193741,0.188,11/25/2020,1752,1,1,0,0,CLOUDY,DRY,FALSE,RAN OFF ROADWAY (1 VEHICLE WITH/EARTH EMBANKMENT/DITCH),SINGLE VEHICLE,STRAIGHT & LEVEL,DARK-HWY NOT LIGHTED,5,O,087-CR-1054  -000
27512776,MONTGOMERY CTY SHERIFF DEPT,MONTGOMERY,US0460,8480,MAIN,ST,37.97347699,-83.84182762,17.946,11/22/2020,1432,3,3,0,3,RAINING,WET,FALSE,COLLISION WITH FIXED OBJECT NON - INTERSECTION - FIRST EVENT COLLISION 09 - 32 EXCLUDING 16,HEAD ON,STRAIGHT & GRADE,DAYLIGHT,2,A,087-US-0460  -000
27512777,MONTGOMERY CTY SHERIFF DEPT,MONTGOMERY,KY0646,,NEST EGG,RD,37.96026402,-83.9660402,6.449,11/11/2020,1435,2,2,0,0,CLEAR,DRY,FALSE,ANGLE COLLISION - OTHER,ANGLE,STRAIGHT & HILLCREST,DAYLIGHT,5,O,087-KY-0646  -000
27512778,MONTGOMERY CTY SHERIFF DEPT,MONTGOMERY,US0060,1775,WINCHESTER,RD,38.05166136,-83.97361541,3.363,11/9/2020,1215,1,1,0,0,CLEAR,DRY,FALSE,RAN OFF ROADWAY (1 VEHICLE WITH/EARTH EMBANKMENT/DITCH),SINGLE VEHICLE,CURVE & GRADE,DAYLIGHT,5,O,087-US-0060  -000
27514506,MT. STERLING POLICE DEPARTMENT,MONTGOMERY,KY0686,,INDIAN MOUND,DR,38.06552394,-83.95524111,0.847,11/27/2020,2020,2,2,0,0,CLEAR,DRY,TRUE,SIDESWIPE COLLISION - SAME DIRECTION,SIDESWIPE-SAME DIRECTION,STRAIGHT & LEVEL,DARK-HWY LIGHTED/ON,5,O,087-KY-0686  -000
27521218,MT. STERLING POLICE DEPARTMENT,MONTGOMERY,KY0686,499,INDIAN MOUND,DR,38.06854025,-83.95542625,0.638,11/30/2020,2233,2,2,0,0,SNOWING,SNOW/SLUSH,TRUE,,ANGLE,STRAIGHT & LEVEL,DARK-HWY LIGHTED/ON,5,O,087-KY-0686  -000
27524888,MONTGOMERY CTY SHERIFF DEPT,MONTGOMERY,KY0713,,SPENCER,PIKE,38.03963537,-83.88868865,9.711,11/27/2020,1440,1,1,0,0,CLEAR,DRY,FALSE,COLLISION WITH FIXED OBJECT NON - INTERSECTION - FIRST EVENT COLLISION 09 - 32 EXCLUDING 16,SINGLE VEHICLE,CURVE & LEVEL,DAYLIGHT,5,O,087-KY-0713  -000
27524890,MONTGOMERY CTY SHERIFF DEPT,MONTGOMERY,,,OSBORNE,RD,38.07050472,-83.90686936,1.961,11/28/2020,2150,1,1,0,0,CLEAR,DRY,FALSE,COLLISION WITH ANIMAL NON INTERSECTION,SINGLE VEHICLE,STRAIGHT & LEVEL,DARK-HWY NOT LIGHTED,5,O,087-CR-1006  -000
27524895,MONTGOMERY CTY SHERIFF DEPT,MONTGOMERY,US0060,,OWINGSVILLE,RD,38.07492875,-83.91849316,7.173,11/26/2020,1546,3,3,0,0,CLEAR,DRY,FALSE,OTHER INTERSECTION COLLISIONS,REAR END,STRAIGHT & LEVEL,DAYLIGHT,5,O,087-US-0060  -000
27529568,MONTGOMERY CTY SHERIFF DEPT,MONTGOMERY,US0060,,WINCHESTER,RD,38.04742512,-83.98041764,2.902,11/23/2020,1639,2,2,0,0,CLOUDY,DRY,FALSE,REAR END - ONE VEHICLE TURNING LEFT,REAR END,STRAIGHT & LEVEL,DAYLIGHT,5,O,087-US-0060  -000
27529569,MONTGOMERY CTY SHERIFF DEPT,MONTGOMERY,US0460,,MAIN,ST,37.97725718,-83.85371025,17.275,11/30/2020,1512,2,2,0,0,RAINING,WET,FALSE,OTHER INTERSECTION COLLISIONS,REAR END,STRAIGHT & LEVEL,DAYLIGHT,5,O,087-US-0460  -000
27529571,MONTGOMERY CTY SHERIFF DEPT,MONTGOMERY,,,OLD OWINGSVILLE,RD,38.0692368,-83.92345136,1.504,11/30/2020,704,2,2,0,0,SNOWING,WET,FALSE,ANGLE COLLISION - OTHER,ANGLE,STRAIGHT & LEVEL,DAWN,5,O,087-CR-1029  -000
27530150,MT. STERLING POLICE DEPARTMENT,MONTGOMERY,US0460,,MAYSVILLE,ST,38.07424948,-83.94838058,8.269,11/12/2020,1231,2,2,0,0,CLEAR,DRY,FALSE,REAR END IN TRAFFIC LANES BOTH VEHICLES MOVING,REAR END,STRAIGHT & LEVEL,DAYLIGHT,5,O,087-US-0460  -000
27530153,MT. STERLING POLICE DEPARTMENT,MONTGOMERY,,,WELCH,RD,37.96557622,-83.86576825,0.51,12/2/2020,1411,2,2,0,0,CLEAR,DRY,FALSE,SIDESWIPE COLLISION - OPPOSITE DIRECTION,SIDESWIPE-OPPOSITE DIRECTION,STRAIGHT & LEVEL,DAYLIGHT,5,O,087-CR-1117  -000
27532571,MT. STERLING POLICE DEPARTMENT,MONTGOMERY,US0460,,MAYSVILLE,ST,38.07465797,-83.94858148,8.241,12/3/2020,1529,2,2,0,0,CLEAR,DRY,FALSE,REAR END IN TRAFFIC LANES BOTH VEHICLES MOVING,REAR END,STRAIGHT & LEVEL,DAYLIGHT,5,O,087-US-0460  -000
27541471,MONTGOMERY CTY SHERIFF DEPT,MONTGOMERY,US0060,,WINCHESTER,RD,38.04431016,-83.99269402,2.16,12/4/2020,1724,1,1,0,0,RAINING,WET,FALSE,COLLISION WITH ANIMAL NON INTERSECTION,SINGLE VEHICLE,STRAIGHT & GRADE,DARK-HWY NOT LIGHTED,5,O,087-US-0060  -000
27541472,MONTGOMERY CTY SHERIFF DEPT,MONTGOMERY,KY0713,1368,GRASSY LICK,RD,38.06388956,-83.96847796,4.984,12/4/2020,1652,1,1,0,0,RAINING,WATER (STANDING OR MOVING),FALSE,COLLISION WITH FIXED OBJECT NON - INTERSECTION - FIRST EVENT COLLISION 09 - 32 EXCLUDING 16,SINGLE VEHICLE,STRAIGHT & LEVEL,DAYLIGHT,5,O,087-KY-0713  -000
27541474,MONTGOMERY CTY SHERIFF DEPT,MONTGOMERY,,6670,OLD NEST EGG,RD,37.95653418,-83.9661658,0.26,12/5/2020,1114,1,1,0,1,CLOUDY,WET,FALSE,COLLISION WITH FIXED OBJECT NON - INTERSECTION - FIRST EVENT COLLISION 09 - 32 EXCLUDING 16,SINGLE VEHICLE,STRAIGHT & GRADE,DAYLIGHT,3,B,087-CR-1232  -000
27541476,MONTGOMERY CTY SHERIFF DEPT,MONTGOMERY,,,FICKLIN,RD,37.99174218,-83.86237337,0.5,11/4/2020,1355,1,1,0,0,CLEAR,DRY,TRUE,COLLISION WITH FIXED OBJECT NON - INTERSECTION - FIRST EVENT COLLISION 09 - 32 EXCLUDING 16,SINGLE VEHICLE,STRAIGHT & LEVEL,DAYLIGHT,5,O,087-CR-1122  -000
27541477,MONTGOMERY CTY SHERIFF DEPT,MONTGOMERY,,,OLD OWINGSVILLE,RD,38.07624905,-83.90741647,0.483,12/1/2020,857,1,1,0,0,CLEAR,ICE,FALSE,COLLISION WITH FIXED OBJECT NON - INTERSECTION - FIRST EVENT COLLISION 09 - 32 EXCLUDING 16,SINGLE VEHICLE,STRAIGHT & HILLCREST,DAYLIGHT,5,O,087-CR-1029  -000
27542695,MT. STERLING POLICE DEPARTMENT,MONTGOMERY,,106,AZALEA,CT,38.07144014,-83.94189923,0.05,12/6/2020,1636,1,1,0,0,CLEAR,DRY,FALSE,COLLISION WITH FIXED OBJECT NON - INTERSECTION - FIRST EVENT COLLISION 09 - 32 EXCLUDING 16,SINGLE VEHICLE,STRAIGHT & GRADE,DAYLIGHT,5,O,087-CS-1111  -000
27558781,MT. STERLING POLICE DEPARTMENT,MONTGOMERY,KY0686,,INDIAN MOUND,DR,38.04779208,-83.95652713,2.073,12/9/2020,1639,2,2,0,0,CLEAR,DRY,TRUE,,REAR END,STRAIGHT & LEVEL,DAYLIGHT,5,O,087-KY-0686  -000
27558798,MT. STERLING POLICE DEPARTMENT,MONTGOMERY,KY0011,,LEVEE,RD,38.04124769,-83.94793863,9.212,12/11/2020,1526,1,1,0,0,CLEAR,DRY,FALSE,COLLISION WITH FIXED OBJECT IN INTERSECTION - FIRST EVENT COLLISION 09 - 32,SINGLE VEHICLE,STRAIGHT & LEVEL,DAYLIGHT,5,O,087-KY-0011  -000
27558801,MT. STERLING POLICE DEPARTMENT,MONTGOMERY,US0460,,MAYSVILLE,ST,38.06544384,-83.94519616,8.906,12/12/2020,1055,3,3,0,0,RAINING,WET,FALSE,OTHER INTERSECTION COLLISIONS,REAR END,STRAIGHT & LEVEL,DAYLIGHT,5,O,087-US-0460  -000
27561430,MT. STERLING POLICE DEPARTMENT,MONTGOMERY,US0460,,MAYSVILLE,ST,38.07547103,-83.94863032,8.188,12/12/2020,1222,2,2,0,0,CLOUDY,WET,TRUE,SIDESWIPE COLLISION - SAME DIRECTION,SIDESWIPE-SAME DIRECTION,STRAIGHT & LEVEL,DAYLIGHT,5,O,087-US-0460  -000
27565140,MT. STERLING POLICE DEPARTMENT,MONTGOMERY,,499,WALMART,DR,38.06897013,-83.95589905,0.111,12/10/2020,1507,2,2,0,0,CLEAR,DRY,FALSE,OTHER ROADWAY OR MID-BLOCK COLLISION,REAR TO REAR,STRAIGHT & LEVEL,DAYLIGHT,5,O,087-PS-1020  -000
27568192,MONTGOMERY CTY SHERIFF DEPT,MONTGOMERY,,,FOGG,PIKE,38.03160621,-83.97611789,1.885,12/1/2020,931,1,1,0,0,SNOWING,SNOW/SLUSH,FALSE,RAN OFF ROADWAY (1 VEHICLE WITH/EARTH EMBANKMENT/DITCH),SINGLE VEHICLE,STRAIGHT & GRADE,DAYLIGHT,5,O,087-CR-1227  -000
27568200,MONTGOMERY CTY SHERIFF DEPT,MONTGOMERY,US0460,10830,MAIN,ST,37.96316819,-83.80119125,20.299,12/12/2020,1610,1,1,0,1,CLOUDY,WET,FALSE,RAN OFF ROADWAY (1 VEHICLE WITH/EARTH EMBANKMENT/DITCH),SINGLE VEHICLE,CURVE & GRADE,DAYLIGHT,4,C,087-US-0460  -000
27569622,MT. STERLING POLICE DEPARTMENT,MONTGOMERY,,,SYCAMORE,ST,38.06207435,-83.94746396,0.072,12/4/2020,702,2,2,0,0,RAINING,WET,TRUE,SIDESWIPE COLLISION - SAME DIRECTION,SIDESWIPE-SAME DIRECTION,STRAIGHT & LEVEL,DARK-HWY LIGHTED/ON,5,O,087-CS-1054  -000
27569626,MT. STERLING POLICE DEPARTMENT,MONTGOMERY,KY0713,14,QUEEN,ST,38.05652765,-83.93892619,6.422,12/7/2020,923,2,2,0,0,CLEAR,DRY,FALSE,SIDESWIPE COLLISION - SAME DIRECTION,SIDESWIPE-SAME DIRECTION,STRAIGHT & LEVEL,DAYLIGHT,5,O,087-KY-0713  -000
27569627,MT. STERLING POLICE DEPARTMENT,MONTGOMERY,US0460,,MAYSVILLE,RD,38.07898816,-83.94980512,7.821,11/25/2020,1150,2,2,0,0,RAINING,WET,FALSE,REAR END IN TRAFFIC LANES BOTH VEHICLES MOVING,REAR END,STRAIGHT & HILLCREST,DAYLIGHT,5,O,087-US-0460  -000
27572330,MONTGOMERY CTY SHERIFF DEPT,MONTGOMERY,,,OLD OWINGSVILLE,RD,38.070669,-83.92134843,1.356,11/12/2020,1655,2,2,0,0,CLEAR,DRY,FALSE,COLLISION WITH PARKED VEHICLE,ANGLE,STRAIGHT & GRADE,DAYLIGHT,5,O,087-CR-1029  -000
27583686,MT. STERLING POLICE DEPARTMENT,MONTGOMERY,US0060,,WINCHESTER,RD,38.05372478,-83.95773072,4.182,12/12/2020,1158,1,1,0,0,RAINING,WET,FALSE,OTHER ROADWAY OR MID-BLOCK COLLISION,SINGLE VEHICLE,STRAIGHT & LEVEL,DAYLIGHT,5,O,087-US-0060  -000
27583688,MT. STERLING POLICE DEPARTMENT,MONTGOMERY,KY0011,,LEVEE,RD,38.04187798,-83.9476632,9.208,12/12/2020,1443,2,2,0,0,CLEAR,DRY,FALSE,REAR END IN TRAFFIC LANES BOTH VEHICLES MOVING,REAR END,STRAIGHT & LEVEL,DAYLIGHT,5,O,087-KY-0011  -000
27583689,MT. STERLING POLICE DEPARTMENT,MONTGOMERY,US0460,,MAYSVILLE,RD,38.0788748,-83.94963972,7.964,12/18/2020,1034,2,2,0,0,CLEAR,DRY,FALSE,OTHER ROADWAY OR MID-BLOCK COLLISION,REAR END,STRAIGHT & LEVEL,DAYLIGHT,5,O,087-US-0460  -000
27583690,MT. STERLING POLICE DEPARTMENT,MONTGOMERY,US0060,,MAIN,ST,38.05961965,-83.93332791,5.673,12/18/2020,1547,2,2,0,0,CLEAR,DRY,FALSE,ANGLE COLLISION - OTHER,ANGLE,STRAIGHT & LEVEL,DAYLIGHT,5,O,087-US-0060  -000
27585581,"KY STATE POLICE, POST 08",MONTGOMERY,US0060,,OWINGSVILLE,RD,38.08937092,-83.89810204,8.719,12/16/2020,1333,2,2,0,0,RAINING,WET,FALSE,1 VEHICLE ENTERING/LEAVING ENTRANCE,ANGLE,STRAIGHT & LEVEL,DAYLIGHT,5,O,087-US-0060  -000
27591821,MT. STERLING POLICE DEPARTMENT,MONTGOMERY,KY0686,499,INDIAN MOUND,DR,38.06742615,-83.95521247,0.708,12/19/2020,1355,2,2,0,0,CLOUDY,DRY,FALSE,SIDESWIPE COLLISION - SAME DIRECTION,SIDESWIPE-SAME DIRECTION,STRAIGHT & LEVEL,DAYLIGHT,5,O,087-KY-0686  -000
27595398,MT. STERLING POLICE DEPARTMENT,MONTGOMERY,US0460,,MAYSVILLE,ST,38.05758043,-83.94247596,9.483,12/21/2020,1820,2,2,0,0,CLEAR,DRY,FALSE,OTHER INTERSECTION COLLISIONS,REAR END,STRAIGHT & LEVEL,DARK-HWY LIGHTED/ON,5,O,087-US-0460  -000
27597461,MONTGOMERY CTY SHERIFF DEPT,MONTGOMERY,US0060,,OWINGSVILLE,RD,38.12743999,-83.87642033,11.854,12/17/2020,407,2,2,0,1,CLEAR,WET,FALSE,SIDESWIPE COLLISION - OPPOSITE DIRECTION,SIDESWIPE-OPPOSITE DIRECTION,STRAIGHT & LEVEL,DARK-HWY NOT LIGHTED,3,B,087-US-0060  -000
27597462,MONTGOMERY CTY SHERIFF DEPT,MONTGOMERY,US0060,,OWINGSVILLE,RD,38.08688004,-83.89927543,8.544,12/20/2020,1704,2,2,0,0,CLOUDY,WET,FALSE,OTHER INTERSECTION COLLISIONS,REAR END,STRAIGHT & LEVEL,DAYLIGHT,5,O,087-US-0060  -000
27597470,MONTGOMERY CTY SHERIFF DEPT,MONTGOMERY,US0060,,OWINGSVILLE,RD,38.08599531,-83.89972203,8.479,12/18/2020,816,1,1,0,0,CLOUDY,DRY,FALSE,RAN OFF ROADWAY (1 VEHICLE WITH/EARTH EMBANKMENT/DITCH),SINGLE VEHICLE,STRAIGHT & LEVEL,DAYLIGHT,5,O,087-US-0060  -000
27597471,MONTGOMERY CTY SHERIFF DEPT,MONTGOMERY,KY1331,,OLD OWINGSVILLE,RD,38.08286825,-83.90133916,0.01,12/21/2020,1701,2,2,0,0,CLEAR,DRY,FALSE,OTHER INTERSECTION COLLISIONS,REAR END,STRAIGHT & LEVEL,DAYLIGHT,5,O,087-KY-1331  -000
27599674,MT. STERLING POLICE DEPARTMENT,MONTGOMERY,,,PATSY,WAY,38.07100267,-83.95499423,0.007,12/23/2020,1124,2,2,0,3,CLEAR,DRY,FALSE,ANGLE COLLISION - OTHER,ANGLE,STRAIGHT & LEVEL,DAYLIGHT,4,C,087-CS-1500  -000
27603285,MT. STERLING POLICE DEPARTMENT,MONTGOMERY,,,COMMONWEALTH,DR,38.06734679,-83.95543031,0.001,12/25/2020,1035,2,2,0,0,CLOUDY,SNOW/SLUSH,FALSE,ANGLE COLLISION - OTHER,ANGLE,STRAIGHT & LEVEL,DAYLIGHT,5,O,087-CS-1181  -000
27604154,MT. STERLING POLICE DEPARTMENT,MONTGOMERY,,210,LARKIN BAY,,38.04957236,-83.9528905,0.036,11/10/2020,430,2,2,0,0,CLEAR,DRY,FALSE,1 VEHICLE PARKED POSITION (NOT PARKING LOT/DRIVEWAY),ANGLE,STRAIGHT & LEVEL,DARK-HWY LIGHTED/ON,5,O,087-CS-1152  -000
27608727,"KY STATE POLICE, POST 08",MONTGOMERY,US0460,,CAMARGO,RD,37.98857881,-83.87698282,15.749,12/21/2020,1950,2,2,0,0,CLEAR,DRY,FALSE,HEAD-ON COLLISION,HEAD ON,STRAIGHT & LEVEL,DARK-HWY NOT LIGHTED,5,O,087-US-0460  -000
27616697,MONTGOMERY CTY SHERIFF DEPT,MONTGOMERY,US0460,,MAIN,ST,37.96380242,-83.80627182,19.955,12/24/2020,619,1,1,0,0,RAINING,WET,FALSE,RAN OFF ROADWAY (1 VEHICLE WITH/EARTH EMBANKMENT/DITCH),SINGLE VEHICLE,STRAIGHT & GRADE,DARK-HWY NOT LIGHTED,5,O,087-US-0460  -000
27616700,MONTGOMERY CTY SHERIFF DEPT,MONTGOMERY,KY0011,,LEVEE,RD,37.92285891,-83.9129373,0.25,12/18/2020,1459,1,1,0,0,CLOUDY,DRY,FALSE,RAN OFF ROADWAY (1 VEHICLE WITH/EARTH EMBANKMENT/DITCH),SINGLE VEHICLE,CURVE & LEVEL,DAYLIGHT,5,O,087-CS-2003  -000
27616701,MONTGOMERY CTY SHERIFF DEPT,MONTGOMERY,US0460,,CAMARGO,RD,38.00156639,-83.89974441,14.163,11/20/2020,1258,2,2,0,0,CLEAR,DRY,FALSE,SIDESWIPE COLLISION - OPPOSITE DIRECTION,SIDESWIPE-OPPOSITE DIRECTION,STRAIGHT & GRADE,DAYLIGHT,5,O,087-US-0460  -000
27616705,MONTGOMERY CTY SHERIFF DEPT,MONTGOMERY,KY0713,,GRASSY LICK,RD,38.07757924,-84.00547195,2.6,12/24/2020,1718,1,1,0,0,SNOWING,SNOW/SLUSH,FALSE,COLLISION WITH FIXED OBJECT NON - INTERSECTION - FIRST EVENT COLLISION 09 - 32 EXCLUDING 16,SINGLE VEHICLE,STRAIGHT & GRADE,DARK-HWY NOT LIGHTED,5,O,087-KY-0713  -000
27617197,MT. STERLING POLICE DEPARTMENT,MONTGOMERY,,28,WHITE,AVE,38.05659716,-83.95289445,0.199,12/26/2020,944,2,2,0,0,CLEAR,SNOW/SLUSH,FALSE,SIDESWIPE COLLISION - OPPOSITE DIRECTION,SIDESWIPE-OPPOSITE DIRECTION,STRAIGHT & GRADE,DAYLIGHT,5,O,087-CS-1045  -000
27632805,MONTGOMERY CTY SHERIFF DEPT,MONTGOMERY,,160,BRISTOL,LN,38.07509536,-83.8942843,0.361,12/21/2020,1546,2,2,0,0,CLEAR,DRY,FALSE,1 VEHICLE PARKED POSITION (NOT PARKING LOT/DRIVEWAY),SIDESWIPE-SAME DIRECTION,STRAIGHT & LEVEL,DAYLIGHT,5,O,087-CR-1017  -000
27632808,MONTGOMERY CTY SHERIFF DEPT,MONTGOMERY,,1012,TWIN OAKS,BLVD,38.09928065,-83.91873648,0.083,12/25/2020,1802,2,2,0,0,CLOUDY,ICE,FALSE,1 VEHICLE PARKED POSITION (NOT PARKING LOT/DRIVEWAY),ANGLE,STRAIGHT & GRADE,DARK-HWY NOT LIGHTED,5,O,087-CR-1034  -000
27632815,MONTGOMERY CTY SHERIFF DEPT,MONTGOMERY,KY0011,,MAYSVILLE,RD,38.13000438,-83.95874625,12.976,12/24/2020,1630,1,1,0,0,SNOWING,SNOW/SLUSH,FALSE,COLLISION WITH FIXED OBJECT IN INTERSECTION - FIRST EVENT COLLISION 09 - 32,SINGLE VEHICLE,STRAIGHT & LEVEL,DAYLIGHT,5,O,087-KY-0011  -000