IncidentID,AgencyName,County,RdwyNumber,Street,RoadwayName,StreetSfx,Latitude,Longitude,Milepoint,CollisionDate,CollisionTime,UnitsInvolved,MotorVehiclesInvolved,NumberKilled,NumberInjured,Weather,RdwyConditionCode,HitandRun,DirAnalysisCode,MannerofCollision,RdwyCharacter,LightCondition,KABCO Code,KABCO,RT_UNIQUE
27803094,MONTGOMERY CTY SHERIFF DEPT,MONTGOMERY,,610,DOE RUN,DR,38.07342791,-83.92006173,0.181,2/14/2021,2105,2,2,0,0,"SLEET, HAIL, FREEZING RAIN",WET,FALSE,1 VEHICLE PARKED POSITION (NOT PARKING LOT/DRIVEWAY),BACKING,STRAIGHT & LEVEL,DARK-HWY NOT LIGHTED,5,O,087-CR-1005K -000
27803095,MONTGOMERY CTY SHERIFF DEPT,MONTGOMERY,US0060,,WINCHESTER,RD,38.04558734,-83.98855626,2.416,2/11/2021,303,1,1,0,0,"SLEET, HAIL, FREEZING RAIN",ICE,FALSE,OTHER COLLISIONS ON SHOULDER,SINGLE VEHICLE,STRAIGHT & HILLCREST,DARK-HWY NOT LIGHTED,5,O,087-US-0060  -000
27803101,MONTGOMERY CTY SHERIFF DEPT,MONTGOMERY,US0460,,CAMARGO,RD,37.98870536,-83.87719537,15.735,2/14/2021,1500,2,2,0,0,CLOUDY,DRY,TRUE,1 VEHICLE ENTERING/LEAVING ENTRANCE,ANGLE,STRAIGHT & GRADE,DAYLIGHT,5,O,087-US-0460  -000
27805902,MT. STERLING POLICE DEPARTMENT,MONTGOMERY,,,EVANS,AVE,38.07550813,-83.94919491,0.009,2/19/2021,1653,2,2,0,0,CLEAR,DRY,TRUE,,ANGLE,STRAIGHT & LEVEL,DAYLIGHT,5,O,087-CS-1116  -000
27805903,MT. STERLING POLICE DEPARTMENT,MONTGOMERY,KY0686,,INDIAN MOUND,DR,38.07138203,-83.9549452,0.438,2/20/2021,2347,1,1,0,0,CLEAR,DRY,FALSE,COLLISION WITH ANIMAL NON INTERSECTION,SINGLE VEHICLE,STRAIGHT & LEVEL,DARK-HWY NOT LIGHTED,5,O,087-KY-0686  -000
27808598,MONTGOMERY CTY SHERIFF DEPT,MONTGOMERY,KY0646,,WILLOUGHBY TOWN,RD,37.9489966,-83.88521583,1.349,2/16/2021,1509,2,2,0,0,SNOWING,ICE,FALSE,ANGLE COLLISION - OTHER,ANGLE,STRAIGHT & GRADE,DAYLIGHT,5,O,087-KY-0646  -000
27808600,MONTGOMERY CTY SHERIFF DEPT,MONTGOMERY,KY0011,,LEVEE,RD,38.00733434,-83.94590392,6.804,2/17/2021,941,1,1,0,0,CLOUDY,WET,FALSE,COLLISION WITH FIXED OBJECT NON - INTERSECTION - FIRST EVENT COLLISION 09 - 32 EXCLUDING 16,SINGLE VEHICLE,STRAIGHT & LEVEL,DAYLIGHT,5,O,087-KY-0011  -000
27808605,MONTGOMERY CTY SHERIFF DEPT,MONTGOMERY,US0060,,OWINGSVILLE,RD,38.10966511,-83.89466924,10.155,2/17/2021,1109,1,1,0,0,CLOUDY,ICE,FALSE,RAN OFF ROADWAY (1 VEHICLE WITH/EARTH EMBANKMENT/DITCH),SINGLE VEHICLE,CURVE & GRADE,DAYLIGHT,5,O,087-US-0060  -000
27808608,MONTGOMERY CTY SHERIFF DEPT,MONTGOMERY,,,SCIENCE RIDGE,RD,37.97192582,-83.81797928,0.345,2/13/2021,800,2,2,0,0,"SLEET, HAIL, FREEZING RAIN",ICE,FALSE,ANGLE COLLISION - OTHER,ANGLE,STRAIGHT & HILLCREST,DAYLIGHT,5,O,087-CR-1107  -000
27809985,MT. STERLING POLICE DEPARTMENT,MONTGOMERY,US0460,,MAYSVILLE,RD,38.07885609,-83.94963572,7.961,2/17/2021,1009,2,2,0,0,CLEAR,SNOW/SLUSH,FALSE,1 VEHICLE ENTERING/LEAVING ENTRANCE,ANGLE,STRAIGHT & GRADE,DAYLIGHT,5,O,087-US-0460  -000
27809989,MT. STERLING POLICE DEPARTMENT,MONTGOMERY,KY0686,,INDIAN MOUND,DR,38.06733806,-83.95542082,0.721,2/22/2021,1317,2,2,0,0,CLOUDY,DRY,FALSE,ANGLE COLLISION - OTHER,ANGLE,STRAIGHT & LEVEL,DAYLIGHT,5,O,087-KY-0686  -000
27812156,MONTGOMERY CTY SHERIFF DEPT,MONTGOMERY,US0460,,CAMARGO,RD,38.03419715,-83.92975352,11.304,2/20/2021,1124,1,1,0,0,CLEAR,DRY,FALSE,OTHER ROADWAY OR MID-BLOCK COLLISION,SINGLE VEHICLE,STRAIGHT & LEVEL,DAYLIGHT,5,O,087-US-0460  -000
27812158,MONTGOMERY CTY SHERIFF DEPT,MONTGOMERY,US0460,,CAMARGO,RD,38.01763025,-83.91308777,12.795,2/20/2021,1619,2,2,0,0,CLEAR,DRY,FALSE,NON-COLLISION OBJECT COLLISION,REAR END,STRAIGHT & LEVEL,DAYLIGHT,5,O,087-US-0460  -000
27812159,MONTGOMERY CTY SHERIFF DEPT,MONTGOMERY,,143,BLUE SKY,DR,37.96875692,-83.8442291,0.131,2/17/2021,1649,1,1,0,0,CLEAR,ICE,FALSE,COLLISION WITH FIXED OBJECT NON - INTERSECTION - FIRST EVENT COLLISION 09 - 32 EXCLUDING 16,SINGLE VEHICLE,STRAIGHT & GRADE,DAYLIGHT,5,O,087-PR-1171  -000
27813261,MT. STERLING POLICE DEPARTMENT,MONTGOMERY,US0060,41,MAIN,ST,38.05663986,-83.94110131,5.183,2/23/2021,1826,2,2,0,0,CLEAR,DRY,TRUE,1 VEHICLE PARKED POSITION (NOT PARKING LOT/DRIVEWAY),SIDESWIPE-SAME DIRECTION,STRAIGHT & LEVEL,DAYLIGHT,5,O,087-US-0060  -000
27813262,MT. STERLING POLICE DEPARTMENT,MONTGOMERY,US0460,,MAYSVILLE,ST,38.07063432,-83.94693506,8.537,2/24/2021,1219,2,2,0,0,CLEAR,DRY,FALSE,OTHER INTERSECTION COLLISIONS,REAR END,STRAIGHT & GRADE,DAYLIGHT,5,O,087-US-0460  -000
27827730,MT. STERLING POLICE DEPARTMENT,MONTGOMERY,,103,COMMONWEALTH,DR,38.06734513,-83.95691519,0.081,2/27/2021,1520,1,1,0,0,CLEAR,DRY,FALSE,OTHER ROADWAY OR MID-BLOCK COLLISION,SINGLE VEHICLE,STRAIGHT & LEVEL,DAYLIGHT,5,O,087-CS-1181  -000
27830640,MT. STERLING POLICE DEPARTMENT,MONTGOMERY,US0060,,WINCHESTER,RD,38.05376619,-83.95654241,4.308,3/1/2021,909,2,2,0,0,CLOUDY,WET,FALSE,OTHER ROADWAY OR MID-BLOCK COLLISION,REAR END,STRAIGHT & LEVEL,DAYLIGHT,5,O,087-US-0060  -000
27834918,MT. STERLING POLICE DEPARTMENT,MONTGOMERY,KY0713,328,HIGH,ST,38.05723142,-83.94980094,6.143,2/28/2021,2235,1,1,0,0,RAINING,WET,TRUE,COLLISION WITH FIXED OBJECT NON - INTERSECTION - FIRST EVENT COLLISION 09 - 32 EXCLUDING 16,SINGLE VEHICLE,STRAIGHT & HILLCREST,DARK-HWY NOT LIGHTED,5,O,087-KY-0713  -000
27839550,MT. STERLING POLICE DEPARTMENT,MONTGOMERY,US0460,,MAYSVILLE,ST,38.05857638,-83.94275826,9.336,3/1/2021,1914,1,1,0,0,CLEAR,DRY,FALSE,COLLISION WITH FIXED OBJECT NON - INTERSECTION - FIRST EVENT COLLISION 09 - 32 EXCLUDING 16,SINGLE VEHICLE,STRAIGHT & LEVEL,DARK (UNKNOWN ROADWAY LIGHTING),5,O,087-US-0460  -000
27843628,MONTGOMERY CTY SHERIFF DEPT,MONTGOMERY,US0060,3060,OWINGSVILLE,RD,38.08634296,-83.898453,8.533,2/18/2021,2028,2,2,0,0,CLEAR,SNOW/SLUSH,FALSE,1 VEHICLE PARKED POSITION (NOT PARKING LOT/DRIVEWAY),BACKING,STRAIGHT & LEVEL,DARK-HWY LIGHTED/ON,5,O,087-US-0060  -000
27843635,MONTGOMERY CTY SHERIFF DEPT,MONTGOMERY,KY0011,4760,LEVEE,RD,37.97966996,-83.9395162,4.76,2/25/2021,1727,2,2,0,1,CLEAR,DRY,FALSE,SIDESWIPE COLLISION - OPPOSITE DIRECTION,SIDESWIPE-OPPOSITE DIRECTION,STRAIGHT & LEVEL,DAYLIGHT,3,B,087-KY-0011  -000
27843637,MONTGOMERY CTY SHERIFF DEPT,MONTGOMERY,US0460,10560,MAIN,ST,37.96401218,-83.8104084,19.787,2/25/2021,1046,1,1,0,0,CLEAR,DRY,FALSE,RAN OFF ROADWAY (1 VEHICLE WITH/EARTH EMBANKMENT/DITCH),SINGLE VEHICLE,STRAIGHT & LEVEL,DAYLIGHT,5,O,087-US-0460  -000
27843638,MONTGOMERY CTY SHERIFF DEPT,MONTGOMERY,KY0686,,INDIAN MOUND,DR,38.05796351,-83.95589178,1.353,2/15/2021,1323,2,2,0,0,"SLEET, HAIL, FREEZING RAIN",SNOW/SLUSH,FALSE,REAR END IN TRAFFIC LANES BOTH VEHICLES MOVING,REAR END,STRAIGHT & LEVEL,DAYLIGHT,5,O,087-KY-0686  -000
27843639,MONTGOMERY CTY SHERIFF DEPT,MONTGOMERY,,,STAG,CT,38.07313989,-83.91859006,0.042,2/15/2021,1432,2,2,0,0,"SLEET, HAIL, FREEZING RAIN",SNOW/SLUSH,FALSE,1 VEHICLE ENTERING/LEAVING ENTRANCE,ANGLE,STRAIGHT & LEVEL,DAYLIGHT,5,O,087-CR-1005M -000
27843646,MONTGOMERY CTY SHERIFF DEPT,MONTGOMERY,US0460,2665,PARIS,RD,38.09939322,-84.00217235,4.235,2/23/2021,321,1,1,0,0,CLOUDY,WET,FALSE,RAN OFF ROADWAY (1 VEHICLE WITH/EARTH EMBANKMENT/DITCH),SINGLE VEHICLE,CURVE & LEVEL,DARK-HWY NOT LIGHTED,5,O,087-US-0460  -000
27843652,MONTGOMERY CTY SHERIFF DEPT,MONTGOMERY,US0460,,PARIS,RD,38.10128987,-84.00903707,3.818,2/25/2021,2335,1,1,0,0,CLEAR,DRY,FALSE,COLLISION WITH ANIMAL NON INTERSECTION,SINGLE VEHICLE,STRAIGHT & LEVEL,DARK-HWY NOT LIGHTED,5,O,087-US-0460  -000
27843656,MONTGOMERY CTY SHERIFF DEPT,MONTGOMERY,,,PREWITT,PIKE,38.03257526,-83.97987935,1.204,3/2/2021,1920,1,1,0,1,CLEAR,DRY,FALSE,RAN OFF ROADWAY (1 VEHICLE WITH/EARTH EMBANKMENT/DITCH),SINGLE VEHICLE,STRAIGHT & LEVEL,DARK-HWY NOT LIGHTED,4,C,087-KY-0713  -000
27843658,MONTGOMERY CTY SHERIFF DEPT,MONTGOMERY,KY0686,,INDIAN MOUND,DR,38.06552536,-83.95549058,0.847,3/2/2021,1120,2,2,0,1,CLEAR,DRY,FALSE,ANGLE COLLISION - ONE VEHICLE TURNING LEFT,ANGLE,STRAIGHT & LEVEL,DAYLIGHT,4,C,087-KY-0686  -000
27853915,MONTGOMERY CTY SHERIFF DEPT,MONTGOMERY,KY0646,7010,CREAM ALLEY,RD,37.96928742,-83.9260073,4.042,2/23/2021,845,1,1,0,0,CLEAR,ICE,FALSE,RAN OFF ROADWAY (1 VEHICLE WITH/EARTH EMBANKMENT/DITCH),SINGLE VEHICLE,CURVE & LEVEL,DAYLIGHT,5,O,087-KY-0646  -000
27859596,MT. STERLING POLICE DEPARTMENT,MONTGOMERY,,820,DRESDEN,WAY,38.06789382,-83.9349644,0.051,2/13/2021,1047,2,2,0,0,CLOUDY,SNOW/SLUSH,FALSE,1 VEHICLE PARKED POSITION (NOT PARKING LOT/DRIVEWAY),SIDESWIPE-SAME DIRECTION,STRAIGHT & GRADE,DAYLIGHT,5,O,087-CS-1177  -000
27859598,MT. STERLING POLICE DEPARTMENT,MONTGOMERY,KY0686,,INDIAN MOUND,DR,38.05591869,-83.956112,1.511,3/3/2021,1141,2,2,0,0,CLEAR,DRY,FALSE,SIDESWIPE COLLISION - SAME DIRECTION,SIDESWIPE-SAME DIRECTION,STRAIGHT & LEVEL,DAYLIGHT,5,O,087-KY-0686  -000
27859604,MT. STERLING POLICE DEPARTMENT,MONTGOMERY,,,COMMONWEALTH,DR,38.06736906,-83.95553531,0.006,3/8/2021,1106,3,3,0,0,CLEAR,DRY,FALSE,REAR END IN TRAFFIC LANES BOTH VEHICLES MOVING,REAR END,STRAIGHT & LEVEL,DAYLIGHT,5,O,087-CS-1181  -000
27867897,MONTGOMERY CTY SHERIFF DEPT,MONTGOMERY,KY0011,,MAYSVILLE,RD,38.10393566,-83.95209877,10.772,3/6/2021,0,1,1,0,1,CLEAR,DRY,FALSE,COLLISION WITH FIXED OBJECT NON - INTERSECTION - FIRST EVENT COLLISION 09 - 32 EXCLUDING 16,SINGLE VEHICLE,STRAIGHT & LEVEL,DARK-HWY NOT LIGHTED,4,C,087-KY-0011  -000
27867904,MONTGOMERY CTY SHERIFF DEPT,MONTGOMERY,US0460,,CAMARGO,RD,37.99342452,-83.8860278,15.144,3/6/2021,1620,2,2,0,0,CLEAR,DRY,FALSE,1 VEHICLE ENTERING/LEAVING ENTRANCE,ANGLE,STRAIGHT & LEVEL,DAYLIGHT,5,O,087-US-0460  -000
27868063,MONTGOMERY CTY SHERIFF DEPT,MONTGOMERY,,,OLD OWINGSVILLE,RD,38.07150235,-83.91683969,1.089,3/5/2021,2006,2,2,0,0,CLEAR,DRY,FALSE,REAR END IN TRAFFIC LANES BOTH VEHICLES MOVING,REAR END,STRAIGHT & LEVEL,DARK-HWY NOT LIGHTED,5,O,087-CR-1029  -000
27868068,MONTGOMERY CTY SHERIFF DEPT,MONTGOMERY,US0060,,WINCHESTER,RD,38.05289624,-83.96589724,3.792,3/9/2021,1803,2,2,0,0,CLEAR,DRY,FALSE,SIDESWIPE COLLISION - OPPOSITE DIRECTION,SIDESWIPE-OPPOSITE DIRECTION,STRAIGHT & HILLCREST,DAYLIGHT,5,O,087-US-0060  -000
27869288,MT. STERLING POLICE DEPARTMENT,MONTGOMERY,US0060,424,MAIN,ST,38.05428446,-83.95201282,4.561,3/9/2021,1209,2,2,0,2,CLEAR,DRY,FALSE,HEAD-ON COLLISION,HEAD ON,STRAIGHT & LEVEL,DAYLIGHT,3,B,087-US-0060  -000
27874202,MONTGOMERY CTY SHERIFF DEPT,MONTGOMERY,,,WESTFIELD,WAY,38.04138236,-83.9723934,0.087,2/27/2021,1442,1,1,0,0,CLEAR,DRY,FALSE,COLLISION WITH NON-FIXED OBJECT ,SINGLE VEHICLE,STRAIGHT & LEVEL,DAYLIGHT,5,O,087-PR-1249  -000
27874206,MONTGOMERY CTY SHERIFF DEPT,MONTGOMERY,US0460,,MAIN,ST,37.97566541,-83.84884292,17.554,3/9/2021,746,2,2,0,1,CLEAR,DRY,FALSE,1 VEHICLE ENTERING/LEAVING ENTRANCE,ANGLE,STRAIGHT & LEVEL,DAYLIGHT,4,C,087-US-0460  -000
27879075,MT. STERLING POLICE DEPARTMENT,MONTGOMERY,US0460,,CAMARGO,RD,38.04107679,-83.9341257,10.761,2/27/2021,1502,2,2,0,0,CLOUDY,DRY,FALSE,ANGLE COLLISION - OTHER,ANGLE,STRAIGHT & LEVEL,DAYLIGHT,5,O,087-US-0460  -000
27883936,MT. STERLING POLICE DEPARTMENT,MONTGOMERY,KY0686,,INDIAN MOUND,DR,38.05387655,-83.95658576,1.658,3/13/2021,1910,2,2,0,0,CLEAR,DRY,TRUE,HEAD-ON COLLISION,HEAD ON,STRAIGHT & LEVEL,DARK-HWY LIGHTED/ON,5,O,087-KY-0686  -000
27893379,MT. STERLING POLICE DEPARTMENT,MONTGOMERY,US0460,517,MAYSVILLE,ST,38.0693724,-83.94647371,8.627,3/12/2021,937,2,2,0,0,RAINING,WET,FALSE,SIDESWIPE COLLISION - SAME DIRECTION,SIDESWIPE-SAME DIRECTION,STRAIGHT & HILLCREST,DAYLIGHT,5,O,087-US-0460  -000
27893382,MT. STERLING POLICE DEPARTMENT,MONTGOMERY,,,RICHMOND,AVE,38.04809604,-83.94838061,0.469,3/7/2021,1102,2,2,0,1,CLEAR,DRY,FALSE,COLLISION WITH FIXED OBJECT IN INTERSECTION - FIRST EVENT COLLISION 09 - 32,ANGLE,STRAIGHT & LEVEL,DAYLIGHT,3,B,087-CS-1024  -000
27893385,MT. STERLING POLICE DEPARTMENT,MONTGOMERY,US0460,,APPERSON,HTS,38.04958276,-83.94069832,10.037,3/15/2021,1102,1,1,0,0,RAINING,WET,FALSE,COLLISION WITH FIXED OBJECT NON - INTERSECTION - FIRST EVENT COLLISION 09 - 32 EXCLUDING 16,SINGLE VEHICLE,STRAIGHT & LEVEL,DAYLIGHT,5,O,087-US-0460  -000
27893390,MT. STERLING POLICE DEPARTMENT,MONTGOMERY,KY0686,,INDIAN MOUND,DR,38.05803319,-83.95596394,1.357,3/8/2021,1508,2,2,0,1,CLEAR,DRY,FALSE,ANGLE COLLISION - OTHER,ANGLE,STRAIGHT & LEVEL,DAYLIGHT,4,C,087-KY-0686  -000
27896613,MONTGOMERY CTY SHERIFF DEPT,MONTGOMERY,,,OLD OWINGSVILLE,RD,38.07950059,-83.90417004,0.196,2/28/2021,1227,1,1,0,0,CLEAR,DRY,FALSE,OTHER COLLISIONS ON SHOULDER,SINGLE VEHICLE,STRAIGHT & LEVEL,DAYLIGHT,5,O,087-CR-1029  -000
27896619,MONTGOMERY CTY SHERIFF DEPT,MONTGOMERY,KY0011,1004,LEVEE,RD,38.03809658,-83.94964808,9.033,3/13/2021,628,1,1,0,0,CLEAR,DRY,FALSE,COLLISION WITH FIXED OBJECT NON - INTERSECTION - FIRST EVENT COLLISION 09 - 32 EXCLUDING 16,SINGLE VEHICLE,CURVE & LEVEL,DARK-HWY NOT LIGHTED,5,O,087-KY-0011  -000
27898599,MT. STERLING POLICE DEPARTMENT,MONTGOMERY,US0460,,CAMARGO,RD,38.04187122,-83.9342315,10.706,3/17/2021,1209,3,3,0,0,CLOUDY,DRY,TRUE,OTHER ROADWAY OR MID-BLOCK COLLISION,REAR END,STRAIGHT & LEVEL,DAYLIGHT,5,O,087-US-0460  -000
27903274,MT. STERLING POLICE DEPARTMENT,MONTGOMERY,,,VANCE,DR,38.07437479,-83.9514641,0.055,3/12/2021,1948,2,2,0,0,CLEAR,DRY,FALSE,ANGLE COLLISION - OTHER,ANGLE,STRAIGHT & LEVEL,DARK-HWY LIGHTED/ON,5,O,087-CS-1115  -000
27903275,MT. STERLING POLICE DEPARTMENT,MONTGOMERY,,,WHITLEDGE,HTS,38.04621876,-83.95081186,0.084,3/17/2021,39,2,2,0,0,CLEAR,DRY,TRUE,1 VEHICLE PARKED POSITION (NOT PARKING LOT/DRIVEWAY),ANGLE,STRAIGHT & LEVEL,DARK-HWY LIGHTED/OFF,5,O,087-CS-1033  -000
27915236,MONTGOMERY CTY SHERIFF DEPT,MONTGOMERY,KY0646,407,NEST EGG,RD,37.96885025,-83.93824738,4.653,3/16/2021,1917,1,1,0,0,CLEAR,DRY,FALSE,RAN OFF ROADWAY (1 VEHICLE WITH/EARTH EMBANKMENT/DITCH),SINGLE VEHICLE,STRAIGHT & LEVEL,DAYLIGHT,5,O,087-KY-0646  -000
27928940,MONTGOMERY CTY SHERIFF DEPT,MONTGOMERY,US0060,,WINCHESTER,RD,38.05291455,-83.96546005,3.815,2/13/2021,1834,2,2,0,1,CLEAR,DRY,FALSE,REAR END IN TRAFFIC LANES BOTH VEHICLES MOVING,REAR END,STRAIGHT & LEVEL,DARK-HWY NOT LIGHTED,3,B,087-US-0060  -000
27928942,MONTGOMERY CTY SHERIFF DEPT,MONTGOMERY,,,JAMIE RIDGE,DR,38.07200989,-83.89915923,0.074,3/15/2021,2330,2,2,0,0,CLEAR,DRY,FALSE,1 VEHICLE PARKED POSITION (NOT PARKING LOT/DRIVEWAY),SIDESWIPE-SAME DIRECTION,STRAIGHT & LEVEL,DARK-HWY NOT LIGHTED,5,O,087-CR-1021P -000
27928952,MONTGOMERY CTY SHERIFF DEPT,MONTGOMERY,KY0646,,NEST EGG,RD,37.95920656,-83.96937392,6.646,3/17/2021,1813,2,2,0,0,CLOUDY,DRY,FALSE,ANGLE COLLISION - OTHER,ANGLE,STRAIGHT & HILLCREST,DAYLIGHT,5,O,087-KY-0646  -000
27929024,MONTGOMERY CTY SHERIFF DEPT,MONTGOMERY,US0060,3060,OWINGSVILLE,RD,38.08604535,-83.89790116,8.533,3/19/2021,156,2,2,0,0,CLEAR,DRY,TRUE,1 VEHICLE PARKED POSITION (NOT PARKING LOT/DRIVEWAY),BACKING,STRAIGHT & LEVEL,DARK-HWY LIGHTED/ON,5,O,087-US-0060  -000
27929027,MONTGOMERY CTY SHERIFF DEPT,MONTGOMERY,I 0064,,,,38.07678899,-83.95346378,0.253,2/13/2021,302,1,1,0,0,"SLEET, HAIL, FREEZING RAIN",ICE,FALSE,COLLISION WITH FIXED OBJECT NOT IN GORE ,SINGLE VEHICLE,STRAIGHT & LEVEL,DARK-HWY NOT LIGHTED,5,O,087-CR-1042  -000
27929031,MONTGOMERY CTY SHERIFF DEPT,MONTGOMERY,,,OLD OWINGSVILLE,RD,38.06310244,-83.92960862,2.052,3/20/2021,2051,2,2,0,0,CLEAR,DRY,TRUE,SIDESWIPE COLLISION - OPPOSITE DIRECTION,SIDESWIPE-OPPOSITE DIRECTION,STRAIGHT & GRADE,DARK-HWY NOT LIGHTED,5,O,087-CR-1029  -000
27929032,MONTGOMERY CTY SHERIFF DEPT,MONTGOMERY,US0460,,CAMARGO,RD,38.02698,-83.92147355,11.985,3/24/2021,2027,2,2,0,1,CLEAR,DRY,FALSE,REAR END IN TRAFFIC LANES BOTH VEHICLES MOVING,REAR END,STRAIGHT & GRADE,DARK-HWY NOT LIGHTED,3,B,087-US-0460  -000
27932884,MONTGOMERY CTY SHERIFF DEPT,MONTGOMERY,,,TINA,CT,38.03926597,-83.96409733,0.042,3/24/2021,1207,2,2,0,0,CLEAR,DRY,FALSE,1 VEHICLE PARKED POSITION (NOT PARKING LOT/DRIVEWAY),BACKING,STRAIGHT & LEVEL,DAYLIGHT,5,O,087-CR-1242F -000
27932890,MONTGOMERY CTY SHERIFF DEPT,MONTGOMERY,KY0213,,BEDFORD,RD,38.00714799,-83.83452505,7.727,3/23/2021,1134,2,2,0,1,CLEAR,DRY,FALSE,1 VEHICLE ENTERING/LEAVING ENTRANCE,ANGLE,STRAIGHT & GRADE,DAYLIGHT,4,C,087-KY-0213  -000
27932891,MONTGOMERY CTY SHERIFF DEPT,MONTGOMERY,KY0713,,GRASSY LICK,RD,38.05874336,-83.96067425,5.549,3/24/2021,815,1,1,0,0,CLEAR,DRY,FALSE,COLLISION WITH ANIMAL NON INTERSECTION,SINGLE VEHICLE,STRAIGHT & HILLCREST,DAYLIGHT,5,O,087-KY-0713  -000
27932893,MONTGOMERY CTY SHERIFF DEPT,MONTGOMERY,KY0686,,INDIAN MOUND,DR,38.05460255,-83.91677483,4.846,3/25/2021,1132,2,2,0,0,CLOUDY,DRY,FALSE,1 VEHICLE ENTERING/LEAVING ENTRANCE,ANGLE,STRAIGHT & LEVEL,DAYLIGHT,5,O,087-KY-0686  -000
27942565,MONTGOMERY CTY SHERIFF DEPT,MONTGOMERY,US0460,,PARIS,RD,38.09021209,-83.96236488,6.608,3/28/2021,1313,1,1,0,0,CLOUDY,DRY,FALSE,COLLISION WITH FIXED OBJECT NON - INTERSECTION - FIRST EVENT COLLISION 09 - 32 EXCLUDING 16,SINGLE VEHICLE,STRAIGHT & GRADE,DAYLIGHT,5,O,087-US-0460  -000
27942571,MONTGOMERY CTY SHERIFF DEPT,MONTGOMERY,,,OLD OWINGSVILLE,RD,38.0712789,-83.91986237,1.264,3/28/2021,159,1,1,0,1,RAINING,WET,FALSE,RAN OFF ROADWAY (1 VEHICLE WITH/EARTH EMBANKMENT/DITCH),SINGLE VEHICLE,CURVE & LEVEL,DARK-HWY NOT LIGHTED,3,B,087-CR-1029  -000
27942573,MONTGOMERY CTY SHERIFF DEPT,MONTGOMERY,,702,LORENE,CIR,38.06531493,-83.95313481,0.014,3/22/2021,2222,2,2,0,0,CLEAR,DRY,FALSE,REAR END IN TRAFFIC LANES BOTH VEHICLES MOVING,REAR END,STRAIGHT & HILLCREST,DARK-HWY NOT LIGHTED,5,O,087-CR-1309C -000
27942574,MONTGOMERY CTY SHERIFF DEPT,MONTGOMERY,KY0646,,WILLOUGHBY TOWN,RD,37.95270303,-83.89209733,1.823,3/23/2021,1234,1,1,0,1,CLOUDY,DRY,FALSE,OTHER COLLISIONS ON SHOULDER,SINGLE VEHICLE,STRAIGHT & LEVEL,DAYLIGHT,4,C,087-KY-0646  -000
27948958,MT. STERLING POLICE DEPARTMENT,MONTGOMERY,KY0686,,INDIAN MOUND,DR,38.04224292,-83.93414602,3.492,3/19/2021,807,2,2,0,0,CLEAR,DRY,FALSE,OTHER ROADWAY OR MID-BLOCK COLLISION,REAR END,STRAIGHT & LEVEL,DAYLIGHT,5,O,087-KY-0686  -000
27956142,MT. STERLING POLICE DEPARTMENT,MONTGOMERY,KY0686,,INDIAN MOUND,DR,38.07411532,-83.94858346,0.015,3/30/2021,2010,2,2,0,0,CLEAR,DRY,FALSE,SIDESWIPE COLLISION - SAME DIRECTION,SIDESWIPE-SAME DIRECTION,STRAIGHT & LEVEL,DUSK,5,O,087-KY-0686  -000
27956148,MT. STERLING POLICE DEPARTMENT,MONTGOMERY,KY0686,,INDIAN MOUND,DR,38.06734693,-83.95546233,0.719,3/31/2021,1353,2,2,0,0,CLOUDY,DRY,FALSE,ANGLE COLLISION - OTHER,ANGLE,STRAIGHT & LEVEL,DAYLIGHT,5,O,087-KY-0686  -000
27968057,MT. STERLING POLICE DEPARTMENT,MONTGOMERY,,,FALCON,DR,38.07566285,-83.94842838,0.002,4/2/2021,2206,2,2,0,0,CLEAR,DRY,FALSE,ANGLE COLLISION - OTHER,ANGLE,STRAIGHT & LEVEL,DARK-HWY LIGHTED/ON,5,O,087-CS-1119  -000
27968058,MT. STERLING POLICE DEPARTMENT,MONTGOMERY,US0060,,MAIN,ST,38.05614115,-83.9432621,5.048,4/3/2021,1540,2,2,0,0,CLEAR,DRY,FALSE,OPPOSING LEFT TURN,OPPOSING LEFT TURN,STRAIGHT & LEVEL,DAYLIGHT,5,O,087-US-0060  -000
27970972,MT. STERLING POLICE DEPARTMENT,MONTGOMERY,US0460,,MAYSVILLE,ST,38.07563122,-83.94886633,8.174,4/3/2021,1054,2,2,0,0,CLEAR,DRY,FALSE,OTHER INTERSECTION COLLISIONS,REAR END,STRAIGHT & LEVEL,DAYLIGHT,5,O,087-US-0460  -000
27982599,MT. STERLING POLICE DEPARTMENT,MONTGOMERY,KY0686,,INDIAN MOUND,DR,38.07017686,-83.95508999,0.524,4/1/2021,1447,2,2,0,0,CLEAR,DRY,FALSE,SIDESWIPE COLLISION - SAME DIRECTION,SIDESWIPE-SAME DIRECTION,STRAIGHT & LEVEL,DAYLIGHT,5,O,087-KY-0686  -000
27982602,MT. STERLING POLICE DEPARTMENT,MONTGOMERY,KY0686,,INDIAN MOUND,DR,38.04206591,-83.93471375,3.49,3/25/2021,2143,2,2,0,0,CLEAR,DRY,FALSE,SIDESWIPE COLLISION - SAME DIRECTION,SIDESWIPE-SAME DIRECTION,STRAIGHT & LEVEL,DARK-HWY LIGHTED/ON,5,O,087-KY-0686  -000
27988449,MT. STERLING POLICE DEPARTMENT,MONTGOMERY,KY0713,,LOCUST,ST,38.05677144,-83.93493418,6.677,4/8/2021,1002,2,2,0,1,RAINING,WET,FALSE,ANGLE COLLISION - OTHER,ANGLE,STRAIGHT & GRADE,DAYLIGHT,2,A,087-KY-0713  -000