IncidentID,AgencyName,County,RdwyNumber,Street,RoadwayName,StreetSfx,Latitude,Longitude,Milepoint,CollisionDate,CollisionTime,UnitsInvolved,MotorVehiclesInvolved,NumberKilled,NumberInjured,Weather,RdwyConditionCode,HitandRun,DirAnalysisCode,MannerofCollision,RdwyCharacter,LightCondition,KABCO Code,KABCO,RT_UNIQUE
29142345,MONTGOMERY CTY SHERIFF DEPT,MONTGOMERY,KY0686,,INDIAN MOUND,DR,38.0628768,-83.91377816,5.456,10/24/2021,1919,1,1,0,0,CLEAR,DRY,FALSE,COLLISION WITH ANIMAL NON INTERSECTION,SINGLE VEHICLE,STRAIGHT & LEVEL,DARK-HWY NOT LIGHTED,5,O,087-KY-0686  -000
29142348,MONTGOMERY CTY SHERIFF DEPT,MONTGOMERY,KY0646,,CREAM ALLEY,RD,37.96654585,-83.91805194,3.566,10/10/2021,659,2,2,0,0,CLOUDY,DRY,FALSE,ANGLE COLLISION - OTHER,ANGLE,STRAIGHT & GRADE,DARK-HWY NOT LIGHTED,5,O,087-KY-0646  -000
29142350,MONTGOMERY CTY SHERIFF DEPT,MONTGOMERY,US0060,3909,WINCHESTER,RD,38.04462682,-83.99883204,1.816,10/25/2021,1100,1,1,0,0,CLOUDY,DRY,FALSE,OTHER COLLISIONS ON SHOULDER,SINGLE VEHICLE,STRAIGHT & LEVEL,DAYLIGHT,5,O,087-US-0060  -000
29142352,MONTGOMERY CTY SHERIFF DEPT,MONTGOMERY,,,PREWITT,PIKE,38.02165548,-83.98457865,2.039,10/22/2021,1928,2,2,0,0,CLEAR,DRY,FALSE,SIDESWIPE COLLISION - SAME DIRECTION,SIDESWIPE-SAME DIRECTION,STRAIGHT & LEVEL,DARK-HWY NOT LIGHTED,5,O,087-CR-1226  -000
29142357,MONTGOMERY CTY SHERIFF DEPT,MONTGOMERY,KY0011,,LEVEE,RD,37.9787517,-83.93907216,4.69,10/23/2021,1522,1,1,0,1,CLEAR,DRY,FALSE,COLLISION WITH FIXED OBJECT NON - INTERSECTION - FIRST EVENT COLLISION 09 - 32 EXCLUDING 16,SINGLE VEHICLE,STRAIGHT & LEVEL,DAYLIGHT,4,C,087-KY-0011  -000
29142358,MONTGOMERY CTY SHERIFF DEPT,MONTGOMERY,KY0213,,BEDFORD,RD,37.99017108,-83.84619347,6.328,10/24/2021,754,1,1,0,0,CLEAR,DRY,FALSE,COLLISION WITH ANIMAL NON INTERSECTION,SINGLE VEHICLE,CURVE & LEVEL,DAYLIGHT,5,O,087-KY-0213  -000
29142439,MONTGOMERY CTY SHERIFF DEPT,MONTGOMERY,US0060,,OWINGSVILLE,RD,38.0932943,-83.89753062,8.929,10/26/2021,1624,1,1,0,0,CLEAR,DRY,FALSE,COLLISION WITH FIXED OBJECT NON - INTERSECTION - FIRST EVENT COLLISION 09 - 32 EXCLUDING 16,SINGLE VEHICLE,STRAIGHT & LEVEL,DAYLIGHT,5,O,087-US-0060  -000
29142441,MONTGOMERY CTY SHERIFF DEPT,MONTGOMERY,US0460,,CAMARGO,RD,37.98891681,-83.87761602,15.708,10/27/2021,1654,2,2,0,0,CLEAR,DRY,FALSE,REAR END IN TRAFFIC LANES BOTH VEHICLES MOVING,REAR END,STRAIGHT & GRADE,DAYLIGHT,5,O,087-US-0460  -000
29142446,MONTGOMERY CTY SHERIFF DEPT,MONTGOMERY,,,OREAR,RD,37.94264806,-83.96611583,2.42,10/27/2021,1046,1,1,0,0,CLEAR,DRY,FALSE,OTHER COLLISIONS ON SHOULDER,SINGLE VEHICLE,CURVE & LEVEL,DAYLIGHT,5,O,087-CR-1221  -000
29146204,MT. STERLING POLICE DEPARTMENT,MONTGOMERY,KY0713,,LOCUST,ST,38.05667604,-83.93536725,6.653,10/29/2021,2343,4,4,0,1,RAINING,WET,FALSE,1 VEHICLE PARKED POSITION (NOT PARKING LOT/DRIVEWAY),SIDESWIPE-OPPOSITE DIRECTION,STRAIGHT & HILLCREST,DARK-HWY LIGHTED/ON,4,C,087-KY-0713  -000
29147165,MONTGOMERY CTY SHERIFF DEPT,MONTGOMERY,KY1331,,HOWARDS MILL,RD,38.07959967,-83.89286489,0.688,10/6/2021,1245,2,1,0,0,CLEAR,DRY,TRUE,SIDESWIPE COLLISION - OPPOSITE DIRECTION,SIDESWIPE-OPPOSITE DIRECTION,STRAIGHT & GRADE,DAYLIGHT,5,O,087-KY-1331  -000
29174559,MT. STERLING POLICE DEPARTMENT,MONTGOMERY,KY0686,,INDIAN MOUND,DR,38.0673331,-83.95516843,0.721,10/29/2021,1137,2,1,0,1,CLEAR,WET,FALSE,ANGLE COLLISION - OTHER,ANGLE,STRAIGHT & LEVEL,DAYLIGHT,3,B,087-KY-0686  -000
29176039,MONTGOMERY CTY SHERIFF DEPT,MONTGOMERY,US0460,3793,PARIS,RD,38.10526267,-84.02015123,3.135,10/24/2021,422,1,1,0,0,CLOUDY,DRY,FALSE,RAN OFF ROADWAY (1 VEHICLE WITH/EARTH EMBANKMENT/DITCH),SINGLE VEHICLE,STRAIGHT & LEVEL,DARK-HWY NOT LIGHTED,5,O,087-US-0460  -000
29176044,MONTGOMERY CTY SHERIFF DEPT,MONTGOMERY,KY1991,3162,HINKSTON,PIKE,38.10494492,-83.91959541,3.509,10/30/2021,327,1,1,0,0,RAINING,WET,FALSE,RAN OFF ROADWAY (1 VEHICLE WITH/EARTH EMBANKMENT/DITCH),SINGLE VEHICLE,CURVE & GRADE,DARK-HWY NOT LIGHTED,5,O,087-KY-1991  -000
29176047,MONTGOMERY CTY SHERIFF DEPT,MONTGOMERY,KY0011,,LEVEE,RD,37.96971385,-83.93640846,4.021,10/25/2021,1533,2,2,0,1,RAINING,WET,FALSE,ANGLE COLLISION - ONE VEHICLE TURNING LEFT,ANGLE,STRAIGHT & LEVEL,DAYLIGHT,4,C,087-KY-0011  -000
29176048,MONTGOMERY CTY SHERIFF DEPT,MONTGOMERY,KY1991,,HINKSTON,PIKE,38.07860437,-83.93351232,1.209,10/26/2021,1138,1,1,0,0,CLEAR,DRY,FALSE,COLLISION WITH FIXED OBJECT NON - INTERSECTION - FIRST EVENT COLLISION 09 - 32 EXCLUDING 16,SINGLE VEHICLE,STRAIGHT & HILLCREST,DAYLIGHT,5,O,087-KY-1991  -000
29176049,MONTGOMERY CTY SHERIFF DEPT,MONTGOMERY,US0060,,OWINGSVILLE,RD,38.13024698,-83.87671689,11.983,10/29/2021,1049,1,1,0,1,CLOUDY,WET,FALSE,OTHER COLLISIONS ON SHOULDER,SINGLE VEHICLE,CURVE & GRADE,DAYLIGHT,4,C,087-US-0060  -000
29176051,MONTGOMERY CTY SHERIFF DEPT,MONTGOMERY,KY0011,,LEVEE,RD,38.01102207,-83.95041869,7.173,10/30/2021,1158,1,1,0,0,CLOUDY,WET,FALSE,OTHER COLLISIONS ON SHOULDER,SINGLE VEHICLE,CURVE & LEVEL,DAYLIGHT,5,O,087-KY-0011  -000
29176054,MONTGOMERY CTY SHERIFF DEPT,MONTGOMERY,,,FOGG,PIKE,38.03180285,-83.98016002,2.107,10/31/2021,1435,1,1,0,0,CLEAR,DRY,TRUE,COLLISION WITH FIXED OBJECT IN INTERSECTION - FIRST EVENT COLLISION 09 - 32,SINGLE VEHICLE,STRAIGHT & LEVEL,DAYLIGHT,5,O,087-CR-1227  -000
29176132,MONTGOMERY CTY SHERIFF DEPT,MONTGOMERY,KY0646,,KIDDVILLE,RD,37.97095071,-83.9876647,7.988,11/1/2021,1540,2,2,0,0,CLEAR,DRY,FALSE,SIDESWIPE COLLISION - SAME DIRECTION,SIDESWIPE-SAME DIRECTION,STRAIGHT & LEVEL,DAYLIGHT,5,O,087-KY-0646  -000
29180600,MONTGOMERY CTY SHERIFF DEPT,MONTGOMERY,US0460,,MAIN,ST,37.96373744,-83.80562441,20.052,11/1/2021,1141,2,2,0,0,CLEAR,DRY,FALSE,SIDESWIPE COLLISION - OPPOSITE DIRECTION,SIDESWIPE-OPPOSITE DIRECTION,STRAIGHT & LEVEL,DAYLIGHT,5,O,087-US-0460  -000
29188516,MT. STERLING POLICE DEPARTMENT,MONTGOMERY,KY0686,,INDIAN MOUND,DR,38.04187827,-83.93419122,3.488,11/4/2021,1215,2,2,0,0,CLEAR,DRY,FALSE,OTHER INTERSECTION COLLISIONS,REAR TO REAR,STRAIGHT & LEVEL,DAYLIGHT,5,O,087-KY-0686  -000
29188533,MONTGOMERY CTY SHERIFF DEPT,MONTGOMERY,US0460,,PARIS,RD,38.09902599,-84.000502,4.33,11/4/2021,746,1,1,0,0,CLEAR,DRY,FALSE,COLLISION WITH ANIMAL NON INTERSECTION,SINGLE VEHICLE,STRAIGHT & GRADE,DAYLIGHT,5,O,087-US-0460  -000
29192028,MT. STERLING POLICE DEPARTMENT,MONTGOMERY,,,MT STERLING,PLZ,38.07317998,-83.94862742,0.067,11/4/2021,1559,2,2,0,0,CLEAR,DRY,TRUE,1 VEHICLE PARKED POSITION (NOT PARKING LOT/DRIVEWAY),SIDESWIPE-OPPOSITE DIRECTION,STRAIGHT & LEVEL,DAYLIGHT,5,O,087-PR-1371  -000
29194427,MT. STERLING POLICE DEPARTMENT,MONTGOMERY,KY0686,,INDIAN MOUND,DR,38.06733061,-83.95517082,0.708,11/6/2021,1533,2,2,0,0,CLEAR,DRY,FALSE,ANGLE COLLISION - OTHER,ANGLE,STRAIGHT & LEVEL,DAYLIGHT,5,O,087-KY-0686  -000
29211247,MT. STERLING POLICE DEPARTMENT,MONTGOMERY,,,MAYSVILLE,ST,38.05489616,-83.94151803,0.109,10/19/2021,1428,2,2,0,0,CLEAR,DRY,FALSE,VEHICLE BACKING NON INTERSECTION,BACKING,STRAIGHT & LEVEL,DAYLIGHT,5,O,087-CS-1039  -000
29306156,MT. STERLING POLICE DEPARTMENT,MONTGOMERY,US0460,,CAMARGO,RD,38.04217675,-83.93427664,10.679,11/10/2021,1406,2,2,0,2,CLEAR,DRY,FALSE,ANGLE COLLISION - OTHER,ANGLE,STRAIGHT & LEVEL,DAYLIGHT,4,C,087-US-0460  -000
29308506,MT. STERLING POLICE DEPARTMENT,MONTGOMERY,KY0713,,HIGH,ST,38.05717564,-83.94958038,6.156,11/8/2021,1319,2,2,0,0,CLEAR,DRY,FALSE,REAR END IN TRAFFIC LANES BOTH VEHICLES MOVING,REAR END,STRAIGHT & GRADE,DAYLIGHT,5,O,087-KY-0713  -000
29310703,MT. STERLING POLICE DEPARTMENT,MONTGOMERY,US0460,,MAYSVILLE,RD,38.07891013,-83.94947511,7.97,11/14/2021,1334,2,2,0,0,RAINING,WET,FALSE,1 VEHICLE ENTERING/LEAVING ENTRANCE,ANGLE,STRAIGHT & GRADE,DAYLIGHT,5,O,087-US-0460  -000
29310704,MT. STERLING POLICE DEPARTMENT,MONTGOMERY,US0060,,MAIN,ST,38.05657463,-83.94137804,5.168,11/12/2021,1625,2,2,0,0,CLEAR,DRY,FALSE,OTHER ROADWAY OR MID-BLOCK COLLISION,REAR TO REAR,STRAIGHT & LEVEL,DAYLIGHT,5,O,087-US-0060  -000
29314340,MT. STERLING POLICE DEPARTMENT,MONTGOMERY,KY0011,,MAYSVILLE,RD,38.08942155,-83.95033979,10.119,11/13/2021,2215,2,2,0,0,CLEAR,DRY,FALSE,,HEAD ON,CURVE & GRADE,DARK-HWY LIGHTED/OFF,5,O,087-KY-0011  -000
29323714,MT. STERLING POLICE DEPARTMENT,MONTGOMERY,US0460,,MAYSVILLE,ST,38.06375483,-83.944658,9.026,11/15/2021,1524,2,2,0,0,CLEAR,DRY,FALSE,ANGLE COLLISION - OTHER,ANGLE,STRAIGHT & HILLCREST,DAYLIGHT,5,O,087-US-0460  -000
29323715,MT. STERLING POLICE DEPARTMENT,MONTGOMERY,KY0686,,INDIAN MOUND,DR,38.05986947,-83.95571798,1.247,11/16/2021,1601,2,2,0,0,CLEAR,DRY,FALSE,1 VEHICLE ENTERING/LEAVING ENTRANCE,ANGLE,STRAIGHT & LEVEL,DAYLIGHT,5,O,087-KY-0686  -000
29329217,MT. STERLING POLICE DEPARTMENT,MONTGOMERY,KY0686,,INDIAN MOUND,DR,38.07113324,-83.95484896,0.448,11/10/2021,1523,2,2,0,0,CLEAR,DRY,FALSE,,ANGLE,STRAIGHT & LEVEL,DAYLIGHT,5,O,087-KY-0686  -000
29329221,MT. STERLING POLICE DEPARTMENT,MONTGOMERY,US0460,,MAYSVILLE,ST,38.07041292,-83.94687683,8.552,11/18/2021,1112,2,2,0,0,RAINING,WET,FALSE,REAR END IN TRAFFIC LANES BOTH VEHICLES MOVING,REAR END,STRAIGHT & LEVEL,DAYLIGHT,5,O,087-US-0460  -000
29333078,MT. STERLING POLICE DEPARTMENT,MONTGOMERY,US0060,,MAIN,ST,38.05460497,-83.94802786,4.783,11/18/2021,855,1,1,0,0,RAINING,WET,FALSE,COLLISION WITH FIXED OBJECT NON - INTERSECTION - FIRST EVENT COLLISION 09 - 32 EXCLUDING 16,SINGLE VEHICLE,CURVE & GRADE,DAWN,5,O,087-US-0060  -000
29342709,MT. STERLING POLICE DEPARTMENT,MONTGOMERY,KY0686,,INDIAN MOUND,DR,38.04203641,-83.93435739,3.501,11/21/2021,1951,2,2,0,0,CLEAR,WET,FALSE,1 VEHICLE ENTERING/LEAVING ENTRANCE,ANGLE,STRAIGHT & LEVEL,DARK-HWY LIGHTED/ON,5,O,087-KY-0686  -000
29346302,MONTGOMERY CTY SHERIFF DEPT,MONTGOMERY,US0460,8685,MAIN,ST,37.97220322,-83.83810968,18.167,10/29/2021,1107,2,2,0,0,CLOUDY,DRY,FALSE,REAR END IN TRAFFIC LANES BOTH VEHICLES MOVING,REAR END,STRAIGHT & LEVEL,DAYLIGHT,5,O,087-US-0460  -000
29346306,MONTGOMERY CTY SHERIFF DEPT,MONTGOMERY,KY1331,,HOWARDS MILL,RD,38.06368735,-83.8309223,4.421,11/6/2021,1111,1,1,0,0,CLEAR,DRY,FALSE,COLLISION WITH FIXED OBJECT NON - INTERSECTION - FIRST EVENT COLLISION 09 - 32 EXCLUDING 16,SINGLE VEHICLE,STRAIGHT & GRADE,DAYLIGHT,5,O,087-KY-1331  -000
29346307,MONTGOMERY CTY SHERIFF DEPT,MONTGOMERY,,,WOODFORD,DR,38.04656498,-83.9440343,0.001,11/5/2021,1545,2,2,0,0,CLEAR,DRY,FALSE,OTHER INTERSECTION COLLISIONS,REAR END,STRAIGHT & LEVEL,DAYLIGHT,5,O,087-CR-1001  -000
29346324,MONTGOMERY CTY SHERIFF DEPT,MONTGOMERY,KY0686,,INDIAN MOUND,DR,38.04722284,-83.9237432,4.205,11/9/2021,452,1,1,0,0,CLEAR,DRY,FALSE,COLLISION WITH ANIMAL NON INTERSECTION,SINGLE VEHICLE,STRAIGHT & LEVEL,DARK-HWY NOT LIGHTED,5,O,087-KY-0686  -000
29346326,MONTGOMERY CTY SHERIFF DEPT,MONTGOMERY,US0460,,CAMARGO,RD,37.99180258,-83.88132896,15.424,10/30/2021,856,2,2,0,0,CLOUDY,WET,FALSE,1 VEHICLE ENTERING/LEAVING ENTRANCE,ANGLE,CURVE & LEVEL,DAYLIGHT,5,O,087-US-0460  -000
29346349,MONTGOMERY CTY SHERIFF DEPT,MONTGOMERY,US0460,,CAMARGO,RD,37.99153071,-83.88083052,15.457,11/9/2021,1745,1,1,0,0,CLEAR,DRY,FALSE,COLLISION WITH ANIMAL IN INTERSECTION,SINGLE VEHICLE,CURVE & LEVEL,DARK-HWY NOT LIGHTED,5,O,087-US-0460  -000
29346350,MONTGOMERY CTY SHERIFF DEPT,MONTGOMERY,KY0011,8870,LEVEE,RD,37.93247452,-83.92025868,1.059,11/8/2021,732,1,1,0,0,CLEAR,FLOODED,FALSE,COLLISION WITH FIXED OBJECT NON - INTERSECTION - FIRST EVENT COLLISION 09 - 32 EXCLUDING 16,SINGLE VEHICLE,STRAIGHT & LEVEL,DAYLIGHT,5,O,087-KY-0011  -000
29346351,MONTGOMERY CTY SHERIFF DEPT,MONTGOMERY,KY0646,,KIDDVILLE,RD,37.98185343,-83.98582686,8.753,11/10/2021,809,1,1,0,0,CLEAR,DRY,FALSE,COLLISION WITH ANIMAL NON INTERSECTION,SINGLE VEHICLE,CURVE & GRADE,DAYLIGHT,5,O,087-KY-0646  -000
29346354,MONTGOMERY CTY SHERIFF DEPT,MONTGOMERY,,2300,FOX,RD,37.97522446,-83.91361155,0.693,11/9/2021,1203,1,1,0,0,CLEAR,DRY,FALSE,COLLISION WITH FIXED OBJECT NON - INTERSECTION - FIRST EVENT COLLISION 09 - 32 EXCLUDING 16,SINGLE VEHICLE,STRAIGHT & LEVEL,DAYLIGHT,5,O,087-CR-1209  -000
29346355,MONTGOMERY CTY SHERIFF DEPT,MONTGOMERY,US0460,,MAIN,ST,37.9764909,-83.8513094,17.417,11/10/2021,1214,2,2,0,0,CLEAR,DRY,FALSE,SIDESWIPE COLLISION - SAME DIRECTION,SIDESWIPE-SAME DIRECTION,STRAIGHT & LEVEL,DAYLIGHT,5,O,087-US-0460  -000
29347685,MT. STERLING POLICE DEPARTMENT,MONTGOMERY,KY0686,810,INDIAN MOUND,DR,38.06188818,-83.95547877,1.099,11/23/2021,1618,2,2,0,0,CLEAR,DRY,FALSE,REAR END IN TRAFFIC LANES BOTH VEHICLES MOVING,REAR END,STRAIGHT & LEVEL,DAYLIGHT,5,O,087-KY-0686  -000
29349637,MONTGOMERY CTY SHERIFF DEPT,MONTGOMERY,US0060,,MAIN,ST,38.05376588,-83.95624626,4.329,10/31/2021,1334,2,2,0,0,CLEAR,DRY,FALSE,OTHER INTERSECTION COLLISIONS,REAR END,STRAIGHT & LEVEL,DAYLIGHT,5,O,087-US-0060  -000
29349640,MONTGOMERY CTY SHERIFF DEPT,MONTGOMERY,US0060,,OWINGSVILLE,RD,38.12959906,-83.87647,11.942,11/2/2021,941,1,1,0,0,RAINING,WET,FALSE,RAN OFF ROADWAY (1 VEHICLE WITH/EARTH EMBANKMENT/DITCH),SINGLE VEHICLE,CURVE & HILLCREST,DAYLIGHT,5,O,087-US-0060  -000
29349649,MONTGOMERY CTY SHERIFF DEPT,MONTGOMERY,US0060,,OWINGSVILLE,RD,38.08563079,-83.89984731,8.453,11/11/2021,1647,3,3,0,0,RAINING,WET,FALSE,1 VEHICLE ENTERING/LEAVING ENTRANCE,ANGLE,STRAIGHT & LEVEL,DUSK,5,O,087-US-0060  -000
29349652,MONTGOMERY CTY SHERIFF DEPT,MONTGOMERY,,,KATELYNN,BR,38.07373448,-83.89836363,0.055,11/13/2021,1804,2,2,0,0,CLEAR,DRY,FALSE,1 VEHICLE PARKED POSITION (NOT PARKING LOT/DRIVEWAY),BACKING,STRAIGHT & LEVEL,DARK-HWY NOT LIGHTED,5,O,087-CR-1021G -000
29349662,MONTGOMERY CTY SHERIFF DEPT,MONTGOMERY,US0460,,CAMARGO,RD,37.99821779,-83.89580278,14.491,11/15/2021,927,2,2,0,2,CLEAR,DRY,FALSE,1 VEHICLE ENTERING/LEAVING ENTRANCE,ANGLE,STRAIGHT & LEVEL,DAYLIGHT,3,B,087-US-0460  -000
29349663,MONTGOMERY CTY SHERIFF DEPT,MONTGOMERY,,,QUEEN,ST,38.04936845,-83.93641099,0.468,11/16/2021,814,3,3,0,1,CLEAR,DRY,FALSE,1 VEHICLE PARKED POSITION (NOT PARKING LOT/DRIVEWAY),REAR END,STRAIGHT & LEVEL,DAYLIGHT,4,C,087-CS-1006  -000
29349668,MONTGOMERY CTY SHERIFF DEPT,MONTGOMERY,US0060,,OWINGSVILLE,RD,38.08870276,-83.89839757,8.673,11/11/2021,649,2,2,0,0,CLEAR,DRY,FALSE,REAR END IN TRAFFIC LANES BOTH VEHICLES MOVING,REAR END,STRAIGHT & LEVEL,DAWN,5,O,087-US-0060  -000
29349683,MONTGOMERY CTY SHERIFF DEPT,MONTGOMERY,,,OLD OWINGSVILLE,RD,38.07230532,-83.91495981,0.981,11/21/2021,1636,2,2,0,0,RAINING,WET,FALSE,ANGLE COLLISION - OTHER,ANGLE,STRAIGHT & LEVEL,DUSK,5,O,087-CR-1029  -000
29349685,MONTGOMERY CTY SHERIFF DEPT,MONTGOMERY,,,BELL FARM,RD,37.9396237,-83.89186824,0.683,11/22/2021,1543,2,2,0,0,CLEAR,DRY,FALSE,1 VEHICLE PARKED POSITION (NOT PARKING LOT/DRIVEWAY),BACKING,CURVE & LEVEL,DAYLIGHT,5,O,087-CR-1213  -000
29349686,MONTGOMERY CTY SHERIFF DEPT,MONTGOMERY,US0060,,OWINGSVILLE,RD,38.08917972,-83.89817739,8.706,11/22/2021,649,2,2,0,0,CLOUDY,DRY,FALSE,REAR END IN TRAFFIC LANES BOTH VEHICLES MOVING,REAR END,STRAIGHT & LEVEL,DARK-HWY LIGHTED/ON,5,O,087-US-0060  -000
29350609,MONTGOMERY CTY SHERIFF DEPT,MONTGOMERY,US0460,,CAMARGO,RD,38.00077707,-83.89882409,14.238,11/23/2021,1233,2,2,0,0,CLEAR,DRY,FALSE,OTHER ROADWAY OR MID-BLOCK COLLISION,OPPOSING LEFT TURN,STRAIGHT & LEVEL,DAYLIGHT,5,O,087-US-0460  -000
29351904,MT. STERLING POLICE DEPARTMENT,MONTGOMERY,US0460,,MAYSVILLE,ST,38.06465632,-83.94507647,8.882,11/24/2021,922,2,2,0,0,CLEAR,DRY,FALSE,VEHICLE BACKING NON INTERSECTION,BACKING,STRAIGHT & HILLCREST,DAYLIGHT,5,O,087-US-0460  -000
29351905,MT. STERLING POLICE DEPARTMENT,MONTGOMERY,,,QUEEN,ST,38.05824017,-83.93951888,0.082,11/24/2021,1246,2,2,0,0,CLEAR,DRY,FALSE,1 VEHICLE ENTERING/LEAVING ENTRANCE,ANGLE,STRAIGHT & LEVEL,DAYLIGHT,5,O,087-CS-1080  -000
29351906,MT. STERLING POLICE DEPARTMENT,MONTGOMERY,US0460,,CAMARGO,RD,38.04236996,-83.93450094,10.669,11/3/2021,1639,2,2,0,1,CLEAR,DRY,FALSE,OTHER ROADWAY OR MID-BLOCK COLLISION,REAR END,STRAIGHT & LEVEL,DAYLIGHT,4,C,087-US-0460  -000
29366085,MONTGOMERY CTY SHERIFF DEPT,MONTGOMERY,,3000,OLD OWINGSVILLE,RD,38.07835214,-83.90529916,0.296,11/19/2021,2305,1,1,0,0,CLEAR,DRY,FALSE,COLLISION WITH FIXED OBJECT NON - INTERSECTION - FIRST EVENT COLLISION 09 - 32 EXCLUDING 16,SINGLE VEHICLE,STRAIGHT & LEVEL,DARK-HWY NOT LIGHTED,5,O,087-CR-1029  -000
29366090,MONTGOMERY CTY SHERIFF DEPT,MONTGOMERY,US0460,,MAIN,ST,37.95926227,-83.79621335,20.677,10/30/2021,1407,2,2,0,0,CLOUDY,DRY,FALSE,HEAD-ON COLLISION,HEAD ON,STRAIGHT & HILLCREST,DAYLIGHT,5,O,087-US-0460  -000
29366091,MONTGOMERY CTY SHERIFF DEPT,MONTGOMERY,US0060,3060,OWINGSVILLE,RD,38.08578274,-83.89889322,8.531,11/20/2021,1141,2,2,0,0,CLEAR,DRY,FALSE,VEHICLE BACKING NON INTERSECTION,BACKING,STRAIGHT & LEVEL,DAYLIGHT,5,O,087-US-0060  -000
29366093,MONTGOMERY CTY SHERIFF DEPT,MONTGOMERY,US0060,,OWINGSVILLE,RD,38.08844081,-83.89854493,8.655,11/22/2021,1140,2,2,0,0,CLEAR,DRY,FALSE,OTHER ROADWAY OR MID-BLOCK COLLISION,REAR END,STRAIGHT & LEVEL,DAYLIGHT,5,O,087-US-0060  -000
29366094,MONTGOMERY CTY SHERIFF DEPT,MONTGOMERY,US0060,,OWINGSVILLE,RD,38.08850282,-83.89850818,8.659,11/22/2021,1207,2,2,0,0,CLEAR,DRY,FALSE,OTHER ROADWAY OR MID-BLOCK COLLISION,REAR END,STRAIGHT & LEVEL,DAYLIGHT,5,O,087-US-0060  -000
29366095,MONTGOMERY CTY SHERIFF DEPT,MONTGOMERY,KY0713,,HIGH,ST,38.05804172,-83.95591714,5.792,11/23/2021,1230,2,2,0,1,CLEAR,DRY,FALSE,ANGLE COLLISION - OTHER,ANGLE,STRAIGHT & LEVEL,DAYLIGHT,4,C,087-KY-0713  -000
29366097,MONTGOMERY CTY SHERIFF DEPT,MONTGOMERY,,,PINE HILL,RD,37.94550118,-83.83672965,0.549,11/23/2021,943,1,1,0,1,CLEAR,DRY,FALSE,RAN OFF ROADWAY (1 VEHICLE WITH/EARTH EMBANKMENT/DITCH),SINGLE VEHICLE,CURVE & GRADE,DAYLIGHT,4,C,087-CR-1051  -000
29366098,MONTGOMERY CTY SHERIFF DEPT,MONTGOMERY,KY0713,,HIGH,ST,38.05804956,-83.95519649,5.831,11/23/2021,1515,2,2,0,0,CLEAR,DRY,FALSE,REAR END IN TRAFFIC LANES BOTH VEHICLES MOVING,REAR END,STRAIGHT & LEVEL,DAYLIGHT,5,O,087-KY-0713  -000
29366099,MONTGOMERY CTY SHERIFF DEPT,MONTGOMERY,US0060,,WINCHESTER,RD,38.05309583,-83.96353785,3.921,11/25/2021,1227,2,2,0,0,RAINING,WET,FALSE,REAR END IN TRAFFIC LANES BOTH VEHICLES MOVING,REAR END,STRAIGHT & GRADE,DAYLIGHT,5,O,087-US-0060  -000
29366102,MONTGOMERY CTY SHERIFF DEPT,MONTGOMERY,KY0686,,INDIAN MOUND,DR,38.06552922,-83.95549099,0.847,11/26/2021,1341,2,2,0,0,CLOUDY,DRY,FALSE,OTHER INTERSECTION COLLISIONS,REAR END,STRAIGHT & LEVEL,DAYLIGHT,5,O,087-KY-0686  -000
29366104,MONTGOMERY CTY SHERIFF DEPT,MONTGOMERY,,242,GARDNER,LN,38.07246005,-83.91565605,0.123,11/15/2021,1715,2,2,0,0,CLEAR,DRY,FALSE,1 VEHICLE PARKED POSITION (NOT PARKING LOT/DRIVEWAY),BACKING,STRAIGHT & GRADE,DAYLIGHT,5,O,087-CR-1022A -000
29369983,MONTGOMERY CTY SHERIFF DEPT,MONTGOMERY,US0460,,CAMARGO,RD,37.9978659,-83.89534799,14.527,11/29/2021,406,2,2,0,0,CLEAR,DRY,FALSE,REAR END IN TRAFFIC LANES BOTH VEHICLES MOVING,REAR END,STRAIGHT & LEVEL,DARK-HWY NOT LIGHTED,5,O,087-US-0460  -000
29374472,MT. STERLING POLICE DEPARTMENT,MONTGOMERY,,,JOHNSON,AVE,38.06270977,-83.94427113,0.002,11/29/2021,1000,2,2,0,0,CLEAR,DRY,FALSE,VEHICLE BACKING IN INTERSECTION,BACKING,STRAIGHT & GRADE,DAYLIGHT,5,O,087-CR-1129  -000
29392324,MONTGOMERY CTY SHERIFF DEPT,MONTGOMERY,US0460,,CAMARGO,RD,38.04219707,-83.93442781,10.682,11/30/2021,1733,2,2,0,0,CLEAR,DRY,FALSE,REAR END IN TRAFFIC LANES BOTH VEHICLES MOVING,REAR END,STRAIGHT & LEVEL,DARK-HWY NOT LIGHTED,5,O,087-US-0460  -000
29392327,MONTGOMERY CTY SHERIFF DEPT,MONTGOMERY,,3054,OSBORNE,RD,38.05388443,-83.90228553,0.489,12/2/2021,2037,1,1,0,1,CLEAR,DRY,FALSE,RAN OFF ROADWAY (1 VEHICLE WITH/EARTH EMBANKMENT/DITCH),SINGLE VEHICLE,CURVE & HILLCREST,DARK-HWY NOT LIGHTED,3,B,087-CR-1006  -000
29392333,MONTGOMERY CTY SHERIFF DEPT,MONTGOMERY,US0060,,OWINGSVILLE,RD,38.07480228,-83.91901252,7.169,12/1/2021,1015,2,2,0,2,CLEAR,DRY,FALSE,1 VEHICLE ENTERING/LEAVING ENTRANCE,ANGLE,STRAIGHT & LEVEL,DAYLIGHT,4,C,087-US-0060  -000