IncidentID,AgencyName,County,RdwyNumber,Street,RoadwayName,StreetSfx,Latitude,Longitude,Milepoint,CollisionDate,CollisionTime,UnitsInvolved,MotorVehiclesInvolved,NumberKilled,NumberInjured,Weather,RdwyConditionCode,HitandRun,DirAnalysisCode,MannerofCollision,RdwyCharacter,LightCondition,KABCO Code,KABCO,RT_UNIQUE
29615524,MONTGOMERY CTY SHERIFF DEPT,MONTGOMERY,KY0011,,LEVEE,RD,38.04667999,-83.94396421,9.682,1/19/2022,1540,2,2,0,0,CLOUDY,WET,FALSE,1 VEHICLE ENTERING/LEAVING ENTRANCE,ANGLE,STRAIGHT & LEVEL,DAYLIGHT,5,O,087-KY-0011  -000
29615721,MONTGOMERY CTY SHERIFF DEPT,MONTGOMERY,US0060,,WINCHESTER,RD,38.04686396,-83.98409215,2.687,1/19/2022,1628,2,2,0,0,RAINING,WET,FALSE,REAR END IN TRAFFIC LANES BOTH VEHICLES MOVING,REAR END,STRAIGHT & GRADE,DAYLIGHT,5,O,087-US-0060  -000
29625873,MT. STERLING POLICE DEPARTMENT,MONTGOMERY,US0060,400,MAIN,ST,38.05764118,-83.93661338,5.439,1/24/2022,811,3,3,0,0,CLEAR,DRY,FALSE,1 VEHICLE ENTERING/LEAVING ENTRANCE,ANGLE,STRAIGHT & LEVEL,DAYLIGHT,5,O,087-US-0060  -000
29627775,MONTGOMERY CTY SHERIFF DEPT,MONTGOMERY,US0460,,CAMARGO,RD,37.99564228,-83.89166294,14.792,1/24/2022,1035,2,2,0,0,CLOUDY,DRY,FALSE,1 VEHICLE PARKED POSITION (NOT PARKING LOT/DRIVEWAY),SIDESWIPE-OPPOSITE DIRECTION,STRAIGHT & LEVEL,DAYLIGHT,5,O,087-US-0460  -000
29632937,MONTGOMERY CTY SHERIFF DEPT,MONTGOMERY,,4013,OLD OWINGSVILLE,RD,38.08164447,-83.90191748,0.005,1/24/2022,433,1,1,0,0,CLEAR,DRY,FALSE,OTHER COLLISIONS ON SHOULDER,SINGLE VEHICLE,STRAIGHT & LEVEL,DARK-HWY NOT LIGHTED,5,O,087-KY-1331  -000
29632940,MONTGOMERY CTY SHERIFF DEPT,MONTGOMERY,KY0686,,INDIAN MOUND,DR,38.07152907,-83.91677663,6.081,1/25/2022,736,2,2,0,1,CLOUDY,DRY,FALSE,ANGLE COLLISION - OTHER,ANGLE,STRAIGHT & LEVEL,DAYLIGHT,3,B,087-KY-0686  -000
29632942,MONTGOMERY CTY SHERIFF DEPT,MONTGOMERY,US0460,3100,PARIS,RD,38.09986435,-84.00738259,3.946,12/27/2021,744,1,1,1,1,CLOUDY,WET,FALSE,RAN OFF ROADWAY (1 VEHICLE WITH/EARTH EMBANKMENT/DITCH),SINGLE VEHICLE,STRAIGHT & GRADE,DAYLIGHT,1,K,087-US-0460  -000
29632973,MONTGOMERY CTY SHERIFF DEPT,MONTGOMERY,KY0537,,VAN THOMPSON,RD,38.1283281,-83.91878557,6.518,1/22/2022,1411,1,1,0,0,CLEAR,DRY,TRUE,COLLISION WITH FIXED OBJECT NON - INTERSECTION - FIRST EVENT COLLISION 09 - 32 EXCLUDING 16,SINGLE VEHICLE,STRAIGHT & LEVEL,DAYLIGHT,5,O,087-KY-0537  -000
29637136,MONTGOMERY CTY SHERIFF DEPT,MONTGOMERY,KY0213,,BEDFORD,RD,37.99723919,-83.83825327,6.999,1/27/2022,1616,2,2,0,0,CLEAR,DRY,FALSE,SIDESWIPE COLLISION - OPPOSITE DIRECTION,SIDESWIPE-OPPOSITE DIRECTION,STRAIGHT & LEVEL,DAYLIGHT,5,O,087-KY-0213  -000
29642964,MT. STERLING POLICE DEPARTMENT,MONTGOMERY,,,DENBY,PL,38.05850718,-83.93828506,0.082,1/29/2022,1537,2,2,0,0,CLEAR,DRY,FALSE,1 VEHICLE ENTERING/LEAVING ENTRANCE,ANGLE,STRAIGHT & HILLCREST,DAYLIGHT,5,O,087-CS-1087  -000
29644533,MONTGOMERY CTY SHERIFF DEPT,MONTGOMERY,US0060,,WINCHESTER,RD,38.03800769,-84.00870608,1.105,1/28/2022,546,1,1,0,0,SNOWING,SNOW/SLUSH,FALSE,COLLISION WITH FIXED OBJECT NON - INTERSECTION - FIRST EVENT COLLISION 09 - 32 EXCLUDING 16,SINGLE VEHICLE,CURVE & LEVEL,DARK-HWY NOT LIGHTED,5,O,087-US-0060  -000
29644535,MONTGOMERY CTY SHERIFF DEPT,MONTGOMERY,KY0011,,MAYSVILLE,RD,38.14933726,-83.95541702,14.397,1/28/2022,1927,1,1,0,0,SNOWING,SNOW/SLUSH,FALSE,RAN OFF ROADWAY (1 VEHICLE WITH/EARTH EMBANKMENT/DITCH),SINGLE VEHICLE,STRAIGHT & LEVEL,DARK-HWY LIGHTED/OFF,5,O,087-KY-0011  -000
29645968,MT. STERLING POLICE DEPARTMENT,MONTGOMERY,KY0686,,INDIAN MOUND,DR,38.04103904,-83.94794453,2.751,1/30/2022,929,2,2,0,0,CLEAR,DRY,FALSE,ANGLE COLLISION - OTHER,ANGLE,STRAIGHT & LEVEL,DAYLIGHT,5,O,087-KY-0686  -000
29660210,MONTGOMERY CTY SHERIFF DEPT,MONTGOMERY,US0460,,CAMARGO,RD,38.02137993,-83.91549063,12.496,1/31/2022,1150,2,2,0,0,CLEAR,DRY,FALSE,OTHER ROADWAY OR MID-BLOCK COLLISION,REAR END,STRAIGHT & GRADE,DAYLIGHT,5,O,087-US-0460  -000
29660213,MONTGOMERY CTY SHERIFF DEPT,MONTGOMERY,KY0646,,NEST EGG,RD,37.96712711,-83.94598061,5.133,1/19/2022,1949,1,1,0,0,RAINING,WET,FALSE,RAN OFF ROADWAY (1 VEHICLE WITH/EARTH EMBANKMENT/DITCH),SINGLE VEHICLE,CURVE & GRADE,DUSK,5,O,087-KY-0646  -000
29660218,MONTGOMERY CTY SHERIFF DEPT,MONTGOMERY,KY0686,,INDIAN MOUND,DR,38.0576942,-83.95570267,1.346,2/1/2022,1308,2,2,0,0,CLEAR,DRY,FALSE,ANGLE COLLISION - OTHER,ANGLE,STRAIGHT & LEVEL,DAYLIGHT,5,O,087-KY-0686  -000
29660220,MONTGOMERY CTY SHERIFF DEPT,MONTGOMERY,KY0213,,BEDFORD,RD,37.98150306,-83.84981415,5.681,1/28/2022,2125,1,1,0,0,CLEAR,SNOW/SLUSH,FALSE,RAN OFF ROADWAY (1 VEHICLE WITH/EARTH EMBANKMENT/DITCH),SINGLE VEHICLE,STRAIGHT & LEVEL,DARK-HWY NOT LIGHTED,5,O,087-KY-0213  -000
29664251,MT. STERLING POLICE DEPARTMENT,MONTGOMERY,KY0686,,INDIAN MOUND,DR,38.0412289,-83.94799926,2.76,1/27/2022,1500,2,2,0,0,CLEAR,DRY,FALSE,REAR END IN TRAFFIC LANES BOTH VEHICLES MOVING,REAR END,STRAIGHT & LEVEL,DAYLIGHT,5,O,087-KY-0686  -000
29664252,MT. STERLING POLICE DEPARTMENT,MONTGOMERY,KY0686,,INDIAN MOUND,DR,38.07342506,-83.95135208,0.158,2/1/2022,1500,2,2,0,0,CLEAR,DRY,FALSE,1 VEHICLE ENTERING/LEAVING ENTRANCE,ANGLE,STRAIGHT & LEVEL,DAYLIGHT,5,O,087-KY-0686  -000
29664253,MT. STERLING POLICE DEPARTMENT,MONTGOMERY,,,SPRING,ST,38.05147159,-83.95620983,0.023,2/3/2022,1315,1,1,0,0,RAINING,WET,FALSE,COLLISION WITH NON-FIXED OBJECT ,SINGLE VEHICLE,STRAIGHT & LEVEL,DAYLIGHT,5,O,087-CR-1042  -000
29664255,MT. STERLING POLICE DEPARTMENT,MONTGOMERY,KY0686,,INDIAN MOUND,DR,38.05423422,-83.95651067,1.658,1/31/2022,1427,2,2,0,0,CLEAR,DRY,FALSE,OTHER INTERSECTION COLLISIONS,REAR END,STRAIGHT & LEVEL,DAYLIGHT,5,O,087-KY-0686  -000
29666664,MT. STERLING POLICE DEPARTMENT,MONTGOMERY,KY0686,261,INDIAN MOUND,DR,38.07246607,-83.95440032,0.36,2/5/2022,1002,2,2,0,0,CLEAR,SNOW/SLUSH,FALSE,1 VEHICLE PARKED POSITION (NOT PARKING LOT/DRIVEWAY),BACKING,STRAIGHT & LEVEL,DAYLIGHT,5,O,087-KY-0686  -000
29673625,MONTGOMERY CTY SHERIFF DEPT,MONTGOMERY,KY3363,2015,SAWMILL,RD,37.93462291,-83.90844767,0.816,2/5/2022,2114,1,1,0,1,CLEAR,DRY,FALSE,RAN OFF ROADWAY (1 VEHICLE WITH/EARTH EMBANKMENT/DITCH),SINGLE VEHICLE,STRAIGHT & LEVEL,DARK-HWY NOT LIGHTED,4,C,087-KY-3363  -000
29673626,MONTGOMERY CTY SHERIFF DEPT,MONTGOMERY,KY0713,,SPENCER,PIKE,38.05217,-83.91224392,8.115,2/3/2022,1510,2,2,0,0,RAINING,WET,FALSE,SIDESWIPE COLLISION - OPPOSITE DIRECTION,SIDESWIPE-OPPOSITE DIRECTION,STRAIGHT & LEVEL,DAYLIGHT,5,O,087-KY-0713  -000
29673627,MONTGOMERY CTY SHERIFF DEPT,MONTGOMERY,KY0686,,INDIAN MOUND,DR,38.04767853,-83.92330302,4.245,2/3/2022,713,1,1,0,0,RAINING,WET,FALSE,OTHER ROADWAY OR MID-BLOCK COLLISION,SINGLE VEHICLE,STRAIGHT & LEVEL,DARK-HWY NOT LIGHTED,5,O,087-KY-0686  -000
29686623,MONTGOMERY CTY SHERIFF DEPT,MONTGOMERY,KY0011,,MAYSVILLE,RD,38.11266579,-83.95718396,11.788,2/5/2022,1144,2,2,0,2,CLOUDY,DRY,FALSE,REAR END IN TRAFFIC LANES BOTH VEHICLES MOVING,REAR END,STRAIGHT & LEVEL,DAYLIGHT,3,B,087-KY-0011  -000
29686640,MONTGOMERY CTY SHERIFF DEPT,MONTGOMERY,KY0646,2750,NEST EGG,RD,37.9602893,-83.97791951,7.162,1/31/2022,801,1,1,0,0,CLOUDY,DRY,FALSE,COLLISION WITH FIXED OBJECT NON - INTERSECTION - FIRST EVENT COLLISION 09 - 32 EXCLUDING 16,SINGLE VEHICLE,CURVE & GRADE,DAYLIGHT,5,O,087-KY-0646  -000
29686642,MONTGOMERY CTY SHERIFF DEPT,MONTGOMERY,US0060,3782,OWINGSVILLE,RD,38.09960033,-83.89702149,9.437,6/8/2021,1526,1,1,0,0,CLOUDY,DRY,FALSE,COLLISION WITH ANIMAL NON INTERSECTION,SINGLE VEHICLE,STRAIGHT & LEVEL,DAYLIGHT,5,O,087-US-0060  -000
29686643,MONTGOMERY CTY SHERIFF DEPT,MONTGOMERY,,,MIDLAND,TRL,38.07476271,-83.91868268,0.011,3/15/2021,830,3,3,0,0,CLOUDY,DRY,FALSE,ANGLE COLLISION - OTHER,ANGLE,STRAIGHT & LEVEL,DAYLIGHT,5,O,087-CR-1020  -000
29686644,MONTGOMERY CTY SHERIFF DEPT,MONTGOMERY,,,FOXGLOVE,DR,38.06552246,-83.95539861,0.005,1/4/2021,959,2,2,0,0,CLEAR,DRY,TRUE,REAR END - ONE VEHICLE TURNING LEFT,REAR END,STRAIGHT & LEVEL,DAYLIGHT,5,O,087-PR-1352  -000
29686646,MONTGOMERY CTY SHERIFF DEPT,MONTGOMERY,KY1991,,HINKSTON,PIKE,38.0698387,-83.93726827,0.553,8/13/2020,1307,1,1,0,1,CLEAR,DRY,FALSE,OTHER COLLISIONS ON SHOULDER,SINGLE VEHICLE,CURVE & LEVEL,DAYLIGHT,2,A,087-KY-1991  -000
29686649,MONTGOMERY CTY SHERIFF DEPT,MONTGOMERY,,150,OAK GROVE,DR,38.09464287,-83.90420813,0.602,2/8/2022,218,1,1,0,0,CLEAR,DRY,FALSE,COLLISION WITH ANIMAL NON INTERSECTION,SINGLE VEHICLE,STRAIGHT & LEVEL,DARK-HWY NOT LIGHTED,5,O,087-CR-1019H -000
29687826,MONTGOMERY CTY SHERIFF DEPT,MONTGOMERY,US0060,1877,WINCHESTER,RD,38.04987732,-83.9764816,3.166,2/9/2022,1550,1,1,0,2,CLEAR,DRY,FALSE,RAN OFF ROADWAY (1 VEHICLE WITH/EARTH EMBANKMENT/DITCH),SINGLE VEHICLE,STRAIGHT & LEVEL,DAYLIGHT,3,B,087-US-0060  -000
29687832,MONTGOMERY CTY SHERIFF DEPT,MONTGOMERY,US0060,3060,OWINGSVILLE,RD,38.08613771,-83.89966355,8.489,2/7/2022,1729,2,2,0,0,CLEAR,DRY,FALSE,1 VEHICLE ENTERING/LEAVING ENTRANCE,ANGLE,STRAIGHT & LEVEL,DAYLIGHT,5,O,087-US-0060  -000
29687833,MONTGOMERY CTY SHERIFF DEPT,MONTGOMERY,US0460,8055,MAIN,ST,37.97563216,-83.84923501,17.513,2/7/2022,1957,1,1,0,0,CLEAR,DRY,FALSE,COLLISION WITH FIXED OBJECT NON - INTERSECTION - FIRST EVENT COLLISION 09 - 32 EXCLUDING 16,SINGLE VEHICLE,STRAIGHT & LEVEL,DARK-HWY LIGHTED/ON,5,O,087-US-0460  -000
29687834,MONTGOMERY CTY SHERIFF DEPT,MONTGOMERY,,702,LORENE,CIR,38.06523853,-83.9531859,0.124,2/10/2022,1648,2,2,0,0,CLEAR,DRY,FALSE,COLLISION WITH FIXED OBJECT NON - INTERSECTION - FIRST EVENT COLLISION 09 - 32 EXCLUDING 16,BACKING,STRAIGHT & LEVEL,DAYLIGHT,5,O,087-CR-1309C -000
29688004,MONTGOMERY CTY SHERIFF DEPT,MONTGOMERY,,,FOGG,PIKE,38.03818781,-83.96869003,1.23,2/10/2022,1354,2,2,0,1,CLEAR,DRY,FALSE,1 VEHICLE ENTERING/LEAVING ENTRANCE,ANGLE,STRAIGHT & HILLCREST,DAYLIGHT,4,C,087-CR-1227  -000
29689096,MT. STERLING POLICE DEPARTMENT,MONTGOMERY,US0060,,MAIN,ST,38.0567184,-83.94067445,5.208,2/11/2022,1255,2,2,0,1,CLEAR,DRY,FALSE,ANGLE COLLISION - OTHER,ANGLE,STRAIGHT & LEVEL,DAYLIGHT,3,B,087-US-0060  -000
29693435,MONTGOMERY CTY SHERIFF DEPT,MONTGOMERY,KY0713,,GRASSY LICK,RD,38.06466117,-83.97037628,4.861,2/11/2022,632,1,1,0,0,CLEAR,DRY,FALSE,RAN OFF ROADWAY (1 VEHICLE WITH/EARTH EMBANKMENT/DITCH),SINGLE VEHICLE,STRAIGHT & GRADE,DARK-HWY NOT LIGHTED,5,O,087-KY-0713  -000
29694788,MT. STERLING POLICE DEPARTMENT,MONTGOMERY,KY0686,,INDIAN MOUND,DR,38.05322087,-83.95643143,1.698,2/11/2022,1708,2,2,0,0,CLEAR,DRY,FALSE,REAR END IN TRAFFIC LANES BOTH VEHICLES MOVING,REAR END,STRAIGHT & LEVEL,DAYLIGHT,5,O,087-KY-0686  -000
29703252,MT. STERLING POLICE DEPARTMENT,MONTGOMERY,,,HAMLETT WEST,DR,38.05215355,-83.95288022,0.101,12/23/2021,1706,2,2,0,0,CLEAR,DRY,FALSE,1 VEHICLE PARKED POSITION (NOT PARKING LOT/DRIVEWAY),BACKING,STRAIGHT & LEVEL,DAYLIGHT,5,O,087-CS-1147  -000
29703253,MT. STERLING POLICE DEPARTMENT,MONTGOMERY,US0460,,MAYSVILLE,ST,38.05784177,-83.94256349,9.464,12/27/2021,1126,2,2,0,0,CLOUDY,DRY,TRUE,OTHER ROADWAY OR MID-BLOCK COLLISION,REAR TO REAR,STRAIGHT & LEVEL,DAYLIGHT,5,O,087-US-0460  -000
29703256,MT. STERLING POLICE DEPARTMENT,MONTGOMERY,KY0686,,INDIAN MOUND,DR,38.07096024,-83.95487867,0.464,2/13/2022,1547,2,2,0,4,CLEAR,DRY,FALSE,,ANGLE,STRAIGHT & LEVEL,DAYLIGHT,4,C,087-KY-0686  -000
29703267,MT. STERLING POLICE DEPARTMENT,MONTGOMERY,,,MAYSVILLE,ST,38.05602942,-83.94191637,0.027,2/10/2022,1211,2,2,0,0,CLEAR,DRY,FALSE,1 VEHICLE PARKED POSITION (NOT PARKING LOT/DRIVEWAY),ANGLE,STRAIGHT & LEVEL,DAYLIGHT,5,O,087-CS-1039  -000
29712162,MONTGOMERY CTY SHERIFF DEPT,MONTGOMERY,KY0646,615,NEST EGG,RD,37.96510138,-83.94658857,5.273,2/9/2022,743,1,1,0,0,CLOUDY,ICE,FALSE,RAN OFF ROADWAY (1 VEHICLE WITH/EARTH EMBANKMENT/DITCH),SINGLE VEHICLE,CURVE & GRADE,DARK-HWY NOT LIGHTED,5,O,087-KY-0646  -000
29713245,MT. STERLING POLICE DEPARTMENT,MONTGOMERY,KY0713,,HIGH,ST,38.05803745,-83.9558712,5.793,2/16/2022,1614,2,2,0,0,CLEAR,DRY,FALSE,SIDESWIPE-SAME DIRECTION,SIDESWIPE-SAME DIRECTION,STRAIGHT & HILLCREST,DAYLIGHT,5,O,087-KY-0713  -000
29739936,MONTGOMERY CTY SHERIFF DEPT,MONTGOMERY,KY0011,,LEVEE,RD,38.03153175,-83.94980156,8.608,2/17/2022,1409,2,2,0,0,RAINING,WET,FALSE,SIDESWIPE COLLISION - OPPOSITE DIRECTION,SIDESWIPE-OPPOSITE DIRECTION,STRAIGHT & LEVEL,DAYLIGHT,5,O,087-KY-0011  -000
29740097,MONTGOMERY CTY SHERIFF DEPT,MONTGOMERY,KY0686,,INDIAN MOUND,DR,38.06188587,-83.95575787,1.097,2/23/2022,741,2,2,0,0,CLEAR,DRY,FALSE,ANGLE COLLISION - OTHER,ANGLE,STRAIGHT & LEVEL,DAYLIGHT,5,O,087-KY-0686  -000
29740098,MONTGOMERY CTY SHERIFF DEPT,MONTGOMERY,,,CECIL,RD,38.15619672,-83.97733542,2.293,2/22/2022,1455,1,1,0,0,RAINING,MUD-DIRT,FALSE,COLLISION WITH FIXED OBJECT NON - INTERSECTION - FIRST EVENT COLLISION 09 - 32 EXCLUDING 16,SINGLE VEHICLE,CURVE & LEVEL,DAYLIGHT,5,O,087-CR-1313  -000
29748495,MT. STERLING POLICE DEPARTMENT,MONTGOMERY,US0060,,MAIN,ST,38.05641231,-83.94206511,5.128,2/26/2022,650,2,2,0,0,CLEAR,DRY,FALSE,ANGLE COLLISION - ONE VEHICLE TURNING RIGHT,ANGLE,STRAIGHT & LEVEL,DARK-HWY LIGHTED/ON,5,O,087-US-0060  -000
29751912,MT. STERLING POLICE DEPARTMENT,MONTGOMERY,KY0686,,INDIAN MOUND,DR,38.05364566,-83.95650825,1.669,2/26/2022,1015,2,2,0,0,CLEAR,DRY,TRUE,1 VEHICLE ENTERING/LEAVING ENTRANCE,ANGLE,STRAIGHT & LEVEL,DAYLIGHT,5,O,087-KY-0686  -000
29761833,MT. STERLING POLICE DEPARTMENT,MONTGOMERY,KY0686,,INDIAN MOUND,DR,38.04126628,-83.94803965,2.762,2/26/2022,2154,2,2,0,0,CLEAR,DRY,FALSE,OTHER ROADWAY OR MID-BLOCK COLLISION,REAR END,STRAIGHT & LEVEL,DARK-HWY LIGHTED/ON,5,O,087-KY-0686  -000
29762644,MT. STERLING POLICE DEPARTMENT,MONTGOMERY,,,HIGH,ST,38.05739008,-83.9431936,0.29,3/1/2022,1554,2,2,0,0,CLEAR,DRY,FALSE,,SIDESWIPE-OPPOSITE DIRECTION,STRAIGHT & LEVEL,DAYLIGHT,5,O,087-CS-1052  -000
29765317,MONTGOMERY CTY SHERIFF DEPT,MONTGOMERY,,,MIDLAND,TRL,38.07644979,-83.91941586,0.117,2/24/2022,629,2,2,0,0,CLOUDY,WET,FALSE,OTHER INTERSECTION COLLISIONS,REAR END,CURVE & GRADE,DARK-HWY LIGHTED/ON,5,O,087-CR-1020  -000
29765329,MONTGOMERY CTY SHERIFF DEPT,MONTGOMERY,KY0713,4301,SPENCER,PIKE,38.03094946,-83.86312451,11.391,2/21/2022,1809,1,1,0,2,CLEAR,DRY,FALSE,RAN OFF ROADWAY (1 VEHICLE WITH/EARTH EMBANKMENT/DITCH),SINGLE VEHICLE,CURVE & LEVEL,DUSK,3,B,087-KY-0713  -000
29765331,MONTGOMERY CTY SHERIFF DEPT,MONTGOMERY,US0460,,PARIS,RD,38.12388264,-84.06822553,0.09,2/25/2022,716,1,1,0,0,CLEAR,DRY,FALSE,COLLISION WITH ANIMAL NON INTERSECTION,SINGLE VEHICLE,STRAIGHT & LEVEL,DAWN,5,O,087-PR-1107  -000
29781828,MT. STERLING POLICE DEPARTMENT,MONTGOMERY,,,VANCE,DR,38.0754446,-83.9514728,0.129,3/5/2022,1311,2,2,0,0,CLEAR,DRY,FALSE,VEHICLE BACKING IN INTERSECTION,BACKING,STRAIGHT & LEVEL,DAYLIGHT,5,O,087-CS-1115  -000
29781829,MT. STERLING POLICE DEPARTMENT,MONTGOMERY,,,SPRING,ST,38.05145919,-83.95519878,0.078,3/5/2022,1140,2,2,0,0,CLEAR,DRY,FALSE,1 VEHICLE PARKED POSITION (NOT PARKING LOT/DRIVEWAY),BACKING,STRAIGHT & LEVEL,DAYLIGHT,5,O,087-CR-1042  -000
29785198,MONTGOMERY CTY SHERIFF DEPT,MONTGOMERY,,805,ALEXA,DR,38.06550364,-83.95484519,0.036,3/4/2022,1046,2,2,0,0,CLEAR,DRY,FALSE,1 VEHICLE PARKED POSITION (NOT PARKING LOT/DRIVEWAY),BACKING,STRAIGHT & LEVEL,DAYLIGHT,5,O,087-CS-1064  -000
29785202,MONTGOMERY CTY SHERIFF DEPT,MONTGOMERY,US0460,,MAIN,ST,37.9771112,-83.85342756,17.294,3/4/2022,1809,3,3,0,0,CLEAR,DRY,TRUE,SIDESWIPE COLLISION - SAME DIRECTION,SIDESWIPE-SAME DIRECTION,STRAIGHT & LEVEL,DAYLIGHT,5,O,087-US-0460  -000
29796568,MT. STERLING POLICE DEPARTMENT,MONTGOMERY,KY0686,,INDIAN MOUND,DR,38.0683456,-83.95526749,0.651,3/9/2022,1350,2,2,0,0,CLEAR,DRY,FALSE,ANGLE COLLISION - OTHER,ANGLE,STRAIGHT & LEVEL,DAYLIGHT,5,O,087-KY-0686  -000
29810072,MT. STERLING POLICE DEPARTMENT,MONTGOMERY,,,FALCON,DR,38.07603519,-83.94641264,0.115,2/24/2022,1204,2,2,0,0,CLEAR,DRY,FALSE,OTHER ROADWAY OR MID-BLOCK COLLISION,REAR TO REAR,STRAIGHT & LEVEL,DAYLIGHT,5,O,087-CS-1119  -000
29812738,"KY STATE POLICE, POST 08",MONTGOMERY,KY0686,,INDIAN MOUND,DR,38.05928452,-83.9557003,1.279,3/9/2022,1530,2,2,0,0,CLEAR,DRY,FALSE,COLLISION WITH FIXED OBJECT NON - INTERSECTION - FIRST EVENT COLLISION 09 - 32 EXCLUDING 16,REAR END,STRAIGHT & LEVEL,DAYLIGHT,5,O,087-KY-0686  -000
29822488,MT. STERLING POLICE DEPARTMENT,MONTGOMERY,KY0686,,INDIAN MOUND,DR,38.06184374,-83.95550582,1.086,3/9/2022,1520,3,3,0,0,CLEAR,DRY,FALSE,1 VEHICLE ENTERING/LEAVING ENTRANCE,ANGLE,STRAIGHT & LEVEL,DAYLIGHT,5,O,087-KY-0686  -000
29824960,MT. STERLING POLICE DEPARTMENT,MONTGOMERY,,,PATSY,WAY,38.07108412,-83.95509189,0.002,3/14/2022,2118,2,2,0,0,CLEAR,DRY,FALSE,ANGLE COLLISION - OTHER,ANGLE,STRAIGHT & LEVEL,DARK-HWY LIGHTED/ON,5,O,087-CS-1500  -000
29832414,MT. STERLING POLICE DEPARTMENT,MONTGOMERY,,470,DARLEY,CRK,38.04865958,-83.95130218,0.233,3/16/2022,2053,2,2,0,0,CLEAR,DRY,FALSE,1 VEHICLE PARKED POSITION (NOT PARKING LOT/DRIVEWAY),BACKING,STRAIGHT & LEVEL,DARK-HWY LIGHTED/ON,5,O,087-CS-1151  -000
29832768,MONTGOMERY CTY SHERIFF DEPT,MONTGOMERY,US0060,3060,OWINGSVILLE,RD,38.08601843,-83.899732,8.529,3/4/2022,629,2,2,0,0,CLEAR,DRY,FALSE,OTHER ROADWAY OR MID-BLOCK COLLISION,OPPOSING LEFT TURN,STRAIGHT & LEVEL,DAWN,5,O,087-US-0060  -000
29832779,MONTGOMERY CTY SHERIFF DEPT,MONTGOMERY,US0460,,CAMARGO,RD,38.04857983,-83.93906803,10.15,3/7/2022,1942,2,2,0,0,CLEAR,DRY,TRUE,REAR END - ONE VEHICLE TURNING LEFT,REAR END,STRAIGHT & LEVEL,DARK-HWY NOT LIGHTED,5,O,087-US-0460  -000
29832788,MONTGOMERY CTY SHERIFF DEPT,MONTGOMERY,,1900,OLDHAM,RD,38.00232663,-83.90884345,0.379,3/10/2022,1306,1,1,0,0,CLEAR,DRY,FALSE,COLLISION WITH FIXED OBJECT NON - INTERSECTION - FIRST EVENT COLLISION 09 - 32 EXCLUDING 16,SINGLE VEHICLE,STRAIGHT & LEVEL,DAYLIGHT,5,O,087-CS-2021  -000
29832792,MONTGOMERY CTY SHERIFF DEPT,MONTGOMERY,US0460,,MAYSVILLE,RD,38.07688095,-83.94932072,8.084,3/13/2022,920,2,2,0,0,CLOUDY,DRY,FALSE,ANGLE COLLISION - ONE VEHICLE TURNING RIGHT,ANGLE,STRAIGHT & LEVEL,DAYLIGHT,5,O,087-US-0460  -000
29832793,MONTGOMERY CTY SHERIFF DEPT,MONTGOMERY,KY0686,,INDIAN MOUND,DR,38.04120157,-83.94758013,2.765,3/8/2022,1118,2,2,0,0,CLEAR,DRY,FALSE,OTHER INTERSECTION COLLISIONS,REAR END,STRAIGHT & LEVEL,DAYLIGHT,5,O,087-KY-0686  -000
29832798,MONTGOMERY CTY SHERIFF DEPT,MONTGOMERY,US0460,,CAMARGO,RD,38.04176929,-83.93437052,10.696,3/11/2022,2318,2,2,0,0,SNOWING,SNOW/SLUSH,FALSE,1 VEHICLE ENTERING/LEAVING ENTRANCE,ANGLE,STRAIGHT & LEVEL,DARK-HWY LIGHTED/ON,5,O,087-US-0460  -000
29832800,MONTGOMERY CTY SHERIFF DEPT,MONTGOMERY,US0060,3060,OWINGSVILLE,RD,38.08554847,-83.89991977,8.446,3/8/2022,118,1,1,0,0,CLOUDY,DRY,FALSE,RAN OFF ROADWAY (1 VEHICLE WITH/EARTH EMBANKMENT/DITCH),SINGLE VEHICLE,CURVE & LEVEL,DARK-HWY LIGHTED/ON,5,O,087-US-0060  -000
29832802,MONTGOMERY CTY SHERIFF DEPT,MONTGOMERY,KY0686,,INDIAN MOUND,DR,38.04717106,-83.92381131,4.2,3/14/2022,844,1,1,0,1,CLEAR,DRY,FALSE,RAN OFF ROADWAY (1 VEHICLE WITH/EARTH EMBANKMENT/DITCH),SINGLE VEHICLE,STRAIGHT & LEVEL,DAYLIGHT,3,B,087-KY-0686  -000
29832806,MONTGOMERY CTY SHERIFF DEPT,MONTGOMERY,,,CARTWRIGHT,RD,37.99937858,-83.89720276,0.001,3/14/2022,1331,2,2,0,0,CLEAR,DRY,FALSE,HEAD-ON COLLISION,HEAD ON,STRAIGHT & LEVEL,DAYLIGHT,5,O,087-CS-2013  -000
29832950,MONTGOMERY CTY SHERIFF DEPT,MONTGOMERY,US0460,,MAIN,ST,37.98349856,-83.87062808,16.253,3/14/2022,841,2,1,0,0,CLEAR,DRY,TRUE,SIDESWIPE COLLISION - OPPOSITE DIRECTION,SIDESWIPE-OPPOSITE DIRECTION,CURVE & GRADE,DAYLIGHT,5,O,087-US-0460  -000
29832974,MONTGOMERY CTY SHERIFF DEPT,MONTGOMERY,KY0011,,MAYSVILLE,RD,38.14125191,-83.95795839,13.814,3/17/2022,258,1,1,0,0,CLEAR,DRY,FALSE,COLLISION WITH FIXED OBJECT NON - INTERSECTION - FIRST EVENT COLLISION 09 - 32 EXCLUDING 16,SINGLE VEHICLE,STRAIGHT & LEVEL,DARK-HWY NOT LIGHTED,5,O,087-KY-0011  -000