IncidentID,AgencyName,County,RdwyNumber,Street,RoadwayName,StreetSfx,Latitude,Longitude,Milepoint,CollisionDate,CollisionTime,UnitsInvolved,MotorVehiclesInvolved,NumberKilled,NumberInjured,Weather,RdwyConditionCode,HitandRun,DirAnalysisCode,MannerofCollision,RdwyCharacter,LightCondition,KABCO Code,KABCO,RT_UNIQUE
29840788,MT. STERLING POLICE DEPARTMENT,MONTGOMERY,KY0686,,INDIAN MOUND,DR,38.05361147,-83.95650568,1.658,3/20/2022,1317,2,2,0,1,CLEAR,DRY,FALSE,ANGLE COLLISION - ONE VEHICLE TURNING LEFT,ANGLE,STRAIGHT & LEVEL,DAYLIGHT,4,C,087-KY-0686  -000
29848908,MT. STERLING POLICE DEPARTMENT,MONTGOMERY,US0060,21,MAIN,ST,38.05649761,-83.94170589,5.149,3/22/2022,1612,2,2,0,0,CLEAR,DRY,FALSE,1 VEHICLE PARKED POSITION (NOT PARKING LOT/DRIVEWAY),SIDESWIPE-SAME DIRECTION,STRAIGHT & LEVEL,DAYLIGHT,5,O,087-US-0060  -000
29864737,MT. STERLING POLICE DEPARTMENT,MONTGOMERY,,,VANCE,DR,38.07438413,-83.95147146,0.055,3/25/2022,1817,2,2,0,0,CLOUDY,DRY,FALSE,VEHICLE BACKING IN INTERSECTION,BACKING,STRAIGHT & HILLCREST,DAYLIGHT,5,O,087-CS-1115  -000
29867918,MT. STERLING POLICE DEPARTMENT,MONTGOMERY,,199,ROGERS,AVE,38.0585453,-83.95236896,0.097,3/21/2022,1229,1,1,0,0,CLEAR,DRY,FALSE,OTHER ROADWAY OR MID-BLOCK COLLISION,SINGLE VEHICLE,STRAIGHT & GRADE,DAYLIGHT,5,O,087-CR-1144  -000
29889373,MT. STERLING POLICE DEPARTMENT,MONTGOMERY,,306,CLEAR WATER,WAY,38.0496542,-83.95212411,0.029,3/23/2022,958,2,2,0,0,CLEAR,DRY,TRUE,1 VEHICLE PARKED POSITION (NOT PARKING LOT/DRIVEWAY),BACKING,STRAIGHT & LEVEL,DAYLIGHT,5,O,087-CS-1156  -000
29907672,MONTGOMERY CTY SHERIFF DEPT,MONTGOMERY,KY0646,,KIDDVILLE,RD,38.00793892,-83.95225495,11.463,3/20/2022,2019,2,2,0,0,CLEAR,DRY,FALSE,SIDESWIPE COLLISION - OPPOSITE DIRECTION,SIDESWIPE-OPPOSITE DIRECTION,STRAIGHT & LEVEL,DARK-HWY NOT LIGHTED,5,O,087-KY-0646  -000
29907680,MONTGOMERY CTY SHERIFF DEPT,MONTGOMERY,KY0713,,SPENCER,PIKE,38.03728815,-83.88623833,9.913,3/21/2022,1340,1,1,0,0,CLEAR,DRY,FALSE,COLLISION WITH FIXED OBJECT NON - INTERSECTION - FIRST EVENT COLLISION 09 - 32 EXCLUDING 16,SINGLE VEHICLE,CURVE & LEVEL,DAYLIGHT,5,O,087-KY-0713  -000
29907693,MONTGOMERY CTY SHERIFF DEPT,MONTGOMERY,,,QUISENBERRY,RD,38.10260947,-83.88656663,0.639,3/10/2022,2050,1,1,1,4,CLEAR,DRY,FALSE,OTHER ROADWAY OR MID-BLOCK COLLISION,SINGLE VEHICLE,STRAIGHT & HILLCREST,DARK-HWY NOT LIGHTED,1,K,087-CR-1011  -000
29907709,MONTGOMERY CTY SHERIFF DEPT,MONTGOMERY,I 0064,,,,38.08726322,-83.89951813,0.191,3/21/2022,1453,2,2,0,0,CLEAR,DRY,FALSE,OTHER RAMP RELATED COLLISIONS NOT LISTED ABOVE,REAR END,STRAIGHT & GRADE,DAYLIGHT,5,O,087-CR-1042  -000
29907713,MONTGOMERY CTY SHERIFF DEPT,MONTGOMERY,US0060,,WINCHESTER,RD,38.04425769,-83.99270696,2.16,3/27/2022,1350,1,1,0,0,CLEAR,DRY,FALSE,RAN OFF ROADWAY (1 VEHICLE WITH/EARTH EMBANKMENT/DITCH),SINGLE VEHICLE,CURVE & GRADE,DAYLIGHT,5,O,087-US-0060  -000
29907719,MONTGOMERY CTY SHERIFF DEPT,MONTGOMERY,,,ELMWOOD,DR,38.05163792,-83.95995123,0.022,3/23/2022,1014,1,1,0,0,CLOUDY,DRY,FALSE,COLLISION WITH FIXED OBJECT NON - INTERSECTION - FIRST EVENT COLLISION 09 - 32 EXCLUDING 16,SINGLE VEHICLE,STRAIGHT & LEVEL,DAYLIGHT,5,O,087-CR-1306E -000
29907720,MONTGOMERY CTY SHERIFF DEPT,MONTGOMERY,US0460,,PARIS,RD,38.09891712,-84.00004242,4.356,3/23/2022,1511,1,1,0,0,CLEAR,DRY,FALSE,RAN OFF ROADWAY (1 VEHICLE WITH/EARTH EMBANKMENT/DITCH),SINGLE VEHICLE,STRAIGHT & LEVEL,DAYLIGHT,5,O,087-US-0460  -000
29907722,MONTGOMERY CTY SHERIFF DEPT,MONTGOMERY,KY0686,,INDIAN MOUND,DR,38.04763518,-83.92348095,4.237,3/29/2022,854,1,1,0,0,CLOUDY,DRY,FALSE,COLLISION WITH NON-FIXED OBJECT ,SINGLE VEHICLE,CURVE & LEVEL,DAYLIGHT,5,O,087-KY-0686  -000
29907724,MONTGOMERY CTY SHERIFF DEPT,MONTGOMERY,KY0686,,INDIAN MOUND,DR,38.06554501,-83.95546976,0.849,3/28/2022,1625,2,2,0,0,CLEAR,DRY,FALSE,ANGLE COLLISION - OTHER,ANGLE,STRAIGHT & LEVEL,DAYLIGHT,5,O,087-KY-0686  -000
29907732,MONTGOMERY CTY SHERIFF DEPT,MONTGOMERY,US0060,3060,OWINGSVILLE,RD,38.08579232,-83.89978645,8.464,4/1/2022,1632,2,2,0,0,CLEAR,DRY,FALSE,SIDESWIPE COLLISION - OPPOSITE DIRECTION,SIDESWIPE-OPPOSITE DIRECTION,STRAIGHT & LEVEL,DAYLIGHT,5,O,087-US-0060  -000
29916184,MT. STERLING POLICE DEPARTMENT,MONTGOMERY,KY0686,,INDIAN MOUND,DR,38.0538533,-83.95623678,1.657,4/8/2022,959,2,2,0,0,CLOUDY,DRY,FALSE,ANGLE COLLISION - OTHER,ANGLE,STRAIGHT & LEVEL,DAYLIGHT,5,O,087-KY-0686  -000
29925089,MT. STERLING POLICE DEPARTMENT,MONTGOMERY,KY0686,499,INDIAN MOUND,DR,38.06909138,-83.955896,0.601,4/8/2022,1126,2,2,0,0,CLEAR,DRY,FALSE,VEHICLE BACKING NON INTERSECTION,BACKING,STRAIGHT & LEVEL,DAYLIGHT,5,O,087-KY-0686  -000
29925091,MT. STERLING POLICE DEPARTMENT,MONTGOMERY,KY0011,,LEVEE,RD,38.04127329,-83.94735786,9.213,4/8/2022,1816,2,2,0,3,CLOUDY,WET,FALSE,REAR END IN TRAFFIC LANES BOTH VEHICLES MOVING,REAR END,STRAIGHT & LEVEL,DAYLIGHT,3,B,087-KY-0011  -000
29925489,MONTGOMERY CTY SHERIFF DEPT,MONTGOMERY,US0060,3426,WINCHESTER,RD,38.0357337,-84.01245133,0.812,4/4/2022,2208,1,1,0,0,CLEAR,DRY,FALSE,COLLISION WITH ANIMAL NON INTERSECTION,SINGLE VEHICLE,STRAIGHT & LEVEL,DARK-HWY NOT LIGHTED,5,O,087-US-0060  -000
29925491,MONTGOMERY CTY SHERIFF DEPT,MONTGOMERY,KY0686,,INDIAN MOUND,DR,38.0544724,-83.91689492,4.843,4/8/2022,1532,2,2,0,0,CLOUDY,DRY,FALSE,1 VEHICLE ENTERING/LEAVING ENTRANCE,ANGLE,STRAIGHT & LEVEL,DAYLIGHT,5,O,087-KY-0686  -000
29925495,MONTGOMERY CTY SHERIFF DEPT,MONTGOMERY,,,CHENAULT,LN,38.04777639,-83.9567455,0.446,4/3/2022,2245,1,1,0,0,CLEAR,DRY,FALSE,RAN OFF ROADWAY (1 VEHICLE WITH/EARTH EMBANKMENT/DITCH),SINGLE VEHICLE,CURVE & LEVEL,DARK-HWY LIGHTED/ON,5,O,087-CS-1032  -000
29929227,MONTGOMERY CTY SHERIFF DEPT,MONTGOMERY,KY0011,10190,LEVEE,RD,37.92403471,-83.9126792,0.329,4/11/2022,2355,1,1,0,1,RAINING,WET,FALSE,RAN OFF ROADWAY (1 VEHICLE WITH/EARTH EMBANKMENT/DITCH),SINGLE VEHICLE,CURVE & LEVEL,DARK-HWY NOT LIGHTED,3,B,087-CS-2003  -000
29931246,MT. STERLING POLICE DEPARTMENT,MONTGOMERY,US0460,,CAMARGO,RD,38.03796987,-83.93290024,10.99,4/11/2022,500,1,1,0,0,CLOUDY,WET,FALSE,COLLISION WITH ANIMAL NON INTERSECTION,SINGLE VEHICLE,STRAIGHT & LEVEL,DARK-HWY NOT LIGHTED,5,O,087-US-0460  -000
29931250,MT. STERLING POLICE DEPARTMENT,MONTGOMERY,,495,SPRING,ST,38.05138984,-83.95287088,0.206,4/12/2022,1510,2,1,0,1,CLOUDY,DRY,FALSE,COLLISION WITH PEDESTRIAN NON - INTERSECTION,SINGLE VEHICLE,STRAIGHT & LEVEL,DAYLIGHT,4,C,087-CR-1042  -000
29932841,MT. STERLING POLICE DEPARTMENT,MONTGOMERY,KY0686,,INDIAN MOUND,DR,38.06729207,-83.95546268,0.717,4/12/2022,1420,2,2,0,0,CLEAR,DRY,FALSE,ANGLE COLLISION - OTHER,ANGLE,STRAIGHT & LEVEL,DAYLIGHT,5,O,087-KY-0686  -000
29935783,MT. STERLING POLICE DEPARTMENT,MONTGOMERY,,,EVANS,AVE,38.07552019,-83.94900035,0.032,4/13/2022,1323,2,2,0,0,CLEAR,DRY,FALSE,REAR END IN TRAFFIC LANES BOTH VEHICLES MOVING,REAR END,STRAIGHT & LEVEL,DAYLIGHT,5,O,087-CS-1116  -000
29942574,MONTGOMERY CTY SHERIFF DEPT,MONTGOMERY,US0060,,WINCHESTER,RD,38.04685695,-83.98412827,2.689,4/12/2022,1643,2,2,0,0,CLEAR,DRY,TRUE,OPPOSITE DIRECTION - BOTH VEHICLES GOING STRAIGHT AHEAD,SIDESWIPE-OPPOSITE DIRECTION,STRAIGHT & LEVEL,DAYLIGHT,5,O,087-US-0060  -000
29942576,MONTGOMERY CTY SHERIFF DEPT,MONTGOMERY,KY0011,,MAYSVILLE,RD,38.08890607,-83.95018586,10.084,4/11/2022,1312,2,2,0,0,RAINING,WET,FALSE,1 VEHICLE ENTERING/LEAVING ENTRANCE,ANGLE,STRAIGHT & GRADE,DAYLIGHT,5,O,087-KY-0011  -000
29942578,MONTGOMERY CTY SHERIFF DEPT,MONTGOMERY,KY0011,,MAYSVILLE,RD,38.15031957,-83.95506679,14.468,4/12/2022,2327,1,1,0,0,CLEAR,DRY,FALSE,COLLISION WITH ANIMAL NON INTERSECTION,SINGLE VEHICLE,STRAIGHT & LEVEL,DARK-HWY NOT LIGHTED,5,O,087-KY-0011  -000
29942579,MONTGOMERY CTY SHERIFF DEPT,MONTGOMERY,,,PREWITT,PIKE,38.0195931,-83.98633185,2.207,4/13/2022,2210,1,1,0,0,RAINING,WET,FALSE,COLLISION WITH FIXED OBJECT NON - INTERSECTION - FIRST EVENT COLLISION 09 - 32 EXCLUDING 16,SINGLE VEHICLE,CURVE & LEVEL,DARK-HWY NOT LIGHTED,5,O,087-CR-1226  -000
29943901,MT. STERLING POLICE DEPARTMENT,MONTGOMERY,KY1991,,HINKSTON,PIKE,38.06898996,-83.93801428,0.476,4/13/2022,1417,2,2,0,0,CLOUDY,DRY,TRUE,SIDESWIPE COLLISION - OPPOSITE DIRECTION,SIDESWIPE-OPPOSITE DIRECTION,STRAIGHT & LEVEL,DAYLIGHT,5,O,087-KY-1991  -000
29943907,MT. STERLING POLICE DEPARTMENT,MONTGOMERY,KY0686,,INDIAN MOUND,DR,38.06552621,-83.95524897,0.847,4/15/2022,1710,2,2,0,2,CLEAR,DRY,FALSE,ANGLE COLLISION - OTHER,ANGLE,STRAIGHT & LEVEL,DAYLIGHT,2,A,087-KY-0686  -000
29944548,MT. STERLING POLICE DEPARTMENT,MONTGOMERY,KY0686,,INDIAN MOUND,DR,38.06734629,-83.95542691,0.721,4/15/2022,1706,2,2,0,0,CLOUDY,DRY,FALSE,,OPPOSING LEFT TURN,STRAIGHT & LEVEL,DAYLIGHT,5,O,087-KY-0686  -000
29944549,MT. STERLING POLICE DEPARTMENT,MONTGOMERY,,1314,SHADELAWN,DR,38.03645553,-83.95939196,0.365,4/15/2022,425,2,2,0,0,CLEAR,DRY,FALSE,,BACKING,STRAIGHT & LEVEL,DARK-HWY LIGHTED/OFF,5,O,087-CR-1242G -000
29944692,MONTGOMERY CTY SHERIFF DEPT,MONTGOMERY,KY0537,,VAN THOMPSON,RD,38.13099189,-83.88713869,8.537,4/1/2022,810,1,1,0,0,CLOUDY,WET,FALSE,RAN OFF ROADWAY (1 VEHICLE WITH/EARTH EMBANKMENT/DITCH),SINGLE VEHICLE,STRAIGHT & HILLCREST,DAYLIGHT,5,O,087-KY-0537  -000
29948235,MONTGOMERY CTY SHERIFF DEPT,MONTGOMERY,US0460,,MAIN,ST,37.97489109,-83.84624604,17.688,4/13/2022,1524,2,2,0,2,RAINING,WET,FALSE,OPPOSING LEFT TURN,OPPOSING LEFT TURN,STRAIGHT & LEVEL,DAYLIGHT,3,B,087-US-0460  -000
29954154,MT. STERLING POLICE DEPARTMENT,MONTGOMERY,KY0011,,LEVEE,RD,38.03644659,-83.94999168,8.923,4/18/2022,906,2,2,0,0,RAINING,WET,FALSE,REAR END IN TRAFFIC LANES BOTH VEHICLES MOVING,REAR END,STRAIGHT & LEVEL,DAWN,5,O,087-KY-0011  -000
29970605,"KY STATE POLICE, POST 08",MONTGOMERY,US0460,,MAIN,ST,37.98232289,-83.86764493,16.438,4/20/2022,1656,2,2,0,0,CLEAR,DRY,FALSE,REAR END IN TRAFFIC LANES BOTH VEHICLES MOVING,REAR END,STRAIGHT & LEVEL,DAYLIGHT,5,O,087-US-0460  -000
29974314,MONTGOMERY CTY SHERIFF DEPT,MONTGOMERY,US0460,,PARIS,RD,38.088214,-83.95127982,7.243,4/15/2022,1648,2,2,0,0,CLEAR,DRY,FALSE,REAR END IN TRAFFIC LANES BOTH VEHICLES MOVING,REAR END,STRAIGHT & LEVEL,DAYLIGHT,5,O,087-US-0460  -000
29974317,MONTGOMERY CTY SHERIFF DEPT,MONTGOMERY,,,RICHMOND,AVE,38.04715752,-83.94848999,0.535,4/14/2022,2242,3,3,0,2,CLEAR,DRY,FALSE,1 VEHICLE PARKED POSITION (NOT PARKING LOT/DRIVEWAY),ANGLE,CURVE & HILLCREST,DARK-HWY LIGHTED/ON,3,B,087-CS-1024  -000
29974320,MONTGOMERY CTY SHERIFF DEPT,MONTGOMERY,,569,JAMIE RIDGE,DR,38.07051551,-83.89734244,0.033,4/18/2022,743,2,2,0,0,CLOUDY,DRY,FALSE,1 VEHICLE PARKED POSITION (NOT PARKING LOT/DRIVEWAY),SIDESWIPE-SAME DIRECTION,STRAIGHT & LEVEL,DARK-HWY NOT LIGHTED,5,O,087-PR-1087  -000
29974322,MONTGOMERY CTY SHERIFF DEPT,MONTGOMERY,US0060,,WINCHESTER,RD,38.05320186,-83.96225602,3.991,4/14/2022,2230,2,2,0,0,CLEAR,DRY,FALSE,SIDESWIPE-SAME DIRECTION,SIDESWIPE-SAME DIRECTION,STRAIGHT & GRADE,DARK-HWY NOT LIGHTED,5,O,087-US-0060  -000
29978079,MT. STERLING POLICE DEPARTMENT,MONTGOMERY,,,HIGH,ST,38.05728128,-83.94376537,0.256,4/23/2022,1413,2,2,0,0,CLEAR,DRY,FALSE,ANGLE COLLISION - OTHER,ANGLE,STRAIGHT & LEVEL,DAYLIGHT,5,O,087-CS-1052  -000
29981844,MONTGOMERY CTY SHERIFF DEPT,MONTGOMERY,KY0713,6295,SPENCER,PIKE,38.0304372,-83.87390895,10.792,4/22/2022,1702,2,2,0,0,CLEAR,DRY,FALSE,SIDESWIPE COLLISION - OPPOSITE DIRECTION,SIDESWIPE-OPPOSITE DIRECTION,CURVE & LEVEL,DAYLIGHT,5,O,087-KY-0713  -000
29987693,MT. STERLING POLICE DEPARTMENT,MONTGOMERY,,,SYCAMORE,ST,38.05681166,-83.94537532,0.452,4/24/2022,1920,3,3,0,0,CLEAR,DRY,FALSE,1 VEHICLE PARKED POSITION (NOT PARKING LOT/DRIVEWAY),SIDESWIPE-SAME DIRECTION,STRAIGHT & LEVEL,DAYLIGHT,5,O,087-CS-1054  -000
29987694,MT. STERLING POLICE DEPARTMENT,MONTGOMERY,KY0686,,INDIAN MOUND,DR,38.06181034,-83.95558652,1.089,4/25/2022,1118,2,2,0,2,CLEAR,DRY,FALSE,ANGLE COLLISION - ONE VEHICLE TURNING LEFT,ANGLE,STRAIGHT & LEVEL,DAYLIGHT,4,C,087-KY-0686  -000
29989229,MONTGOMERY CTY SHERIFF DEPT,MONTGOMERY,,,STEPSTONE,RD,38.08508061,-83.8886233,0.476,4/9/2022,1753,2,2,0,0,CLOUDY,DRY,FALSE,1 VEHICLE ENTERING/LEAVING ENTRANCE,ANGLE,STRAIGHT & GRADE,DAYLIGHT,5,O,087-KY-1331  -000
29994646,MT. STERLING POLICE DEPARTMENT,MONTGOMERY,US0460,,MAYSVILLE,ST,38.06384511,-83.94468856,9.023,4/20/2022,1148,3,3,0,0,CLEAR,DRY,FALSE,REAR END IN TRAFFIC LANES BOTH VEHICLES MOVING,REAR END,STRAIGHT & HILLCREST,DAYLIGHT,5,O,087-US-0460  -000
30010542,MT. STERLING POLICE DEPARTMENT,MONTGOMERY,I 0064,,,,38.07690663,-83.94956637,0.031,5/2/2022,1746,2,2,0,0,CLEAR,DRY,FALSE,OTHER RAMP RELATED COLLISIONS NOT LISTED ABOVE,REAR END,STRAIGHT & HILLCREST,DAYLIGHT,5,O,087-CR-1036  -000
30019055,MT. STERLING POLICE DEPARTMENT,MONTGOMERY,,,SILVER LAKE,DR,38.08139314,-83.95032549,0.038,5/2/2022,2045,2,2,0,0,CLEAR,DRY,FALSE,1 VEHICLE ENTERING/LEAVING ENTRANCE,ANGLE,STRAIGHT & GRADE,DUSK,5,O,087-CS-1120  -000
30022702,MONTGOMERY CTY SHERIFF DEPT,MONTGOMERY,KY0213,,BEDFORD,RD,38.00953589,-83.83376187,7.897,4/30/2022,1115,1,1,0,0,CLEAR,DRY,FALSE,COLLISION WITH FIXED OBJECT NON - INTERSECTION - FIRST EVENT COLLISION 09 - 32 EXCLUDING 16,SINGLE VEHICLE,STRAIGHT & GRADE,DAYLIGHT,5,O,087-KY-0213  -000
30022706,MONTGOMERY CTY SHERIFF DEPT,MONTGOMERY,US0060,,WINCHESTER,RD,38.04693415,-83.98407726,2.683,4/28/2022,1647,2,2,0,0,CLEAR,DRY,FALSE,REAR END - ONE VEHICLE TURNING LEFT,REAR END,STRAIGHT & LEVEL,DAYLIGHT,5,O,087-US-0060  -000
30022707,MONTGOMERY CTY SHERIFF DEPT,MONTGOMERY,,,RICHMOND,AVE,38.04221473,-83.95073044,0.256,5/2/2022,609,2,2,0,0,CLEAR,DRY,FALSE,1 VEHICLE ENTERING/LEAVING ENTRANCE,ANGLE,STRAIGHT & LEVEL,DAWN,5,O,087-CS-1024  -000
30027522,MT. STERLING POLICE DEPARTMENT,MONTGOMERY,US0460,,CAMARGO,RD,38.04189168,-83.93423878,10.705,5/5/2022,805,2,2,0,0,CLEAR,DRY,FALSE,REAR END IN TRAFFIC LANES BOTH VEHICLES MOVING,REAR END,STRAIGHT & LEVEL,DAYLIGHT,5,O,087-US-0460  -000
30033096,MT. STERLING POLICE DEPARTMENT,MONTGOMERY,,316,CLAY,ST,38.05837539,-83.94914747,0.339,5/8/2022,10,2,2,0,0,CLOUDY,WET,FALSE,,REAR END,STRAIGHT & GRADE,DARK-HWY LIGHTED/ON,5,O,087-CR-1110  -000
30052610,MT. STERLING POLICE DEPARTMENT,MONTGOMERY,,,SYCAMORE,ST,38.05690756,-83.94541664,0.445,5/6/2022,1515,3,3,0,0,RAINING,WET,FALSE,ANGLE COLLISION - OTHER,ANGLE,STRAIGHT & GRADE,DAYLIGHT,5,O,087-CS-1054  -000
30052612,MT. STERLING POLICE DEPARTMENT,MONTGOMERY,,505,HOLT,AVE,38.05996067,-83.9527951,0.346,4/30/2022,1502,2,2,0,0,CLEAR,DRY,FALSE,1 VEHICLE PARKED POSITION (NOT PARKING LOT/DRIVEWAY),BACKING,STRAIGHT & LEVEL,DAYLIGHT,5,O,087-CS-1051  -000
30052619,MT. STERLING POLICE DEPARTMENT,MONTGOMERY,KY0686,,INDIAN MOUND,DR,38.07096974,-83.95487348,0.463,5/11/2022,1222,2,2,0,0,CLEAR,DRY,FALSE,SIDESWIPE COLLISION - SAME DIRECTION,SIDESWIPE-SAME DIRECTION,STRAIGHT & LEVEL,DAYLIGHT,5,O,087-KY-0686  -000
30053246,MONTGOMERY CTY SHERIFF DEPT,MONTGOMERY,,,OREAR,RD,37.95583947,-83.93883252,0.044,4/28/2022,1315,2,1,0,0,CLEAR,DRY,FALSE,SIDESWIPE COLLISION - OPPOSITE DIRECTION,SIDESWIPE-OPPOSITE DIRECTION,CURVE & GRADE,DAYLIGHT,5,O,087-CR-1221  -000
30055037,MONTGOMERY CTY SHERIFF DEPT,MONTGOMERY,US0460,,PARIS,RD,38.11671745,-84.04680625,1.383,5/4/2022,1445,1,1,0,4,CLEAR,DRY,FALSE,RAN OFF ROADWAY (1 VEHICLE WITH/EARTH EMBANKMENT/DITCH),SINGLE VEHICLE,CURVE & LEVEL,DAYLIGHT,2,A,087-US-0460  -000
30055038,MONTGOMERY CTY SHERIFF DEPT,MONTGOMERY,KY0011,8920,LEVEE,RD,37.94745729,-83.93227917,2.317,5/5/2022,1424,1,1,0,1,CLEAR,DRY,FALSE,COLLISION WITH FIXED OBJECT NON - INTERSECTION - FIRST EVENT COLLISION 09 - 32 EXCLUDING 16,SINGLE VEHICLE,STRAIGHT & LEVEL,DAYLIGHT,2,A,087-KY-0011  -000
30055044,MONTGOMERY CTY SHERIFF DEPT,MONTGOMERY,US0460,,MAIN,ST,37.97725184,-83.85372065,17.275,5/8/2022,1225,2,2,0,3,CLEAR,DRY,FALSE,ANGLE COLLISION - OTHER,ANGLE,STRAIGHT & LEVEL,DAYLIGHT,3,B,087-US-0460  -000
30055046,MONTGOMERY CTY SHERIFF DEPT,MONTGOMERY,KY0011,7310,LEVEE,RD,37.95795459,-83.93882473,3.143,5/6/2022,38,1,1,0,0,CLEAR,DRY,FALSE,OTHER ROADWAY OR MID-BLOCK COLLISION,SINGLE VEHICLE,STRAIGHT & LEVEL,DARK-HWY NOT LIGHTED,5,O,087-KY-0011  -000
30055047,MONTGOMERY CTY SHERIFF DEPT,MONTGOMERY,US0460,3409,CAMARGO,RD,37.99955236,-83.89729954,14.359,5/9/2022,706,2,2,0,0,CLEAR,DRY,FALSE,1 VEHICLE ENTERING/LEAVING ENTRANCE,ANGLE,STRAIGHT & LEVEL,DAYLIGHT,5,O,087-US-0460  -000
30055050,MONTGOMERY CTY SHERIFF DEPT,MONTGOMERY,,5757,MCCORMICK,RD,38.01808064,-83.84932939,1.995,5/9/2022,1100,2,2,0,0,CLEAR,DRY,FALSE,1 VEHICLE PARKED POSITION (NOT PARKING LOT/DRIVEWAY),HEAD ON,STRAIGHT & GRADE,DAYLIGHT,5,O,087-CR-1123  -000
30055053,MONTGOMERY CTY SHERIFF DEPT,MONTGOMERY,,506,PLUM LICK,RD,38.13723038,-84.04947803,1.486,5/11/2022,625,2,2,0,0,CLEAR,DRY,FALSE,1 VEHICLE PARKED POSITION (NOT PARKING LOT/DRIVEWAY),ANGLE,CURVE & GRADE,DAWN,5,O,087-CR-1317  -000
30066761,MT. STERLING POLICE DEPARTMENT,MONTGOMERY,US0060,,WINCHESTER,RD,38.05379611,-83.95639942,4.315,5/15/2022,1805,2,2,0,0,CLEAR,DRY,FALSE,ANGLE COLLISION - OTHER,ANGLE,STRAIGHT & LEVEL,DAYLIGHT,5,O,087-US-0060  -000
30066762,MT. STERLING POLICE DEPARTMENT,MONTGOMERY,,,REESE,WAY,38.06741806,-83.95516277,0.01,5/15/2022,1725,2,2,0,0,CLOUDY,DRY,FALSE,OTHER INTERSECTION COLLISIONS,REAR END,STRAIGHT & LEVEL,DAYLIGHT,5,O,087-CS-1031  -000
30066763,MT. STERLING POLICE DEPARTMENT,MONTGOMERY,KY0686,,INDIAN MOUND,DR,38.06740302,-83.9554751,0.716,5/7/2022,1450,2,2,0,0,CLEAR,DRY,FALSE,OTHER ROADWAY OR MID-BLOCK COLLISION,REAR END,STRAIGHT & LEVEL,DAYLIGHT,5,O,087-KY-0686  -000
30071700,MT. STERLING POLICE DEPARTMENT,MONTGOMERY,KY0713,,HIGH,ST,38.05769315,-83.95313459,5.951,4/18/2022,1406,1,1,0,0,CLEAR,DRY,FALSE,COLLISION WITH FIXED OBJECT NON - INTERSECTION - FIRST EVENT COLLISION 09 - 32 EXCLUDING 16,SINGLE VEHICLE,STRAIGHT & LEVEL,DAYLIGHT,5,O,087-KY-0713  -000
30078413,MONTGOMERY CTY SHERIFF DEPT,MONTGOMERY,US0060,1834,OWINGSVILLE,RD,38.0814275,-83.9037468,8.089,5/13/2022,1731,1,1,0,0,CLEAR,DRY,FALSE,RAN OFF ROADWAY (1 VEHICLE WITH/EARTH EMBANKMENT/DITCH),SINGLE VEHICLE,STRAIGHT & LEVEL,DAYLIGHT,5,O,087-US-0060  -000
30078414,MONTGOMERY CTY SHERIFF DEPT,MONTGOMERY,,629,SMITH,ST,38.05827104,-83.92878731,0.292,5/5/2022,1900,2,2,0,0,CLEAR,DRY,FALSE,1 VEHICLE PARKED POSITION (NOT PARKING LOT/DRIVEWAY),BACKING,STRAIGHT & HILLCREST,DAYLIGHT,5,O,087-CR-1003B -000
30078416,MONTGOMERY CTY SHERIFF DEPT,MONTGOMERY,,108,JAMES,WAY,38.03293485,-83.97086845,0.037,5/7/2022,2235,2,2,0,0,CLEAR,DRY,FALSE,1 VEHICLE PARKED POSITION (NOT PARKING LOT/DRIVEWAY),REAR END,STRAIGHT & LEVEL,DARK-HWY NOT LIGHTED,5,O,087-CS-1082  -000
30078458,MONTGOMERY CTY SHERIFF DEPT,MONTGOMERY,US0460,,PARIS,RD,38.09701142,-83.97612228,5.709,5/14/2022,150,1,1,0,0,CLOUDY,DRY,FALSE,RAN OFF ROADWAY (1 VEHICLE WITH/EARTH EMBANKMENT/DITCH),SINGLE VEHICLE,CURVE & LEVEL,DARK-HWY NOT LIGHTED,5,O,087-US-0460  -000
30078462,MONTGOMERY CTY SHERIFF DEPT,MONTGOMERY,US0060,,OWINGSVILLE,RD,38.06207801,-83.93131228,5.878,5/16/2022,752,2,2,0,0,CLOUDY,WET,FALSE,ANGLE COLLISION - OTHER,ANGLE,STRAIGHT & LEVEL,DAYLIGHT,5,O,087-US-0060  -000
30096797,MONTGOMERY CTY SHERIFF DEPT,MONTGOMERY,KY0713,860,SPENCER,PIKE,38.05891795,-83.92458256,7.265,5/15/2022,1842,2,2,0,4,CLEAR,DRY,FALSE,SIDESWIPE COLLISION - OPPOSITE DIRECTION,SIDESWIPE-OPPOSITE DIRECTION,CURVE & LEVEL,DAYLIGHT,3,B,087-KY-0713  -000
30096798,MONTGOMERY CTY SHERIFF DEPT,MONTGOMERY,,,MCFARLAND,RD,37.96535902,-83.8062323,0.119,4/27/2022,1756,2,2,0,0,CLEAR,DRY,FALSE,VEHICLE BACKING NON INTERSECTION,BACKING,STRAIGHT & LEVEL,DAYLIGHT,5,O,087-CR-1138  -000