IncidentID,AgencyName,County,RdwyNumber,Street,RoadwayName,StreetSfx,Latitude,Longitude,Milepoint,CollisionDate,CollisionTime,UnitsInvolved,MotorVehiclesInvolved,NumberKilled,NumberInjured,Weather,RdwyConditionCode,HitandRun,DirAnalysisCode,MannerofCollision,RdwyCharacter,LightCondition,KABCO Code,KABCO,RT_UNIQUE
30096800,MONTGOMERY CTY SHERIFF DEPT,MONTGOMERY,,4454,MCCORMICK,RD,38.00776427,-83.87566491,1.309,5/10/2022,1330,1,1,0,0,CLEAR,DRY,FALSE,COLLISION WITH FIXED OBJECT NON - INTERSECTION - FIRST EVENT COLLISION 09 - 32 EXCLUDING 16,SINGLE VEHICLE,STRAIGHT & LEVEL,DAYLIGHT,5,O,087-CR-1123  -000
30096803,MONTGOMERY CTY SHERIFF DEPT,MONTGOMERY,,,FOGG,PIKE,38.04143842,-83.95211748,0.238,5/16/2022,1736,2,2,0,0,CLEAR,DRY,FALSE,SIDESWIPE COLLISION - OPPOSITE DIRECTION,SIDESWIPE-OPPOSITE DIRECTION,STRAIGHT & LEVEL,DAYLIGHT,5,O,087-CR-1227  -000
30096806,MONTGOMERY CTY SHERIFF DEPT,MONTGOMERY,KY0686,,INDIAN MOUND,DR,38.06185176,-83.95535153,1.08,5/18/2022,2,2,2,0,0,CLEAR,DRY,FALSE,VEHICLE BACKING NON INTERSECTION,BACKING,STRAIGHT & LEVEL,DARK-HWY NOT LIGHTED,5,O,087-KY-0686  -000
30096935,MONTGOMERY CTY SHERIFF DEPT,MONTGOMERY,KY0686,,INDIAN MOUND,DR,38.06563637,-83.95549803,0.854,5/19/2022,1459,2,2,0,0,CLEAR,DRY,FALSE,1 VEHICLE ENTERING/LEAVING ENTRANCE,ANGLE,STRAIGHT & LEVEL,DAYLIGHT,5,O,087-KY-0686  -000
30096946,MONTGOMERY CTY SHERIFF DEPT,MONTGOMERY,US0460,,CAMARGO,RD,37.99340681,-83.8860815,15.142,5/16/2022,1725,2,2,0,0,CLEAR,DRY,FALSE,OPPOSING LEFT TURN,OPPOSING LEFT TURN,STRAIGHT & LEVEL,DAYLIGHT,5,O,087-US-0460  -000
30096948,MONTGOMERY CTY SHERIFF DEPT,MONTGOMERY,US0460,3800,PARIS,RD,38.11715438,-84.04829524,1.297,5/21/2022,1744,1,1,0,1,SEVERE CROSSWINDS,WET,FALSE,COLLISION WITH FIXED OBJECT NON - INTERSECTION - FIRST EVENT COLLISION 09 - 32 EXCLUDING 16,SINGLE VEHICLE,STRAIGHT & LEVEL,DAYLIGHT,3,B,087-US-0460  -000
30103371,MT. STERLING POLICE DEPARTMENT,MONTGOMERY,US0060,,MAIN,ST,38.0542246,-83.95246571,4.535,5/24/2022,133,1,1,0,0,CLEAR,DRY,FALSE,COLLISION WITH FIXED OBJECT NON - INTERSECTION - FIRST EVENT COLLISION 09 - 32 EXCLUDING 16,SINGLE VEHICLE,STRAIGHT & LEVEL,DARK-HWY LIGHTED/ON,5,O,087-US-0060  -000
30117261,MT. STERLING POLICE DEPARTMENT,MONTGOMERY,,,WALMART,DR,38.06969685,-83.9559156,0.161,5/26/2022,2120,2,2,0,0,CLOUDY,WET,FALSE,1 VEHICLE ENTERING/LEAVING ENTRANCE,ANGLE,STRAIGHT & LEVEL,DARK-HWY LIGHTED/ON,5,O,087-PS-1020  -000
30119579,MT. STERLING POLICE DEPARTMENT,MONTGOMERY,US0460,690,MAYSVILLE,ST,38.07348254,-83.94819542,8.331,5/29/2022,56,2,2,0,1,CLEAR,DRY,FALSE,1 VEHICLE PARKED POSITION (NOT PARKING LOT/DRIVEWAY),BACKING,STRAIGHT & LEVEL,DARK-HWY LIGHTED/ON,4,C,087-US-0460  -000
30135585,MONTGOMERY CTY SHERIFF DEPT,MONTGOMERY,US0460,,MAIN,ST,37.97771156,-83.8549578,17.218,5/14/2022,1955,2,2,0,1,RAINING,WET,FALSE,1 VEHICLE ENTERING/LEAVING ENTRANCE,ANGLE,STRAIGHT & LEVEL,DAYLIGHT,3,B,087-US-0460  -000
30135589,MONTGOMERY CTY SHERIFF DEPT,MONTGOMERY,US0060,2108,WINCHESTER,RD,38.04747493,-83.98033781,2.908,5/18/2022,1640,2,2,0,1,CLEAR,DRY,FALSE,REAR END IN TRAFFIC LANES BOTH VEHICLES MOVING,REAR END,STRAIGHT & LEVEL,DAYLIGHT,3,B,087-US-0060  -000
30144789,MT. STERLING POLICE DEPARTMENT,MONTGOMERY,US0460,,CAMARGO,RD,38.03264564,-83.92807217,11.448,6/4/2022,2321,1,1,0,0,CLEAR,DRY,FALSE,,SINGLE VEHICLE,STRAIGHT & LEVEL,DARK-HWY NOT LIGHTED,5,O,087-US-0460  -000
30144792,MT. STERLING POLICE DEPARTMENT,MONTGOMERY,,,WALMART,DR,38.06903671,-83.95598161,0.116,6/4/2022,1945,2,2,0,0,CLEAR,DRY,FALSE,HEAD-ON COLLISION,HEAD ON,STRAIGHT & LEVEL,DAYLIGHT,5,O,087-PS-1020  -000
30159879,MONTGOMERY CTY SHERIFF DEPT,MONTGOMERY,US0460,,CAMARGO,RD,37.99942409,-83.89727027,14.37,5/27/2022,1138,2,2,0,1,CLOUDY,DRY,FALSE,OTHER INTERSECTION COLLISIONS,REAR END,STRAIGHT & LEVEL,DAYLIGHT,4,C,087-US-0460  -000
30159882,MONTGOMERY CTY SHERIFF DEPT,MONTGOMERY,US0460,,CAMARGO,RD,38.00382711,-83.90220362,13.954,5/26/2022,1401,2,2,0,0,CLOUDY,DRY,FALSE,REAR END IN TRAFFIC LANES BOTH VEHICLES MOVING,REAR END,STRAIGHT & GRADE,DAYLIGHT,5,O,087-US-0460  -000
30159883,MONTGOMERY CTY SHERIFF DEPT,MONTGOMERY,KY0646,570,WILLOUGHBY TOWN,RD,37.95256325,-83.89107135,1.77,5/29/2022,1006,1,1,0,0,CLEAR,DRY,FALSE,COLLISION WITH FIXED OBJECT NON - INTERSECTION - FIRST EVENT COLLISION 09 - 32 EXCLUDING 16,SINGLE VEHICLE,CURVE & GRADE,DAYLIGHT,5,O,087-KY-0646  -000
30159890,MONTGOMERY CTY SHERIFF DEPT,MONTGOMERY,KY0011,,LEVEE,RD,37.92650836,-83.913807,0.513,5/26/2022,1451,1,1,0,0,CLOUDY,DRY,FALSE,COLLISION WITH FIXED OBJECT NON - INTERSECTION - FIRST EVENT COLLISION 09 - 32 EXCLUDING 16,SINGLE VEHICLE,STRAIGHT & GRADE,DAYLIGHT,5,O,087-KY-0011  -000
30159894,MONTGOMERY CTY SHERIFF DEPT,MONTGOMERY,KY0713,,SPENCER,PIKE,38.05714298,-83.91967168,7.565,5/21/2022,1150,1,1,0,1,CLEAR,DRY,FALSE,RAN OFF ROADWAY (1 VEHICLE WITH/EARTH EMBANKMENT/DITCH),SINGLE VEHICLE,STRAIGHT & GRADE,DAYLIGHT,4,C,087-KY-0713  -000
30159895,MONTGOMERY CTY SHERIFF DEPT,MONTGOMERY,US0460,,CAMARGO,RD,38.0216035,-83.91563409,12.478,5/24/2022,1453,2,2,0,0,CLEAR,DRY,TRUE,1 VEHICLE ENTERING/LEAVING ENTRANCE,ANGLE,STRAIGHT & GRADE,DAYLIGHT,5,O,087-US-0460  -000
30159899,MONTGOMERY CTY SHERIFF DEPT,MONTGOMERY,,725,LINDEN,CT,38.08908852,-83.91116346,0.089,5/28/2022,1218,2,2,0,0,CLEAR,DRY,FALSE,1 VEHICLE PARKED POSITION (NOT PARKING LOT/DRIVEWAY),REAR END,STRAIGHT & LEVEL,DAYLIGHT,5,O,087-CR-1019F -000
30159905,MONTGOMERY CTY SHERIFF DEPT,MONTGOMERY,US0060,,OWINGSVILLE,RD,38.08119385,-83.90428738,8.057,5/27/2022,2227,2,1,1,0,CLEAR,DRY,FALSE,COLLISION WITH PEDESTRIAN NON - INTERSECTION,SINGLE VEHICLE,STRAIGHT & GRADE,DARK-HWY NOT LIGHTED,1,K,087-US-0060  -000
30160572,MONTGOMERY CTY SHERIFF DEPT,MONTGOMERY,US0460,5300,MAIN,ST,37.98233192,-83.86759047,16.44,6/3/2022,800,2,2,0,0,CLEAR,DRY,FALSE,1 VEHICLE PARKED POSITION (NOT PARKING LOT/DRIVEWAY),BACKING,STRAIGHT & LEVEL,DAYLIGHT,5,O,087-US-0460  -000
30160573,MONTGOMERY CTY SHERIFF DEPT,MONTGOMERY,KY0011,3233,LEVEE,RD,38.01071431,-83.94981102,7.138,4/7/2022,428,1,1,0,0,CLOUDY,WET,FALSE,COLLISION WITH FIXED OBJECT NON - INTERSECTION - FIRST EVENT COLLISION 09 - 32 EXCLUDING 16,SINGLE VEHICLE,CURVE & LEVEL,DARK-HWY NOT LIGHTED,5,O,087-KY-0011  -000
30160582,MONTGOMERY CTY SHERIFF DEPT,MONTGOMERY,,,RICHMOND,AVE,38.04807963,-83.94836082,0.468,6/4/2022,2136,2,2,0,0,CLEAR,DRY,FALSE,ANGLE COLLISION - OTHER,ANGLE,STRAIGHT & LEVEL,DARK-HWY NOT LIGHTED,5,O,087-CS-1024  -000
30160589,MONTGOMERY CTY SHERIFF DEPT,MONTGOMERY,,601,DOE RUN,DR,38.07161102,-83.91861732,0.024,6/3/2022,1503,2,2,0,0,CLEAR,DRY,TRUE,1 VEHICLE PARKED POSITION (NOT PARKING LOT/DRIVEWAY),BACKING,STRAIGHT & LEVEL,DAYLIGHT,5,O,087-CR-1005K -000
30160591,MONTGOMERY CTY SHERIFF DEPT,MONTGOMERY,US0060,,OWINGSVILLE,RD,38.0870844,-83.89919253,8.543,5/25/2022,2149,2,2,0,2,CLEAR,DRY,FALSE,REAR END IN TRAFFIC LANES BOTH VEHICLES MOVING,REAR END,STRAIGHT & LEVEL,DARK-HWY LIGHTED/ON,4,C,087-US-0060  -000
30160596,MONTGOMERY CTY SHERIFF DEPT,MONTGOMERY,KY0011,,LEVEE,RD,37.97181678,-83.93532304,4.184,6/6/2022,1126,2,2,0,0,CLOUDY,DRY,FALSE,SIDESWIPE COLLISION - OPPOSITE DIRECTION,SIDESWIPE-OPPOSITE DIRECTION,CURVE & LEVEL,DAYLIGHT,5,O,087-KY-0011  -000
30164875,MT. STERLING POLICE DEPARTMENT,MONTGOMERY,,,YOUNG,LN,38.07443757,-83.95194642,0.256,6/8/2022,1550,2,2,0,0,CLOUDY,DRY,FALSE,1 VEHICLE ENTERING/LEAVING ENTRANCE,ANGLE,STRAIGHT & LEVEL,DAYLIGHT,5,O,087-CS-1117  -000
30164901,MT. STERLING POLICE DEPARTMENT,MONTGOMERY,,,EVANS,AVE,38.07548573,-83.94915154,0.04,6/7/2022,535,2,2,0,0,CLEAR,WET,FALSE,1 VEHICLE ENTERING/LEAVING ENTRANCE,ANGLE,STRAIGHT & LEVEL,DARK-HWY LIGHTED/ON,5,O,087-CS-1116  -000
30165885,MT. STERLING POLICE DEPARTMENT,MONTGOMERY,US0460,US460,MAYSVILLE,RD,38.08138941,-83.94963866,7.769,6/8/2022,1949,2,2,0,1,CLOUDY,DRY,FALSE,ANGLE COLLISION - OTHER,ANGLE,STRAIGHT & GRADE,DAYLIGHT,4,C,087-US-0460  -000
30172083,MT. STERLING POLICE DEPARTMENT,MONTGOMERY,KY0686,,INDIAN MOUND,DR,38.07104952,-83.95510676,0.464,6/3/2022,1810,2,2,0,0,CLEAR,DRY,FALSE,ANGLE COLLISION - ONE VEHICLE TURNING LEFT,ANGLE,STRAIGHT & LEVEL,DAYLIGHT,5,O,087-KY-0686  -000
30178678,MONTGOMERY CTY SHERIFF DEPT,MONTGOMERY,,,OLD OWINGSVILLE,RD,38.07110379,-83.92044942,1.287,6/8/2022,1407,2,2,0,0,CLEAR,DRY,FALSE,1 VEHICLE ENTERING/LEAVING ENTRANCE,ANGLE,CURVE & LEVEL,DAYLIGHT,5,O,087-CR-1029  -000
30178682,MONTGOMERY CTY SHERIFF DEPT,MONTGOMERY,US0460,,MAYSVILLE,RD,38.08298708,-83.94955772,7.657,6/9/2022,813,1,1,0,0,CLEAR,DRY,FALSE,COLLISION WITH ANIMAL IN INTERSECTION,SINGLE VEHICLE,STRAIGHT & LEVEL,DAYLIGHT,5,O,087-US-0460  -000
30178687,MONTGOMERY CTY SHERIFF DEPT,MONTGOMERY,,,LONG BRANCH,RD,37.97149232,-83.81762275,0.039,6/12/2022,1403,1,1,0,0,CLEAR,DRY,FALSE,COLLISION WITH FIXED OBJECT IN INTERSECTION - FIRST EVENT COLLISION 09 - 32,SINGLE VEHICLE,CURVE & LEVEL,DAYLIGHT,5,O,087-CR-1059  -000
30178689,MONTGOMERY CTY SHERIFF DEPT,MONTGOMERY,KY0686,,INDIAN MOUND,DR,38.0542745,-83.95652918,1.625,6/10/2022,1738,2,2,0,3,CLOUDY,WET,FALSE,1 VEHICLE ENTERING/LEAVING ENTRANCE,ANGLE,STRAIGHT & LEVEL,DAYLIGHT,3,B,087-KY-0686  -000
30178690,MONTGOMERY CTY SHERIFF DEPT,MONTGOMERY,KY1991,,HINKSTON,PIKE,38.09650692,-83.92078379,2.795,6/12/2022,5,1,1,0,0,CLOUDY,DRY,FALSE,COLLISION WITH ANIMAL NON INTERSECTION,SINGLE VEHICLE,CURVE & LEVEL,DARK-HWY NOT LIGHTED,5,O,087-KY-1991  -000
30182972,MONTGOMERY CTY SHERIFF DEPT,MONTGOMERY,US0460,,PARIS,RD,38.11663918,-84.04345409,1.568,6/11/2022,923,1,1,0,0,CLEAR,WET,FALSE,COLLISION WITH ANIMAL NON INTERSECTION,SINGLE VEHICLE,CURVE & LEVEL,DAYLIGHT,5,O,087-US-0460  -000
30182973,MONTGOMERY CTY SHERIFF DEPT,MONTGOMERY,US0460,,CAMARGO,RD,37.99214197,-83.882334,15.364,6/9/2022,1356,1,1,0,0,CLEAR,DRY,FALSE,COLLISION WITH FIXED OBJECT NON - INTERSECTION - FIRST EVENT COLLISION 09 - 32 EXCLUDING 16,SINGLE VEHICLE,STRAIGHT & LEVEL,DAYLIGHT,5,O,087-US-0460  -000
30196269,MT. STERLING POLICE DEPARTMENT,MONTGOMERY,US0060,,MAIN,ST,38.05737717,-83.93783812,5.366,6/11/2022,2025,2,2,0,0,CLEAR,DRY,FALSE,ANGLE COLLISION - OTHER,ANGLE,STRAIGHT & LEVEL,DUSK,5,O,087-US-0060  -000
30196778,MT. STERLING POLICE DEPARTMENT,MONTGOMERY,KY0686,499,INDIAN MOUND,DR,38.06188592,-83.95549275,1.086,6/15/2022,1903,2,2,0,0,CLEAR,DRY,FALSE,OTHER ROADWAY OR MID-BLOCK COLLISION,REAR END,STRAIGHT & LEVEL,DAYLIGHT,5,O,087-KY-0686  -000
30216017,MT. STERLING POLICE DEPARTMENT,MONTGOMERY,US0460,,CAMARGO,RD,38.04192117,-83.93433585,10.699,6/17/2022,1504,2,2,0,1,CLEAR,DRY,FALSE,,ANGLE,STRAIGHT & LEVEL,DAYLIGHT,2,A,087-US-0460  -000
30220140,MT. STERLING POLICE DEPARTMENT,MONTGOMERY,,,EVANS,AVE,38.07548949,-83.94915064,0.04,6/22/2022,2355,1,1,0,0,CLEAR,DRY,FALSE,COLLISION WITH FIXED OBJECT IN INTERSECTION - FIRST EVENT COLLISION 09 - 32,SINGLE VEHICLE,STRAIGHT & LEVEL,DARK-HWY LIGHTED/ON,5,O,087-CS-1116  -000
30241314,MONTGOMERY CTY SHERIFF DEPT,MONTGOMERY,US0060,,WINCHESTER,RD,38.03145081,-84.02551045,0.068,6/16/2022,812,2,2,0,0,CLEAR,DRY,FALSE,OTHER INTERSECTION COLLISIONS,REAR END,STRAIGHT & GRADE,DAYLIGHT,5,O,087-US-0060  -000
30241316,MONTGOMERY CTY SHERIFF DEPT,MONTGOMERY,KY0713,3161,SPENCER,PIKE,38.02998148,-83.84250035,12.576,6/10/2022,2036,1,1,0,0,CLEAR,DRY,FALSE,RAN OFF ROADWAY (1 VEHICLE WITH/EARTH EMBANKMENT/DITCH),SINGLE VEHICLE,STRAIGHT & LEVEL,DAYLIGHT,5,O,087-KY-0713  -000
30241324,MONTGOMERY CTY SHERIFF DEPT,MONTGOMERY,KY0011,4774,LEVEE,RD,37.97657562,-83.93796943,4.525,6/17/2022,1316,4,4,0,1,RAINING,WATER (STANDING OR MOVING),FALSE,REAR END IN TRAFFIC LANES BOTH VEHICLES MOVING,REAR END,STRAIGHT & LEVEL,DAYLIGHT,3,B,087-KY-0011  -000
30241327,MONTGOMERY CTY SHERIFF DEPT,MONTGOMERY,KY0011,,MAYSVILLE,RD,38.1335234,-83.9575033,13.28,6/17/2022,631,1,1,0,0,CLEAR,DRY,FALSE,COLLISION WITH NON-FIXED OBJECT ,SINGLE VEHICLE,CURVE & LEVEL,DAYLIGHT,5,O,087-KY-0011  -000
30241335,MONTGOMERY CTY SHERIFF DEPT,MONTGOMERY,KY0686,,INDIAN MOUND,DR,38.04237192,-83.95071238,2.606,6/19/2022,1741,2,2,0,3,CLEAR,DRY,FALSE,ANGLE COLLISION - OTHER,ANGLE,STRAIGHT & LEVEL,DAYLIGHT,2,A,087-KY-0686  -000
30241337,MONTGOMERY CTY SHERIFF DEPT,MONTGOMERY,US0460,,CAMARGO,RD,37.99825115,-83.89585992,14.487,6/20/2022,1453,2,2,0,0,CLEAR,DRY,FALSE,REAR END IN TRAFFIC LANES BOTH VEHICLES MOVING,REAR END,STRAIGHT & LEVEL,DAYLIGHT,5,O,087-US-0460  -000
30241728,MONTGOMERY CTY SHERIFF DEPT,MONTGOMERY,KY0686,,INDIAN MOUND,DR,38.04231675,-83.95065401,2.602,6/21/2022,659,2,2,0,2,CLEAR,DRY,FALSE,ANGLE COLLISION - OTHER,ANGLE,STRAIGHT & HILLCREST,DAYLIGHT,3,B,087-KY-0686  -000
30241731,MONTGOMERY CTY SHERIFF DEPT,MONTGOMERY,KY0646,,KIDDVILLE,RD,37.99106837,-83.97608753,9.657,6/16/2022,1600,2,2,0,0,CLEAR,DRY,FALSE,HEAD-ON COLLISION,HEAD ON,CURVE & LEVEL,DAYLIGHT,5,O,087-KY-0646  -000
30241732,MONTGOMERY CTY SHERIFF DEPT,MONTGOMERY,,,CLARENCE,DR,38.09253422,-83.89765128,0.003,6/20/2022,1557,2,2,0,0,CLEAR,DRY,FALSE,REAR END IN TRAFFIC LANES BOTH VEHICLES MOVING,REAR END,STRAIGHT & LEVEL,DAYLIGHT,5,O,087-CR-1019G -000
30241738,MONTGOMERY CTY SHERIFF DEPT,MONTGOMERY,US0060,,OWINGSVILLE,RD,38.09106942,-83.89784803,8.847,6/22/2022,1707,2,2,0,0,CLEAR,DRY,FALSE,REAR END IN TRAFFIC LANES BOTH VEHICLES MOVING,REAR END,STRAIGHT & LEVEL,DAYLIGHT,5,O,087-US-0060  -000
30241739,MONTGOMERY CTY SHERIFF DEPT,MONTGOMERY,KY1331,2757,HOWARDS MILL,RD,38.06596685,-83.86012811,2.752,6/17/2022,2201,1,1,0,2,CLEAR,DRY,FALSE,RAN OFF ROADWAY (1 VEHICLE WITH/EARTH EMBANKMENT/DITCH),SINGLE VEHICLE,STRAIGHT & LEVEL,DARK-HWY NOT LIGHTED,4,C,087-KY-1331  -000
30241747,MONTGOMERY CTY SHERIFF DEPT,MONTGOMERY,,,WADES MILL,RD,38.03150669,-84.02546949,0.004,6/21/2022,2235,1,1,0,0,CLEAR,DRY,FALSE,COLLISION WITH NON-FIXED OBJECT ,SINGLE VEHICLE,STRAIGHT & LEVEL,DARK-HWY NOT LIGHTED,5,O,087-CR-1228  -000
30241751,MONTGOMERY CTY SHERIFF DEPT,MONTGOMERY,,,NEW CUT,RD,37.96942151,-83.79808284,0.881,6/25/2022,1342,2,2,0,0,CLEAR,DRY,FALSE,ANGLE COLLISION - OTHER,ANGLE,STRAIGHT & HILLCREST,DAYLIGHT,5,O,087-CR-1105  -000
30247350,MONTGOMERY CTY SHERIFF DEPT,MONTGOMERY,US0460,,CAMARGO,RD,38.01545389,-83.91079147,12.996,5/26/2022,903,2,2,0,0,RAINING,WET,FALSE,REAR END IN TRAFFIC LANES BOTH VEHICLES MOVING,REAR END,CURVE & LEVEL,DAYLIGHT,5,O,087-US-0460  -000
30247352,MONTGOMERY CTY SHERIFF DEPT,MONTGOMERY,US0460,,CAMARGO,RD,37.99930066,-83.89711374,14.382,6/29/2022,1442,2,2,0,0,CLEAR,DRY,FALSE,OTHER ROADWAY OR MID-BLOCK COLLISION,OPPOSING LEFT TURN,STRAIGHT & LEVEL,DAYLIGHT,5,O,087-US-0460  -000
30248914,MT. STERLING POLICE DEPARTMENT,MONTGOMERY,KY0011,,LEVEE,RD,38.04098571,-83.9479977,9.229,6/30/2022,1033,2,2,0,0,CLEAR,DRY,FALSE,REAR END IN TRAFFIC LANES BOTH VEHICLES MOVING,REAR END,STRAIGHT & LEVEL,DAYLIGHT,5,O,087-KY-0011  -000
30248915,MT. STERLING POLICE DEPARTMENT,MONTGOMERY,,,HIGH,ST,38.05740871,-83.94315842,0.291,6/30/2022,1151,2,2,0,0,CLEAR,DRY,FALSE,COLLISION WITH PARKED VEHICLE,ANGLE,STRAIGHT & GRADE,DAYLIGHT,5,O,087-CS-1052  -000
30257071,MT. STERLING POLICE DEPARTMENT,MONTGOMERY,US0060,,WINCHESTER,RD,38.05383368,-83.95636413,4.317,6/29/2022,1724,2,2,0,1,CLEAR,DRY,FALSE,,ANGLE,STRAIGHT & LEVEL,DAYLIGHT,4,C,087-US-0060  -000
30265303,MONTGOMERY CTY SHERIFF DEPT,MONTGOMERY,US0460,,CAMARGO,RD,38.00100821,-83.89909632,14.216,6/21/2022,1738,2,2,0,0,CLEAR,DRY,FALSE,ANGLE COLLISION - OTHER,ANGLE,STRAIGHT & LEVEL,DAYLIGHT,5,O,087-US-0460  -000
30267309,MT. STERLING POLICE DEPARTMENT,MONTGOMERY,US0460,,MAYSVILLE,ST,38.06377753,-83.94467851,9.028,7/4/2022,1017,2,2,0,0,CLEAR,DRY,FALSE,OTHER INTERSECTION COLLISIONS,REAR END,STRAIGHT & HILLCREST,DAYLIGHT,5,O,087-US-0460  -000
30279825,MT. STERLING POLICE DEPARTMENT,MONTGOMERY,US0460,,MAYSVILLE,RD,38.0788851,-83.94948147,7.944,7/5/2022,1500,2,2,0,0,CLEAR,DRY,FALSE,ANGLE COLLISION - ONE VEHICLE TURNING LEFT,ANGLE,STRAIGHT & LEVEL,DAYLIGHT,5,O,087-US-0460  -000
30303184,MT. STERLING POLICE DEPARTMENT,MONTGOMERY,,,FOX,ST,38.05643539,-83.93480489,0.024,7/8/2022,1222,2,2,0,0,CLEAR,DRY,FALSE,SIDESWIPE COLLISION - SAME DIRECTION,SIDESWIPE-SAME DIRECTION,STRAIGHT & LEVEL,DAYLIGHT,5,O,087-CR-1048  -000
30317708,MT. STERLING POLICE DEPARTMENT,MONTGOMERY,,,WINGTIP,WAY,38.07569112,-83.94841495,0.1,7/6/2022,1217,2,2,0,0,CLOUDY,DRY,FALSE,ANGLE COLLISION - OTHER,ANGLE,STRAIGHT & LEVEL,DAYLIGHT,5,O,087-CS-1121  -000
30317711,MT. STERLING POLICE DEPARTMENT,MONTGOMERY,KY0686,,INDIAN MOUND,DR,38.07366512,-83.95123191,0.168,6/30/2022,1645,2,2,0,0,CLEAR,DRY,FALSE,1 VEHICLE ENTERING/LEAVING ENTRANCE,ANGLE,STRAIGHT & LEVEL,DAYLIGHT,5,O,087-KY-0686  -000
30317851,MT. STERLING POLICE DEPARTMENT,MONTGOMERY,KY0686,520,INDIAN MOUND,DR,38.0673351,-83.95517101,0.721,7/17/2022,1645,2,2,0,0,RAINING,WET,FALSE,ANGLE COLLISION - OTHER,ANGLE,STRAIGHT & LEVEL,DAYLIGHT,5,O,087-KY-0686  -000
30326752,MONTGOMERY CTY SHERIFF DEPT,MONTGOMERY,US0060,1530,OWINGSVILLE,RD,38.06787774,-83.93097382,6.309,7/5/2022,1644,1,1,0,1,RAINING,WET,FALSE,RAN OFF ROADWAY (1 VEHICLE WITH/EARTH EMBANKMENT/DITCH),SINGLE VEHICLE,CURVE & LEVEL,DAYLIGHT,4,C,087-US-0060  -000
30326757,MONTGOMERY CTY SHERIFF DEPT,MONTGOMERY,KY0646,8080,CREAM ALLEY,RD,37.96432047,-83.91297973,3.245,7/6/2022,1812,1,1,0,0,RAINING,WET,FALSE,RAN OFF ROADWAY (1 VEHICLE WITH/EARTH EMBANKMENT/DITCH),SINGLE VEHICLE,STRAIGHT & LEVEL,DAYLIGHT,5,O,087-KY-0646  -000
30326766,MONTGOMERY CTY SHERIFF DEPT,MONTGOMERY,KY0686,,INDIAN MOUND,DR,38.05455221,-83.95645248,1.608,7/1/2022,1502,2,2,0,0,CLEAR,DRY,FALSE,OTHER ROADWAY OR MID-BLOCK COLLISION,REAR END,STRAIGHT & LEVEL,DAYLIGHT,5,O,087-KY-0686  -000
30326772,MONTGOMERY CTY SHERIFF DEPT,MONTGOMERY,US0460,,MAIN,ST,37.97804163,-83.85631147,17.123,7/8/2022,2137,1,1,0,1,CLOUDY,WET,FALSE,RAN OFF ROADWAY (1 VEHICLE WITH/EARTH EMBANKMENT/DITCH),SINGLE VEHICLE,STRAIGHT & LEVEL,DARK-HWY LIGHTED/OFF,4,C,087-US-0460  -000
30326774,MONTGOMERY CTY SHERIFF DEPT,MONTGOMERY,US0060,,WINCHESTER,RD,38.04692477,-83.98528039,2.625,7/7/2022,1545,1,1,0,0,CLEAR,DRY,FALSE,RAN OFF ROADWAY (1 VEHICLE WITH/EARTH EMBANKMENT/DITCH),SINGLE VEHICLE,CURVE & GRADE,DAYLIGHT,5,O,087-US-0060  -000
30326780,MONTGOMERY CTY SHERIFF DEPT,MONTGOMERY,US0060,,WINCHESTER,RD,38.04782186,-83.97984282,2.944,7/6/2022,1650,2,2,0,0,RAINING,WET,FALSE,OTHER ROADWAY OR MID-BLOCK COLLISION,REAR END,STRAIGHT & LEVEL,DAYLIGHT,5,O,087-US-0060  -000
30326795,MONTGOMERY CTY SHERIFF DEPT,MONTGOMERY,KY0011,,LEVEE,RD,38.0294553,-83.94911787,8.46,7/6/2022,1149,1,1,0,0,CLOUDY,DRY,TRUE,RAN OFF ROADWAY (1 VEHICLE WITH/EARTH EMBANKMENT/DITCH),SINGLE VEHICLE,CURVE & LEVEL,DAYLIGHT,5,O,087-KY-0011  -000
30326798,MONTGOMERY CTY SHERIFF DEPT,MONTGOMERY,KY0646,1550,WHITAKER,LN,38.02976764,-83.90687162,14.422,7/12/2022,1221,1,1,0,0,CLOUDY,DRY,FALSE,COLLISION WITH FIXED OBJECT NON - INTERSECTION - FIRST EVENT COLLISION 09 - 32 EXCLUDING 16,SINGLE VEHICLE,STRAIGHT & LEVEL,DAYLIGHT,5,O,087-KY-0646  -000
30326799,MONTGOMERY CTY SHERIFF DEPT,MONTGOMERY,KY0686,,INDIAN MOUND,DR,38.06192017,-83.95550674,1.1,7/12/2022,1057,2,2,0,0,CLEAR,DRY,FALSE,SIDESWIPE COLLISION - SAME DIRECTION,SIDESWIPE-SAME DIRECTION,STRAIGHT & LEVEL,DAYLIGHT,5,O,087-KY-0686  -000
30326907,MONTGOMERY CTY SHERIFF DEPT,MONTGOMERY,KY0011,,MAYSVILLE,RD,38.14559018,-83.9577906,14.111,7/15/2022,345,1,1,0,1,CLEAR,DRY,FALSE,COLLISION WITH ANIMAL NON INTERSECTION,SINGLE VEHICLE,STRAIGHT & GRADE,DARK-HWY NOT LIGHTED,3,B,087-KY-0011  -000
30326912,MONTGOMERY CTY SHERIFF DEPT,MONTGOMERY,US0460,,CAMARGO,RD,38.02360362,-83.91770282,12.298,7/19/2022,754,1,1,0,0,CLEAR,DRY,FALSE,OCCUPANT FELL FROM MOVING VEHICLE,SINGLE VEHICLE,STRAIGHT & LEVEL,DAYLIGHT,5,O,087-US-0460  -000