IncidentID,AgencyName,County,RdwyNumber,Street,RoadwayName,StreetSfx,Latitude,Longitude,Milepoint,CollisionDate,CollisionTime,UnitsInvolved,MotorVehiclesInvolved,NumberKilled,NumberInjured,Weather,RdwyConditionCode,HitandRun,DirAnalysisCode,MannerofCollision,RdwyCharacter,LightCondition,KABCO Code,KABCO,RT_UNIQUE
30326915,MONTGOMERY CTY SHERIFF DEPT,MONTGOMERY,KY0686,,INDIAN MOUND,DR,38.05474082,-83.95645279,1.593,7/19/2022,1639,2,2,0,0,CLEAR,DRY,FALSE,OTHER INTERSECTION COLLISIONS,REAR END,STRAIGHT & LEVEL,DAYLIGHT,5,O,087-KY-0686  -000
30327211,MT. STERLING POLICE DEPARTMENT,MONTGOMERY,,,VANCE,DR,38.07438119,-83.95145912,0.055,7/19/2022,2145,2,2,0,0,CLEAR,DRY,FALSE,ANGLE COLLISION - OTHER,ANGLE,STRAIGHT & GRADE,DARK-HWY LIGHTED/ON,5,O,087-CS-1115  -000
30329914,MONTGOMERY CTY SHERIFF DEPT,MONTGOMERY,KY0686,,INDIAN MOUND,DR,38.05819535,-83.95616532,1.354,7/20/2022,1806,2,2,0,0,CLOUDY,DRY,FALSE,OTHER ROADWAY OR MID-BLOCK COLLISION,REAR END,STRAIGHT & LEVEL,DAYLIGHT,5,O,087-KY-0686  -000
30332260,MT. STERLING POLICE DEPARTMENT,MONTGOMERY,KY0686,,INDIAN MOUND,DR,38.05366188,-83.95650847,1.668,7/20/2022,2040,1,1,0,0,CLOUDY,DRY,FALSE,,SINGLE VEHICLE,STRAIGHT & LEVEL,DUSK,5,O,087-KY-0686  -000
30334520,MONTGOMERY CTY SHERIFF DEPT,MONTGOMERY,KY0713,,GRASSY LICK,RD,38.06403006,-83.96871499,4.967,7/18/2022,2115,2,2,0,2,CLEAR,DRY,FALSE,SIDESWIPE COLLISION - OPPOSITE DIRECTION,SIDESWIPE-OPPOSITE DIRECTION,CURVE & GRADE,DARK-HWY NOT LIGHTED,2,A,087-KY-0713  -000
30341670,MT. STERLING POLICE DEPARTMENT,MONTGOMERY,US0460,,MAYSVILLE,ST,38.05722304,-83.94236621,9.503,7/22/2022,727,1,1,0,0,CLEAR,DRY,TRUE,COLLISION WITH FIXED OBJECT NON - INTERSECTION - FIRST EVENT COLLISION 09 - 32 EXCLUDING 16,SINGLE VEHICLE,STRAIGHT & LEVEL,DAYLIGHT,5,O,087-US-0460  -000
30346676,MONTGOMERY CTY SHERIFF DEPT,MONTGOMERY,,,STEPSTONE,RD,38.09123888,-83.8648102,1.864,7/22/2022,2255,1,1,0,1,CLEAR,DRY,FALSE,RAN OFF ROADWAY (1 VEHICLE WITH/EARTH EMBANKMENT/DITCH),SINGLE VEHICLE,STRAIGHT & LEVEL,DARK-HWY NOT LIGHTED,4,C,087-CR-1008  -000
30346680,MONTGOMERY CTY SHERIFF DEPT,MONTGOMERY,,2986,QUISENBERRY,RD,38.09849813,-83.84894128,2.812,7/16/2022,2129,1,1,0,1,CLEAR,DRY,FALSE,COLLISION WITH FIXED OBJECT NON - INTERSECTION - FIRST EVENT COLLISION 09 - 32 EXCLUDING 16,SINGLE VEHICLE,CURVE & GRADE,DARK-HWY NOT LIGHTED,3,B,087-CR-1011  -000
30346685,MONTGOMERY CTY SHERIFF DEPT,MONTGOMERY,US0460,,MAIN,ST,37.97769506,-83.85508062,17.194,7/3/2022,1750,1,1,1,0,CLEAR,DRY,FALSE,COLLISION WITH FIXED OBJECT IN INTERSECTION - FIRST EVENT COLLISION 09 - 32,SINGLE VEHICLE,STRAIGHT & LEVEL,DAYLIGHT,1,K,087-US-0460  -000
30346687,MONTGOMERY CTY SHERIFF DEPT,MONTGOMERY,KY0011,9010,LEVEE,RD,37.93571593,-83.92415334,1.369,7/24/2022,636,1,1,0,1,CLEAR,DRY,FALSE,RAN OFF ROADWAY (1 VEHICLE WITH/EARTH EMBANKMENT/DITCH),SINGLE VEHICLE,STRAIGHT & LEVEL,DAWN,3,B,087-KY-0011  -000
30361052,MONTGOMERY CTY SHERIFF DEPT,MONTGOMERY,US0060,3060,OWINGSVILLE,RD,38.08591415,-83.89973462,8.473,7/26/2022,642,2,2,0,0,RAINING,WET,FALSE,REAR END IN TRAFFIC LANES BOTH VEHICLES MOVING,REAR END,STRAIGHT & LEVEL,DAWN,5,O,087-US-0060  -000
30361053,MONTGOMERY CTY SHERIFF DEPT,MONTGOMERY,,1615,OLD OWINGSVILLE,RD,38.07014198,-83.92208896,1.411,7/25/2022,1900,1,1,0,1,CLEAR,DRY,FALSE,OTHER COLLISIONS ON SHOULDER,SINGLE VEHICLE,STRAIGHT & LEVEL,DAYLIGHT,3,B,087-CR-1029  -000
30361061,MONTGOMERY CTY SHERIFF DEPT,MONTGOMERY,KY0713,,SPENCER,PIKE,38.0299936,-83.84736882,12.308,7/25/2022,1530,1,1,0,0,CLOUDY,WET,FALSE,RAN OFF ROADWAY (1 VEHICLE WITH/EARTH EMBANKMENT/DITCH),SINGLE VEHICLE,CURVE & LEVEL,DAYLIGHT,5,O,087-KY-0713  -000
30377670,MONTGOMERY CTY SHERIFF DEPT,MONTGOMERY,US0460,,MAIN,ST,37.94998669,-83.77470782,22.037,7/26/2022,854,1,1,0,0,RAINING,WET,FALSE,OTHER COLLISIONS ON SHOULDER,SINGLE VEHICLE,STRAIGHT & LEVEL,DAWN,5,O,087-US-0460  -000
30377685,MONTGOMERY CTY SHERIFF DEPT,MONTGOMERY,,,OLD OWINGSVILLE,RD,38.07149943,-83.91687687,1.098,7/30/2022,1032,2,2,0,0,CLEAR,DRY,FALSE,1 VEHICLE ENTERING/LEAVING ENTRANCE,ANGLE,STRAIGHT & LEVEL,DAYLIGHT,5,O,087-CR-1029  -000
30377731,MONTGOMERY CTY SHERIFF DEPT,MONTGOMERY,KY0686,,INDIAN MOUND,DR,38.05802258,-83.95585585,1.364,8/1/2022,1359,2,2,0,0,CLOUDY,DRY,FALSE,OPPOSING LEFT TURN,OPPOSING LEFT TURN,STRAIGHT & LEVEL,DAYLIGHT,5,O,087-KY-0686  -000
30379282,MT. STERLING POLICE DEPARTMENT,MONTGOMERY,US0460,,MAYSVILLE,RD,38.07684066,-83.94917347,8.077,8/1/2022,1900,2,2,0,1,CLEAR,DRY,FALSE,REAR END IN TRAFFIC LANES BOTH VEHICLES MOVING,REAR END,STRAIGHT & LEVEL,DAYLIGHT,3,B,087-US-0460  -000
30379285,MT. STERLING POLICE DEPARTMENT,MONTGOMERY,,,MAGNOLIA,DR,38.07321868,-83.9408492,0.009,7/29/2022,1355,2,2,0,0,CLEAR,DRY,FALSE,1 VEHICLE PARKED POSITION (NOT PARKING LOT/DRIVEWAY),BACKING,STRAIGHT & GRADE,DAYLIGHT,5,O,087-CS-1109  -000
30384156,MT. STERLING POLICE DEPARTMENT,MONTGOMERY,,209,TENNEY,AVE,38.05446073,-83.93655571,0.13,8/2/2022,1930,1,1,0,0,CLEAR,DRY,FALSE,COLLISION WITH FIXED OBJECT NON - INTERSECTION - FIRST EVENT COLLISION 09 - 32 EXCLUDING 16,SINGLE VEHICLE,STRAIGHT & GRADE,DAYLIGHT,5,O,087-CS-1008  -000
30391414,MONTGOMERY CTY SHERIFF DEPT,MONTGOMERY,,,MIDLAND,TRL,38.08298586,-83.92279931,0.714,8/2/2022,2,1,1,0,1,CLEAR,DRY,FALSE,OTHER INTERSECTION COLLISIONS,SINGLE VEHICLE,CURVE & LEVEL,DARK-HWY NOT LIGHTED,3,B,087-CR-1020  -000
30392252,MT. STERLING POLICE DEPARTMENT,MONTGOMERY,,,HIGH,ST,38.05889024,-83.93680933,0.301,8/3/2022,1035,2,2,0,0,CLEAR,DRY,FALSE,1 VEHICLE PARKED POSITION (NOT PARKING LOT/DRIVEWAY),REAR END,STRAIGHT & LEVEL,DAYLIGHT,5,O,087-CS-1052  -000
30404172,MT. STERLING POLICE DEPARTMENT,MONTGOMERY,KY0011,,LEVEE,RD,38.03662927,-83.94995923,8.935,8/5/2022,1710,2,2,0,0,RAINING,WET,FALSE,,SIDESWIPE-SAME DIRECTION,STRAIGHT & LEVEL,DAYLIGHT,5,O,087-KY-0011  -000
30404173,MT. STERLING POLICE DEPARTMENT,MONTGOMERY,KY0686,,INDIAN MOUND,DR,38.07097229,-83.95486727,0.463,8/7/2022,1515,2,2,0,0,CLEAR,DRY,FALSE,ANGLE COLLISION - OTHER,ANGLE,STRAIGHT & HILLCREST,DAYLIGHT,5,O,087-KY-0686  -000
30404801,MONTGOMERY CTY SHERIFF DEPT,MONTGOMERY,US0460,,CAMARGO,RD,38.04537521,-83.93530701,10.452,8/6/2022,1702,2,2,0,2,CLEAR,DRY,FALSE,ANGLE COLLISION - OTHER,ANGLE,CURVE & LEVEL,DAYLIGHT,3,B,087-US-0460  -000
30429741,MT. STERLING POLICE DEPARTMENT,MONTGOMERY,KY0686,,INDIAN MOUND,DR,38.07107306,-83.95509296,0.462,8/13/2022,1458,2,2,0,0,CLEAR,DRY,FALSE,ANGLE COLLISION - OTHER,ANGLE,STRAIGHT & LEVEL,DAYLIGHT,5,O,087-KY-0686  -000
30429742,MT. STERLING POLICE DEPARTMENT,MONTGOMERY,KY0686,,INDIAN MOUND,DR,38.04084525,-83.93897664,3.243,8/14/2022,1355,2,2,0,0,CLOUDY,DRY,FALSE,ANGLE COLLISION - OTHER,ANGLE,STRAIGHT & HILLCREST,DAYLIGHT,5,O,087-KY-0686  -000
30437756,MONTGOMERY CTY SHERIFF DEPT,MONTGOMERY,KY0646,490,KIDDVILLE,RD,38.00642664,-83.95539594,11.26,8/10/2022,1232,2,2,0,2,CLEAR,DRY,FALSE,REAR END IN TRAFFIC LANES BOTH VEHICLES MOVING,REAR END,STRAIGHT & LEVEL,DAYLIGHT,4,C,087-KY-0646  -000
30437762,MONTGOMERY CTY SHERIFF DEPT,MONTGOMERY,US0460,4322,CAMARGO,RD,37.99431743,-83.88802449,15.021,8/14/2022,1015,1,1,0,1,CLEAR,DRY,FALSE,COLLISION WITH FIXED OBJECT NON - INTERSECTION - FIRST EVENT COLLISION 09 - 32 EXCLUDING 16,SINGLE VEHICLE,STRAIGHT & LEVEL,DAYLIGHT,3,B,087-US-0460  -000
30437764,MONTGOMERY CTY SHERIFF DEPT,MONTGOMERY,US0460,,MAIN,ST,37.97638724,-83.85100324,17.435,8/15/2022,1050,2,2,0,2,CLEAR,DRY,FALSE,ANGLE COLLISION - OTHER,ANGLE,STRAIGHT & LEVEL,DAYLIGHT,2,A,087-US-0460  -000
30445864,MT. STERLING POLICE DEPARTMENT,MONTGOMERY,,3,MAYSVILLE,AVE,38.06533715,-83.94596491,0.042,8/11/2022,1312,2,2,0,0,CLEAR,DRY,FALSE,1 VEHICLE PARKED POSITION (NOT PARKING LOT/DRIVEWAY),BACKING,STRAIGHT & LEVEL,DAYLIGHT,5,O,087-CS-1039  -000
30445865,MT. STERLING POLICE DEPARTMENT,MONTGOMERY,,,SPRING,ST,38.05141909,-83.95374354,0.158,8/16/2022,1604,4,3,0,0,CLEAR,DRY,FALSE,1 VEHICLE PARKED POSITION (NOT PARKING LOT/DRIVEWAY),HEAD ON,STRAIGHT & GRADE,DAYLIGHT,5,O,087-CR-1042  -000
30456629,MT. STERLING POLICE DEPARTMENT,MONTGOMERY,US0460,,MAYSVILLE,ST,38.07190215,-83.94740625,8.453,8/19/2022,1001,3,3,0,0,CLEAR,DRY,FALSE,SIDESWIPE-SAME DIRECTION,SIDESWIPE-SAME DIRECTION,STRAIGHT & LEVEL,DAYLIGHT,5,O,087-US-0460  -000
30482168,MONTGOMERY CTY SHERIFF DEPT,MONTGOMERY,KY0213,6873,BEDFORD,RD,38.02326012,-83.82412341,9.127,7/13/2022,523,1,1,0,0,CLOUDY,WET,TRUE,COLLISION WITH FIXED OBJECT IN INTERSECTION - FIRST EVENT COLLISION 09 - 32,SINGLE VEHICLE,STRAIGHT & LEVEL,DARK-HWY NOT LIGHTED,5,O,087-KY-0213  -000
30482177,MONTGOMERY CTY SHERIFF DEPT,MONTGOMERY,US0060,,OWINGSVILLE,RD,38.09288653,-83.89763046,8.972,8/19/2022,1133,2,2,0,0,CLEAR,DRY,FALSE,1 VEHICLE ENTERING/LEAVING ENTRANCE,ANGLE,STRAIGHT & LEVEL,DAYLIGHT,5,O,087-US-0060  -000
30482178,MONTGOMERY CTY SHERIFF DEPT,MONTGOMERY,KY0011,,LEVEE,RD,37.96725294,-83.9390998,3.793,8/19/2022,1511,2,2,0,0,CLEAR,DRY,TRUE,SIDESWIPE COLLISION - OPPOSITE DIRECTION,SIDESWIPE-OPPOSITE DIRECTION,CURVE & LEVEL,DAYLIGHT,5,O,087-KY-0011  -000
30482181,MONTGOMERY CTY SHERIFF DEPT,MONTGOMERY,KY0686,,INDIAN MOUND,DR,38.04232331,-83.95066006,2.603,8/19/2022,1600,2,2,0,0,CLEAR,DRY,FALSE,ANGLE COLLISION - OTHER,ANGLE,STRAIGHT & LEVEL,DAYLIGHT,5,O,087-KY-0686  -000
30482195,MONTGOMERY CTY SHERIFF DEPT,MONTGOMERY,US0460,8060,MAIN,ST,37.9757165,-83.84894936,17.547,8/19/2022,1733,2,2,0,0,CLEAR,DRY,FALSE,1 VEHICLE PARKED POSITION (NOT PARKING LOT/DRIVEWAY),BACKING,STRAIGHT & LEVEL,DAYLIGHT,5,O,087-US-0460  -000
30482201,MONTGOMERY CTY SHERIFF DEPT,MONTGOMERY,US0460,,CAMARGO,RD,37.99229345,-83.88272471,15.328,8/19/2022,1347,2,2,0,0,CLEAR,DRY,FALSE,VEHICLE BACKING NON INTERSECTION,BACKING,STRAIGHT & LEVEL,DAYLIGHT,5,O,087-US-0460  -000
30484333,MT. STERLING POLICE DEPARTMENT,MONTGOMERY,US0460,,CAMARGO,RD,38.04118839,-83.93404106,10.755,8/14/2022,1604,2,2,0,0,CLEAR,DRY,FALSE,SIDESWIPE COLLISION - SAME DIRECTION,SIDESWIPE-SAME DIRECTION,STRAIGHT & LEVEL,DAYLIGHT,5,O,087-US-0460  -000
30489742,MT. STERLING POLICE DEPARTMENT,MONTGOMERY,KY0686,,INDIAN MOUND,DR,38.04097748,-83.93905705,3.249,8/23/2022,1619,2,2,0,0,CLEAR,DRY,FALSE,ANGLE COLLISION - OTHER,ANGLE,STRAIGHT & LEVEL,DAYLIGHT,5,O,087-KY-0686  -000
30489743,MT. STERLING POLICE DEPARTMENT,MONTGOMERY,KY0686,,INDIAN MOUND,DR,38.07097947,-83.9548671,0.463,8/23/2022,1900,2,2,0,0,CLEAR,DRY,FALSE,SIDESWIPE-SAME DIRECTION,SIDESWIPE-SAME DIRECTION,CURVE & HILLCREST,DAYLIGHT,5,O,087-KY-0686  -000
30497971,MONTGOMERY CTY SHERIFF DEPT,MONTGOMERY,I 0064,,,,38.08979629,-83.89850224,0.056,8/18/2022,1756,2,2,0,0,CLEAR,DRY,FALSE,OTHER RAMP RELATED COLLISIONS NOT LISTED ABOVE,REAR END,CURVE & GRADE,DAYLIGHT,5,O,087-CR-1036  -000
30497976,MONTGOMERY CTY SHERIFF DEPT,MONTGOMERY,,102,ADENA,DR,38.07810792,-83.91677315,0.199,8/23/2022,1205,2,2,0,0,CLEAR,DRY,FALSE,1 VEHICLE ENTERING/LEAVING ENTRANCE,ANGLE,STRAIGHT & LEVEL,DAYLIGHT,5,O,087-CR-1113  -000
30499199,MT. STERLING POLICE DEPARTMENT,MONTGOMERY,,,LARKSPUR,DR,38.0707679,-83.94266274,0.056,7/11/2022,1656,2,2,0,0,CLEAR,DRY,FALSE,VEHICLE BACKING NON INTERSECTION,BACKING,STRAIGHT & LEVEL,DAYLIGHT,5,O,087-CS-1108  -000
30508315,MONTGOMERY CTY SHERIFF DEPT,MONTGOMERY,US0060,3339,WINCHESTER,RD,38.04456713,-83.99908637,1.803,8/19/2022,1721,2,2,0,0,CLEAR,DRY,FALSE,REAR END IN TRAFFIC LANES BOTH VEHICLES MOVING,REAR END,CURVE & GRADE,DAYLIGHT,5,O,087-US-0060  -000
30511201,MT. STERLING POLICE DEPARTMENT,MONTGOMERY,US0460,,MAYSVILLE,ST,38.07415357,-83.94836652,8.277,8/31/2022,648,2,2,0,0,CLEAR,DRY,FALSE,OTHER INTERSECTION COLLISIONS,REAR END,STRAIGHT & LEVEL,DAWN,5,O,087-US-0460  -000
30511208,MT. STERLING POLICE DEPARTMENT,MONTGOMERY,US0460,328,MAYSVILLE,ST,38.06238182,-83.94424337,9.129,9/1/2022,1553,2,2,0,0,CLEAR,DRY,FALSE,OTHER INTERSECTION COLLISIONS,REAR END,STRAIGHT & GRADE,DAYLIGHT,5,O,087-US-0460  -000
30520285,MT. STERLING POLICE DEPARTMENT,MONTGOMERY,,,QUEEN,ST,38.0603437,-83.94023134,0.231,9/4/2022,556,1,1,0,0,RAINING,WET,FALSE,COLLISION WITH FIXED OBJECT IN INTERSECTION - FIRST EVENT COLLISION 09 - 32,SINGLE VEHICLE,STRAIGHT & LEVEL,DARK-HWY LIGHTED/OFF,5,O,087-CS-1080  -000
30520288,MT. STERLING POLICE DEPARTMENT,MONTGOMERY,,,COLLIER,WAY,38.05261484,-83.95091755,0.021,9/4/2022,1344,2,2,0,0,CLOUDY,DRY,FALSE,ANGLE COLLISION - OTHER,ANGLE,STRAIGHT & LEVEL,DAYLIGHT,5,O,087-CS-1145  -000
30523260,MONTGOMERY CTY SHERIFF DEPT,MONTGOMERY,,3878,STEPSTONE,RD,38.09097042,-83.86494422,1.851,8/29/2022,1736,1,1,0,0,CLEAR,DRY,FALSE,RAN OFF ROADWAY (1 VEHICLE WITH/EARTH EMBANKMENT/DITCH),SINGLE VEHICLE,STRAIGHT & LEVEL,DAYLIGHT,5,O,087-CR-1008  -000
30523261,MONTGOMERY CTY SHERIFF DEPT,MONTGOMERY,US0060,,WINCHESTER,RD,38.04923626,-83.97742615,3.1,8/31/2022,1359,2,2,0,1,CLEAR,DRY,FALSE,1 VEHICLE ENTERING/LEAVING ENTRANCE,ANGLE,STRAIGHT & LEVEL,DAYLIGHT,4,C,087-US-0060  -000
30523263,MONTGOMERY CTY SHERIFF DEPT,MONTGOMERY,US0060,,OWINGSVILLE,RD,38.09131027,-83.89776652,8.864,9/2/2022,1513,2,2,0,0,RAINING,WET,FALSE,REAR END IN TRAFFIC LANES BOTH VEHICLES MOVING,REAR END,STRAIGHT & LEVEL,DAYLIGHT,5,O,087-US-0060  -000
30523269,MONTGOMERY CTY SHERIFF DEPT,MONTGOMERY,,,STEPSTONE,RD,38.08666905,-83.88136536,0.889,9/1/2022,1030,2,2,0,0,CLEAR,DRY,TRUE,SIDESWIPE COLLISION - OPPOSITE DIRECTION,SIDESWIPE-OPPOSITE DIRECTION,STRAIGHT & LEVEL,DAYLIGHT,5,O,087-CR-1008  -000
30527561,MONTGOMERY CTY SHERIFF DEPT,MONTGOMERY,KY0011,3833,LEVEE,RD,38.00162786,-83.94091733,6.328,9/3/2022,1424,1,1,0,0,RAINING,WET,FALSE,RAN OFF ROADWAY (1 VEHICLE WITH/EARTH EMBANKMENT/DITCH),SINGLE VEHICLE,CURVE & LEVEL,DAYLIGHT,5,O,087-KY-0011  -000
30527565,MONTGOMERY CTY SHERIFF DEPT,MONTGOMERY,,,OLD OWINGSVILLE,RD,38.07162434,-83.91661363,1.081,9/5/2022,1610,2,2,0,0,RAINING,WET,FALSE,REAR END IN TRAFFIC LANES BOTH VEHICLES MOVING,REAR END,STRAIGHT & LEVEL,DAYLIGHT,5,O,087-CR-1029  -000
30527567,MONTGOMERY CTY SHERIFF DEPT,MONTGOMERY,US0460,12625,MAIN,ST,37.94974161,-83.7745721,22.024,9/4/2022,2005,1,1,0,1,RAINING,WET,FALSE,RAN OFF ROADWAY (1 VEHICLE WITH/EARTH EMBANKMENT/DITCH),SINGLE VEHICLE,STRAIGHT & LEVEL,DARK-HWY NOT LIGHTED,2,A,087-US-0460  -000
30527568,MONTGOMERY CTY SHERIFF DEPT,MONTGOMERY,US0060,3025,OWINGSVILLE,RD,38.08092293,-83.90475167,8.027,8/31/2022,702,2,2,0,0,CLEAR,DRY,FALSE,REAR END IN TRAFFIC LANES BOTH VEHICLES MOVING,REAR END,STRAIGHT & LEVEL,DAWN,5,O,087-US-0060  -000
30533661,MT. STERLING POLICE DEPARTMENT,MONTGOMERY,KY0686,,INDIAN MOUND,DR,38.06733248,-83.95517218,0.721,9/5/2022,1033,2,2,0,0,CLOUDY,DRY,FALSE,1 VEHICLE ENTERING/LEAVING ENTRANCE,ANGLE,STRAIGHT & LEVEL,DAYLIGHT,5,O,087-KY-0686  -000
30533664,MT. STERLING POLICE DEPARTMENT,MONTGOMERY,KY0686,810,INDIAN MOUND,DR,38.06115767,-83.95398851,0.936,9/5/2022,1507,2,2,0,0,RAINING,WET,FALSE,SIDESWIPE COLLISION - SAME DIRECTION,SIDESWIPE-SAME DIRECTION,STRAIGHT & LEVEL,DAYLIGHT,5,O,087-KY-0686  -000
30552817,MT. STERLING POLICE DEPARTMENT,MONTGOMERY,,191,EVANS,AVE,38.07546498,-83.95139751,0.162,9/9/2022,1748,2,2,0,0,CLEAR,DRY,FALSE,VEHICLE BACKING NON INTERSECTION,BACKING,STRAIGHT & LEVEL,DAYLIGHT,5,O,087-CS-1116  -000
30552825,MT. STERLING POLICE DEPARTMENT,MONTGOMERY,KY0686,1201,INDIAN MOUND,DR,38.05393559,-83.95651713,1.649,9/6/2022,1656,2,2,0,0,CLEAR,DRY,TRUE,OTHER INTERSECTION COLLISIONS,REAR END,STRAIGHT & LEVEL,DAYLIGHT,5,O,087-KY-0686  -000
30552828,MT. STERLING POLICE DEPARTMENT,MONTGOMERY,US0460,,MAYSVILLE,ST,38.06056693,-83.94355304,9.263,9/11/2022,1756,2,2,0,0,CLOUDY,WET,FALSE,OTHER INTERSECTION COLLISIONS,REAR END,STRAIGHT & GRADE,DAYLIGHT,5,O,087-US-0460  -000
30552829,MT. STERLING POLICE DEPARTMENT,MONTGOMERY,US0460,,MAYSVILLE,ST,38.07557051,-83.9488604,8.178,9/12/2022,929,2,2,0,0,CLOUDY,DRY,FALSE,SIDESWIPE-SAME DIRECTION,SIDESWIPE-SAME DIRECTION,STRAIGHT & LEVEL,DAYLIGHT,5,O,087-US-0460  -000
30559618,MT. STERLING POLICE DEPARTMENT,MONTGOMERY,KY0686,480,INDIAN MOUND,DR,38.07099317,-83.9548722,0.462,9/13/2022,1813,2,2,0,0,CLEAR,DRY,FALSE,ANGLE COLLISION - ONE VEHICLE TURNING LEFT,ANGLE,CURVE & LEVEL,DAYLIGHT,5,O,087-KY-0686  -000
30559620,MT. STERLING POLICE DEPARTMENT,MONTGOMERY,KY0686,,INDIAN MOUND,DR,38.0411007,-83.94789566,2.761,9/13/2022,1533,2,2,0,0,CLEAR,DRY,FALSE,ANGLE COLLISION - OTHER,ANGLE,STRAIGHT & LEVEL,DAYLIGHT,5,O,087-KY-0686  -000
30561711,MONTGOMERY CTY SHERIFF DEPT,MONTGOMERY,,330,WELCH,RD,37.96034054,-83.87875733,1.412,9/9/2022,1217,1,1,0,0,CLEAR,DRY,FALSE,COLLISION WITH FIXED OBJECT NON - INTERSECTION - FIRST EVENT COLLISION 09 - 32 EXCLUDING 16,SINGLE VEHICLE,STRAIGHT & LEVEL,DAYLIGHT,5,O,087-CR-1117  -000
30561726,MONTGOMERY CTY SHERIFF DEPT,MONTGOMERY,,5757,MCCORMICK,RD,38.0181786,-83.84998679,1.959,9/10/2022,1949,1,1,0,0,CLOUDY,WET,FALSE,RAN OFF ROADWAY (1 VEHICLE WITH/EARTH EMBANKMENT/DITCH),SINGLE VEHICLE,STRAIGHT & LEVEL,DARK-HWY LIGHTED/OFF,5,O,087-CR-1123  -000
30561734,MONTGOMERY CTY SHERIFF DEPT,MONTGOMERY,US0060,4500,OWINGSVILLE,RD,38.1220326,-83.87970747,11.367,6/27/2022,250,1,1,0,2,RAINING,WET,FALSE,OTHER COLLISIONS ON SHOULDER,SINGLE VEHICLE,STRAIGHT & GRADE,DARK-HWY NOT LIGHTED,2,A,087-US-0060  -000
30567090,MONTGOMERY CTY SHERIFF DEPT,MONTGOMERY,,,CARTWRIGHT,RD,38.00056405,-83.89314889,0.237,9/9/2022,1512,1,1,0,0,CLEAR,DRY,FALSE,COLLISION WITH FIXED OBJECT NON - INTERSECTION - FIRST EVENT COLLISION 09 - 32 EXCLUDING 16,SINGLE VEHICLE,STRAIGHT & LEVEL,DAYLIGHT,5,O,087-CS-2013  -000
30567093,MONTGOMERY CTY SHERIFF DEPT,MONTGOMERY,KY0011,,LEVEE,RD,38.02004837,-83.94924242,7.803,9/7/2022,1654,2,2,0,0,CLEAR,DRY,FALSE,SIDESWIPE COLLISION - OPPOSITE DIRECTION,SIDESWIPE-OPPOSITE DIRECTION,STRAIGHT & LEVEL,DAYLIGHT,5,O,087-KY-0011  -000
30567094,MONTGOMERY CTY SHERIFF DEPT,MONTGOMERY,KY0011,,LEVEE,RD,38.02055621,-83.94904102,7.84,9/12/2022,1722,1,1,0,0,CLEAR,DRY,FALSE,RAN OFF ROADWAY (1 VEHICLE WITH/EARTH EMBANKMENT/DITCH),SINGLE VEHICLE,STRAIGHT & LEVEL,DAYLIGHT,5,O,087-KY-0011  -000
30567099,MONTGOMERY CTY SHERIFF DEPT,MONTGOMERY,US0460,5300,MAIN,ST,37.98236987,-83.86765391,16.436,9/13/2022,1219,2,2,0,0,CLEAR,DRY,FALSE,REAR END IN TRAFFIC LANES BOTH VEHICLES MOVING,REAR END,STRAIGHT & LEVEL,DAYLIGHT,5,O,087-US-0460  -000
30572706,MT. STERLING POLICE DEPARTMENT,MONTGOMERY,US0460,,MAYSVILLE,RD,38.08040392,-83.94958368,7.837,8/29/2022,2020,2,2,0,0,CLOUDY,DRY,FALSE,SIDESWIPE-SAME DIRECTION,SIDESWIPE-SAME DIRECTION,STRAIGHT & GRADE,DARK-HWY LIGHTED/ON,5,O,087-US-0460  -000
30581653,"KY STATE POLICE, POST 08",MONTGOMERY,KY0686,,INDIAN MOUND,DR,38.07396476,-83.9485712,0.017,9/16/2022,1537,3,3,0,0,CLEAR,DRY,FALSE,OTHER ROADWAY OR MID-BLOCK COLLISION,REAR END,STRAIGHT & GRADE,DAYLIGHT,5,O,087-KY-0686  -000
30583842,MT. STERLING POLICE DEPARTMENT,MONTGOMERY,,642,YOUNG,LN,38.07495333,-83.94957577,0.037,9/12/2022,2026,2,2,0,0,CLOUDY,DRY,FALSE,COLLISION WITH PARKED VEHICLE,BACKING,STRAIGHT & LEVEL,DARK-HWY LIGHTED/ON,5,O,087-KY-2929  -000
30583844,MT. STERLING POLICE DEPARTMENT,MONTGOMERY,US0460,309,MAYSVILLE,ST,38.06036784,-83.94346453,9.277,9/11/2022,1157,2,2,0,2,CLEAR,DRY,FALSE,ANGLE COLLISION - OTHER,ANGLE,STRAIGHT & GRADE,DAYLIGHT,2,A,087-US-0460  -000
30583860,MT. STERLING POLICE DEPARTMENT,MONTGOMERY,KY0686,,INDIAN MOUND,DR,38.06732006,-83.955166,0.722,9/8/2022,1246,2,2,0,0,CLEAR,DRY,FALSE,1 VEHICLE ENTERING/LEAVING ENTRANCE,ANGLE,STRAIGHT & LEVEL,DAYLIGHT,5,O,087-KY-0686  -000
30586691,MONTGOMERY CTY SHERIFF DEPT,MONTGOMERY,KY0713,4428,SPENCER,PIKE,38.02940422,-83.85230828,12.032,9/13/2022,2148,1,1,0,0,CLEAR,DRY,FALSE,COLLISION WITH FIXED OBJECT NON - INTERSECTION - FIRST EVENT COLLISION 09 - 32 EXCLUDING 16,SINGLE VEHICLE,CURVE & LEVEL,DARK-HWY NOT LIGHTED,5,O,087-KY-0713  -000