IncidentID,AgencyName,County,RdwyNumber,Street,RoadwayName,StreetSfx,Latitude,Longitude,Milepoint,CollisionDate,CollisionTime,UnitsInvolved,MotorVehiclesInvolved,NumberKilled,NumberInjured,Weather,RdwyConditionCode,HitandRun,DirAnalysisCode,MannerofCollision,RdwyCharacter,LightCondition,KABCO Code,KABCO,RT_UNIQUE
30586698,MONTGOMERY CTY SHERIFF DEPT,MONTGOMERY,,2596,CARTWRIGHT,RD,38.00044358,-83.8935989,0.211,9/18/2022,1710,1,1,0,0,CLEAR,DRY,FALSE,COLLISION WITH FIXED OBJECT NON - INTERSECTION - FIRST EVENT COLLISION 09 - 32 EXCLUDING 16,SINGLE VEHICLE,STRAIGHT & LEVEL,DAYLIGHT,5,O,087-CS-2013  -000
30586702,MONTGOMERY CTY SHERIFF DEPT,MONTGOMERY,KY1991,1200,HINKSTON,PIKE,38.07415938,-83.93490917,0.901,9/18/2022,58,2,1,0,1,CLEAR,DRY,FALSE,COLLISION WITH PEDESTRIAN NON - INTERSECTION,SINGLE VEHICLE,STRAIGHT & LEVEL,DARK-HWY NOT LIGHTED,2,A,087-KY-1991  -000
30586706,MONTGOMERY CTY SHERIFF DEPT,MONTGOMERY,KY0011,,LEVEE,RD,38.04634897,-83.94419942,9.656,9/17/2022,12,2,2,0,0,CLEAR,DRY,FALSE,SIDESWIPE COLLISION - SAME DIRECTION,SIDESWIPE-SAME DIRECTION,STRAIGHT & LEVEL,DARK-HWY NOT LIGHTED,5,O,087-KY-0011  -000
30586708,MONTGOMERY CTY SHERIFF DEPT,MONTGOMERY,US0460,,MAIN,ST,37.96380895,-83.80682618,19.975,9/19/2022,28,1,1,0,0,CLEAR,DRY,FALSE,COLLISION WITH ANIMAL IN INTERSECTION,SINGLE VEHICLE,STRAIGHT & LEVEL,DARK-HWY NOT LIGHTED,5,O,087-US-0460  -000
30596133,MONTGOMERY CO. SCHOOL DIST. PD,MONTGOMERY,,724,WOODFORD,DR,38.04558724,-83.94118485,0.171,9/21/2022,830,2,2,0,0,CLEAR,DRY,FALSE,1 VEHICLE PARKED POSITION (NOT PARKING LOT/DRIVEWAY),BACKING,CURVE & LEVEL,DAYLIGHT,5,O,087-CR-1001  -000
30596169,MONTGOMERY CTY SHERIFF DEPT,MONTGOMERY,I 0064,,,,38.08725606,-83.89943104,0.19,9/19/2022,651,2,2,0,0,CLEAR,DRY,FALSE,OTHER RAMP RELATED COLLISIONS NOT LISTED ABOVE,REAR END,STRAIGHT & HILLCREST,DAWN,5,O,087-CR-1042  -000
30601568,MONTGOMERY CTY SHERIFF DEPT,MONTGOMERY,,550,JAMIE RIDGE,DR,38.07137357,-83.89828589,0.007,9/19/2022,1331,2,2,0,0,CLEAR,DRY,FALSE,1 VEHICLE PARKED POSITION (NOT PARKING LOT/DRIVEWAY),ANGLE,STRAIGHT & LEVEL,DAYLIGHT,5,O,087-PR-1087  -000
30605565,MT. STERLING POLICE DEPARTMENT,MONTGOMERY,,1300,SPRING,ST,38.05147055,-83.95621549,0.023,9/24/2022,1255,2,2,0,0,CLEAR,DRY,FALSE,1 VEHICLE PARKED POSITION (NOT PARKING LOT/DRIVEWAY),BACKING,STRAIGHT & LEVEL,DAYLIGHT,5,O,087-CR-1042  -000
30609111,MT. STERLING POLICE DEPARTMENT,MONTGOMERY,KY0686,,INDIAN MOUND,DR,38.07407477,-83.94838223,0.004,9/21/2022,1556,2,2,0,0,CLOUDY,DRY,FALSE,OTHER INTERSECTION COLLISIONS,REAR END,STRAIGHT & LEVEL,DAYLIGHT,5,O,087-KY-0686  -000
30609113,MT. STERLING POLICE DEPARTMENT,MONTGOMERY,KY0686,,INDIAN MOUND,DR,38.07390617,-83.94882002,0.032,9/25/2022,1158,2,2,0,0,RAINING,WET,FALSE,REAR END IN TRAFFIC LANES BOTH VEHICLES MOVING,REAR END,STRAIGHT & LEVEL,DAYLIGHT,5,O,087-KY-0686  -000
30611796,MONTGOMERY CTY SHERIFF DEPT,MONTGOMERY,US0460,8950,MAIN,ST,37.97069369,-83.83383617,18.416,9/18/2022,1248,2,2,0,0,CLEAR,DRY,FALSE,SIDESWIPE COLLISION - SAME DIRECTION,SIDESWIPE-SAME DIRECTION,STRAIGHT & LEVEL,DAYLIGHT,5,O,087-US-0460  -000
30611799,MONTGOMERY CTY SHERIFF DEPT,MONTGOMERY,KY0686,,INDIAN MOUND,DR,38.06804111,-83.91479665,5.817,9/22/2022,2038,1,1,0,0,CLEAR,DRY,FALSE,RAN OFF ROADWAY (1 VEHICLE WITH/EARTH EMBANKMENT/DITCH),SINGLE VEHICLE,STRAIGHT & LEVEL,DARK-HWY NOT LIGHTED,5,O,087-KY-0686  -000
30611800,MONTGOMERY CTY SHERIFF DEPT,MONTGOMERY,US0460,,MAIN,ST,37.96310746,-83.80077906,20.322,9/24/2022,1701,1,1,1,0,CLEAR,DRY,FALSE,COLLISION WITH FIXED OBJECT IN INTERSECTION - FIRST EVENT COLLISION 09 - 32,SINGLE VEHICLE,CURVE & GRADE,DAYLIGHT,1,K,087-US-0460  -000
30613134,MT. STERLING POLICE DEPARTMENT,MONTGOMERY,US0460,,MAYSVILLE,ST,38.07408891,-83.94821351,8.278,9/22/2022,1659,2,2,0,0,CLEAR,DRY,FALSE,SIDESWIPE-SAME DIRECTION,SIDESWIPE-SAME DIRECTION,STRAIGHT & LEVEL,DAYLIGHT,5,O,087-US-0460  -000
30618196,MONTGOMERY CTY SHERIFF DEPT,MONTGOMERY,KY0713,,GRASSY LICK,RD,38.08118053,-84.01604855,1.913,9/25/2022,1304,1,1,0,1,CLOUDY,WET,FALSE,RAN OFF ROADWAY (1 VEHICLE WITH/EARTH EMBANKMENT/DITCH),SINGLE VEHICLE,CURVE & GRADE,DAYLIGHT,3,B,087-KY-0713  -000
30633757,MT. STERLING POLICE DEPARTMENT,MONTGOMERY,US0060,,WINCHESTER,RD,38.05375625,-83.95664058,4.303,9/30/2022,1535,2,2,0,0,CLEAR,DRY,FALSE,OTHER ROADWAY OR MID-BLOCK COLLISION,REAR END,STRAIGHT & LEVEL,DAYLIGHT,5,O,087-US-0060  -000
30633758,MT. STERLING POLICE DEPARTMENT,MONTGOMERY,US0460,611,MAYSVILLE,ST,38.07265169,-83.94777901,8.402,9/30/2022,1724,2,2,0,0,CLEAR,DRY,FALSE,REAR END IN TRAFFIC LANES BOTH VEHICLES MOVING,REAR END,STRAIGHT & LEVEL,DAYLIGHT,5,O,087-US-0460  -000
30637230,MONTGOMERY CTY SHERIFF DEPT,MONTGOMERY,,,TAPP,LN,38.04018851,-83.80015074,1.003,9/20/2022,1305,2,1,0,2,CLEAR,DRY,FALSE,SIDESWIPE COLLISION - OPPOSITE DIRECTION,SIDESWIPE-OPPOSITE DIRECTION,CURVE & LEVEL,DAYLIGHT,3,B,087-CR-1102  -000
30645033,MONTGOMERY CTY SHERIFF DEPT,MONTGOMERY,,1255,WELCH,RD,37.96601645,-83.8646106,0.434,9/23/2022,750,2,1,0,0,CLEAR,DRY,FALSE,SIDESWIPE COLLISION - OPPOSITE DIRECTION,SIDESWIPE-OPPOSITE DIRECTION,STRAIGHT & GRADE,DAYLIGHT,5,O,087-CR-1117  -000
30647569,MONTGOMERY CTY SHERIFF DEPT,MONTGOMERY,US0060,,OWINGSVILLE,RD,38.08920161,-83.89816093,8.708,9/15/2022,1711,2,2,0,0,CLEAR,DRY,FALSE,OTHER ROADWAY OR MID-BLOCK COLLISION,REAR END,STRAIGHT & LEVEL,DAYLIGHT,5,O,087-US-0060  -000
30647571,MONTGOMERY CTY SHERIFF DEPT,MONTGOMERY,US0060,,OWINGSVILLE,RD,38.07490551,-83.9184451,7.201,9/15/2022,1728,2,2,0,0,CLEAR,DRY,FALSE,VEHICLE BACKING NON INTERSECTION,BACKING,STRAIGHT & LEVEL,DAYLIGHT,5,O,087-US-0060  -000
30647573,MONTGOMERY CTY SHERIFF DEPT,MONTGOMERY,US0460,,CAMARGO,RD,37.99422309,-83.88793294,15.028,9/15/2022,1800,2,2,0,0,CLEAR,DRY,FALSE,SIDESWIPE COLLISION - SAME DIRECTION,SIDESWIPE-SAME DIRECTION,STRAIGHT & LEVEL,DAYLIGHT,5,O,087-US-0460  -000
30647593,MONTGOMERY CTY SHERIFF DEPT,MONTGOMERY,US0060,,OWINGSVILLE,RD,38.08917308,-83.89810854,8.707,9/26/2022,1651,2,2,0,0,CLEAR,DRY,FALSE,REAR END IN TRAFFIC LANES BOTH VEHICLES MOVING,REAR END,STRAIGHT & LEVEL,DAYLIGHT,5,O,087-US-0060  -000
30647594,MONTGOMERY CTY SHERIFF DEPT,MONTGOMERY,,200,LONG BRANCH,RD,37.97099514,-83.81462295,0.206,9/27/2022,2108,1,1,0,1,CLEAR,DRY,FALSE,RAN OFF ROADWAY (1 VEHICLE WITH/EARTH EMBANKMENT/DITCH),SINGLE VEHICLE,CURVE & LEVEL,DARK-HWY NOT LIGHTED,3,B,087-CR-1059  -000
30647601,MONTGOMERY CTY SHERIFF DEPT,MONTGOMERY,US0060,,OWINGSVILLE,RD,38.12162387,-83.88046611,11.321,9/24/2022,752,1,1,0,0,RAINING,WET,FALSE,RAN OFF ROADWAY (1 VEHICLE WITH/EARTH EMBANKMENT/DITCH),SINGLE VEHICLE,CURVE & GRADE,DAYLIGHT,5,O,087-US-0060  -000
30647604,MONTGOMERY CTY SHERIFF DEPT,MONTGOMERY,,605,DOE RUN,DR,38.0725774,-83.91871233,0.085,9/17/2022,1323,2,2,0,0,CLEAR,DRY,FALSE,1 VEHICLE PARKED POSITION (NOT PARKING LOT/DRIVEWAY),ANGLE,STRAIGHT & LEVEL,DAYLIGHT,5,O,087-CR-1005K -000
30647609,MONTGOMERY CTY SHERIFF DEPT,MONTGOMERY,,,TURLEY,RD,38.08659418,-83.87126646,0.256,9/27/2022,1538,2,2,0,2,CLEAR,DRY,FALSE,HEAD-ON COLLISION,HEAD ON,CURVE & LEVEL,DAYLIGHT,3,B,087-CR-1009  -000
30650771,MONTGOMERY CO. SCHOOL DIST. PD,MONTGOMERY,KY0686,,INDIAN MOUND,DR,38.04096865,-83.94119595,3.12,10/5/2022,830,2,2,0,0,CLEAR,DRY,FALSE,REAR END IN TRAFFIC LANES BOTH VEHICLES MOVING,REAR END,STRAIGHT & HILLCREST,DAYLIGHT,5,O,087-KY-0686  -000
30651334,MT. STERLING POLICE DEPARTMENT,MONTGOMERY,,,WINGTIP,WAY,38.0742427,-83.94794238,0.004,9/26/2022,1227,2,2,0,0,CLEAR,DRY,FALSE,ANGLE COLLISION - OTHER,ANGLE,STRAIGHT & LEVEL,DAYLIGHT,5,O,087-CS-1121  -000
30651336,MT. STERLING POLICE DEPARTMENT,MONTGOMERY,KY0713,,SAMUELS,AVE,38.0570174,-83.94827507,6.231,8/30/2022,1210,2,2,0,0,CLOUDY,DRY,FALSE,ANGLE COLLISION - ONE VEHICLE TURNING RIGHT,ANGLE,STRAIGHT & GRADE,DAYLIGHT,5,O,087-KY-0713  -000
30651339,MT. STERLING POLICE DEPARTMENT,MONTGOMERY,,,HIGH,ST,38.05740225,-83.94329992,0.284,10/3/2022,1406,2,2,0,0,CLEAR,DRY,FALSE,COLLISION WITH PARKED VEHICLE,SIDESWIPE-SAME DIRECTION,STRAIGHT & LEVEL,DAYLIGHT,5,O,087-CS-1052  -000
30655400,MONTGOMERY CTY SHERIFF DEPT,MONTGOMERY,,244,BURLEY,WAY,38.03917496,-83.94827118,0.503,10/4/2022,908,2,2,0,0,CLEAR,DRY,FALSE,1 VEHICLE PARKED POSITION (NOT PARKING LOT/DRIVEWAY),ANGLE,STRAIGHT & GRADE,DAYLIGHT,5,O,087-CR-1244A -000
30657372,MT. STERLING POLICE DEPARTMENT,MONTGOMERY,KY0686,,INDIAN MOUND,DR,38.06711148,-83.95543885,0.707,10/6/2022,1632,2,2,0,0,CLEAR,DRY,FALSE,1 VEHICLE ENTERING/LEAVING ENTRANCE,ANGLE,STRAIGHT & LEVEL,DAYLIGHT,5,O,087-KY-0686  -000
30671100,MT. STERLING POLICE DEPARTMENT,MONTGOMERY,,217,WINN,ST,38.06264419,-83.94988571,0.294,10/8/2022,1236,1,1,0,0,CLEAR,DRY,FALSE,COLLISION WITH FIXED OBJECT IN INTERSECTION - FIRST EVENT COLLISION 09 - 32,SINGLE VEHICLE,STRAIGHT & GRADE,DAYLIGHT,5,O,087-CS-1063  -000
30672669,MT. STERLING POLICE DEPARTMENT,MONTGOMERY,KY0686,,INDIAN MOUND,DR,38.05405735,-83.95648681,1.658,10/10/2022,1418,2,2,0,0,CLEAR,DRY,FALSE,REAR END IN TRAFFIC LANES BOTH VEHICLES MOVING,REAR END,STRAIGHT & LEVEL,DAYLIGHT,5,O,087-KY-0686  -000
30676076,MT. STERLING POLICE DEPARTMENT,MONTGOMERY,KY0686,,INDIAN MOUND,DR,38.04123138,-83.94779096,2.753,10/10/2022,1540,2,2,0,0,CLEAR,DRY,FALSE,OTHER INTERSECTION COLLISIONS,REAR END,STRAIGHT & LEVEL,DAYLIGHT,5,O,087-KY-0686  -000
30678492,MT. STERLING POLICE DEPARTMENT,MONTGOMERY,,,MT AYR,DR,38.07418739,-83.94790792,0.023,10/11/2022,1946,2,2,0,0,CLEAR,DRY,TRUE,,REAR END,STRAIGHT & LEVEL,DARK-HWY LIGHTED/ON,5,O,087-PR-1093  -000
30695969,MT. STERLING POLICE DEPARTMENT,MONTGOMERY,,,QUEEN,ST,38.05516635,-83.93833741,0.055,10/14/2022,936,1,1,0,0,CLEAR,DRY,FALSE,OTHER ROADWAY OR MID-BLOCK COLLISION,SINGLE VEHICLE,STRAIGHT & LEVEL,DAYLIGHT,5,O,087-CS-1080  -000
30695970,MT. STERLING POLICE DEPARTMENT,MONTGOMERY,,,EVANS,AVE,38.07545126,-83.95148127,0.167,10/14/2022,1226,2,2,0,0,CLEAR,DRY,FALSE,OPPOSITE DIRECTION - BOTH VEHICLES GOING STRAIGHT AHEAD,SIDESWIPE-OPPOSITE DIRECTION,STRAIGHT & LEVEL,DAYLIGHT,5,O,087-CS-1116  -000
30695971,MT. STERLING POLICE DEPARTMENT,MONTGOMERY,KY0686,,INDIAN MOUND,DR,38.05481959,-83.95643621,1.588,10/14/2022,1653,2,2,0,0,CLEAR,DRY,FALSE,OTHER ROADWAY OR MID-BLOCK COLLISION,REAR END,STRAIGHT & LEVEL,DAYLIGHT,5,O,087-KY-0686  -000
30695972,MT. STERLING POLICE DEPARTMENT,MONTGOMERY,KY0686,686,INDIAN MOUND,DR,38.07347745,-83.95096175,0.155,10/15/2022,1612,2,2,0,0,CLEAR,DRY,FALSE,SIDESWIPE-SAME DIRECTION,SIDESWIPE-SAME DIRECTION,STRAIGHT & LEVEL,DAYLIGHT,5,O,087-KY-0686  -000
30695973,MT. STERLING POLICE DEPARTMENT,MONTGOMERY,US0460,,MAYSVILLE,RD,38.07754521,-83.94947265,8.043,10/16/2022,1003,2,2,0,0,CLEAR,DRY,FALSE,REAR END IN TRAFFIC LANES BOTH VEHICLES MOVING,REAR END,STRAIGHT & LEVEL,DAYLIGHT,5,O,087-US-0460  -000
30695974,MT. STERLING POLICE DEPARTMENT,MONTGOMERY,,,LOCUST,ST,38.05584204,-83.93899235,0.015,10/15/2022,915,2,2,0,0,CLEAR,DRY,TRUE,COLLISION WITH PARKED VEHICLE,SIDESWIPE-SAME DIRECTION,STRAIGHT & LEVEL,DAWN,5,O,087-CS-1023  -000
30709468,MT. STERLING POLICE DEPARTMENT,MONTGOMERY,,,VANCE,DR,38.0737487,-83.95127238,0.01,10/17/2022,1142,2,2,0,0,CLEAR,DRY,FALSE,REAR END IN TRAFFIC LANES BOTH VEHICLES MOVING,REAR END,STRAIGHT & LEVEL,DAYLIGHT,5,O,087-CS-1115  -000
30709469,MT. STERLING POLICE DEPARTMENT,MONTGOMERY,,,HIGH,ST,38.05859168,-83.93823769,0.234,10/16/2022,1411,3,2,0,1,CLOUDY,WET,FALSE,ANGLE COLLISION - OTHER,ANGLE,STRAIGHT & LEVEL,DAYLIGHT,3,B,087-CS-1052  -000
30709479,MT. STERLING POLICE DEPARTMENT,MONTGOMERY,,,WILSON,ALY,38.05660756,-83.94066481,0.076,10/14/2022,800,1,1,0,0,CLEAR,DRY,FALSE,OTHER ROADWAY OR MID-BLOCK COLLISION,SINGLE VEHICLE,STRAIGHT & LEVEL,DAYLIGHT,5,O,087-CS-1088  -000
30709527,MONTGOMERY CTY SHERIFF DEPT,MONTGOMERY,,,CLARENCE,DR,38.0926752,-83.90117638,0.192,9/23/2022,331,1,1,0,0,CLEAR,DRY,FALSE,COLLISION WITH ANIMAL NON INTERSECTION,SINGLE VEHICLE,STRAIGHT & LEVEL,DARK-HWY LIGHTED/ON,5,O,087-CR-1019G -000
30709532,MONTGOMERY CTY SHERIFF DEPT,MONTGOMERY,KY0686,,INDIAN MOUND,DR,38.06173026,-83.95578939,1.089,10/8/2022,1201,2,2,0,1,CLEAR,DRY,FALSE,1 VEHICLE ENTERING/LEAVING ENTRANCE,ANGLE,STRAIGHT & LEVEL,DAYLIGHT,4,C,087-KY-0686  -000
30709533,MONTGOMERY CTY SHERIFF DEPT,MONTGOMERY,US0460,2359,CAMARGO,RD,38.0144247,-83.90942558,13.102,10/7/2022,1545,2,2,0,0,CLEAR,DRY,FALSE,REAR END IN TRAFFIC LANES BOTH VEHICLES MOVING,REAR END,STRAIGHT & LEVEL,DAYLIGHT,5,O,087-US-0460  -000
30709539,MONTGOMERY CTY SHERIFF DEPT,MONTGOMERY,KY0686,,INDIAN MOUND,DR,38.05474689,-83.91665592,4.866,10/5/2022,2318,2,2,0,1,CLEAR,DRY,FALSE,HEAD-ON COLLISION,HEAD ON,CURVE & LEVEL,DARK-HWY NOT LIGHTED,4,C,087-KY-0686  -000
30709542,MONTGOMERY CTY SHERIFF DEPT,MONTGOMERY,US0460,,MAIN,ST,37.97638146,-83.85099264,17.436,10/7/2022,1834,2,2,0,0,CLEAR,DRY,FALSE,ANGLE COLLISION - OTHER,ANGLE,STRAIGHT & LEVEL,DAYLIGHT,5,O,087-US-0460  -000
30709543,MONTGOMERY CTY SHERIFF DEPT,MONTGOMERY,US0460,,CAMARGO,RD,38.02225638,-83.91626533,12.421,10/7/2022,2231,2,2,0,0,CLEAR,DRY,TRUE,OPPOSITE DIRECTION - BOTH VEHICLES GOING STRAIGHT AHEAD,SIDESWIPE-OPPOSITE DIRECTION,STRAIGHT & GRADE,DAWN,5,O,087-US-0460  -000
30709552,MONTGOMERY CTY SHERIFF DEPT,MONTGOMERY,KY0646,,NEST EGG,RD,37.96043562,-83.96531472,6.414,10/10/2022,810,2,2,0,0,CLEAR,DRY,FALSE,HEAD-ON COLLISION,HEAD ON,CURVE & GRADE,DAYLIGHT,5,O,087-KY-0646  -000
30709555,MONTGOMERY CTY SHERIFF DEPT,MONTGOMERY,KY0011,,MAYSVILLE,RD,38.1587824,-83.95771274,15.082,10/10/2022,1532,2,2,0,0,CLEAR,DRY,FALSE,SIDESWIPE COLLISION - SAME DIRECTION,SIDESWIPE-SAME DIRECTION,STRAIGHT & GRADE,DAYLIGHT,5,O,087-KY-0011  -000
30709557,MONTGOMERY CTY SHERIFF DEPT,MONTGOMERY,,,OLDHAM,RD,38.00524675,-83.9031658,0.001,10/11/2022,1022,2,2,0,0,CLEAR,DRY,FALSE,OTHER INTERSECTION COLLISIONS,REAR END,STRAIGHT & LEVEL,DAYLIGHT,5,O,087-CS-2021  -000
30709619,MONTGOMERY CTY SHERIFF DEPT,MONTGOMERY,KY0011,7885,LEVEE,RD,37.94960946,-83.93461862,2.509,10/15/2022,1516,2,2,0,0,CLEAR,DRY,FALSE,SIDESWIPE COLLISION - OPPOSITE DIRECTION,SIDESWIPE-OPPOSITE DIRECTION,STRAIGHT & LEVEL,DAYLIGHT,5,O,087-KY-0011  -000
30709621,MONTGOMERY CTY SHERIFF DEPT,MONTGOMERY,,172,PAMELA,DR,38.08299657,-83.92655268,0.094,10/14/2022,829,2,2,0,0,CLEAR,DRY,FALSE,SIDESWIPE COLLISION - OPPOSITE DIRECTION,SIDESWIPE-OPPOSITE DIRECTION,CURVE & LEVEL,DAYLIGHT,5,O,087-PS-1034  -000
30721279,MT. STERLING POLICE DEPARTMENT,MONTGOMERY,US0060,,MAIN,ST,38.05576778,-83.94499878,4.965,10/20/2022,1215,2,2,0,0,CLEAR,DRY,FALSE,OTHER ROADWAY OR MID-BLOCK COLLISION,REAR END,STRAIGHT & LEVEL,DAYLIGHT,5,O,087-US-0060  -000
30723003,MT. STERLING POLICE DEPARTMENT,MONTGOMERY,,406,SCOTT,ST,38.05516704,-83.93555341,0.067,10/7/2022,15,2,2,0,0,CLEAR,DRY,TRUE,,ANGLE,STRAIGHT & GRADE,DARK-HWY LIGHTED/ON,5,O,087-CS-1011  -000
30740851,MONTGOMERY CTY SHERIFF DEPT,MONTGOMERY,KY0646,8529,CREAM ALLEY,RD,37.96042917,-83.90552692,2.752,10/15/2022,2314,1,1,0,0,CLEAR,DRY,FALSE,RAN OFF ROADWAY (1 VEHICLE WITH/EARTH EMBANKMENT/DITCH),SINGLE VEHICLE,STRAIGHT & LEVEL,DARK-HWY NOT LIGHTED,5,O,087-KY-0646  -000
30740855,MONTGOMERY CTY SHERIFF DEPT,MONTGOMERY,KY0646,,NEST EGG,RD,37.96863419,-83.93784595,4.625,10/20/2022,1858,2,2,0,0,CLEAR,DRY,FALSE,SIDESWIPE COLLISION - OPPOSITE DIRECTION,SIDESWIPE-OPPOSITE DIRECTION,STRAIGHT & LEVEL,DAYLIGHT,5,O,087-KY-0646  -000
30740901,MONTGOMERY CTY SHERIFF DEPT,MONTGOMERY,KY0011,,MAYSVILLE,RD,38.12965601,-83.95878775,12.999,10/18/2022,2005,2,2,0,1,CLEAR,DRY,FALSE,ANGLE COLLISION - OTHER,ANGLE,STRAIGHT & LEVEL,DARK-HWY NOT LIGHTED,3,B,087-KY-0011  -000
30740908,MONTGOMERY CTY SHERIFF DEPT,MONTGOMERY,KY0646,2750,NEST EGG,RD,37.96029289,-83.978012,7.167,10/24/2022,1155,2,2,0,0,CLEAR,DRY,TRUE,HEAD-ON COLLISION,HEAD ON,CURVE & LEVEL,DAYLIGHT,5,O,087-KY-0646  -000
30740941,MONTGOMERY CTY SHERIFF DEPT,MONTGOMERY,,324,ANDREW,DR,37.97606405,-83.84475832,0.064,10/21/2022,236,2,2,0,0,CLEAR,DRY,TRUE,1 VEHICLE PARKED POSITION (NOT PARKING LOT/DRIVEWAY),BACKING,STRAIGHT & LEVEL,DARK-HWY NOT LIGHTED,5,O,087-PR-1170  -000
30741497,MT. STERLING POLICE DEPARTMENT,MONTGOMERY,KY0686,,INDIAN MOUND,DR,38.07096272,-83.95487491,0.464,10/24/2022,1725,2,2,0,0,CLEAR,DRY,FALSE,1 VEHICLE ENTERING/LEAVING ENTRANCE,ANGLE,STRAIGHT & LEVEL,DAYLIGHT,5,O,087-KY-0686  -000
30741498,MT. STERLING POLICE DEPARTMENT,MONTGOMERY,US0460,,MAYSVILLE,ST,38.06377339,-83.94468112,9.028,10/26/2022,1515,2,2,0,0,CLOUDY,DRY,FALSE,1 VEHICLE ENTERING/LEAVING ENTRANCE,ANGLE,STRAIGHT & HILLCREST,DAYLIGHT,5,O,087-US-0460  -000
30749307,MT. STERLING POLICE DEPARTMENT,MONTGOMERY,KY1991,,HINKSTON,PIKE,38.06543505,-83.94495714,0.013,10/28/2022,2113,2,2,0,0,CLEAR,DRY,FALSE,,BACKING,STRAIGHT & GRADE,DARK-HWY LIGHTED/ON,5,O,087-KY-1991  -000
30752017,MONTGOMERY CTY SHERIFF DEPT,MONTGOMERY,KY0713,,SPENCER,PIKE,38.05833432,-83.92247409,7.385,10/13/2022,1737,2,1,0,0,CLEAR,DRY,FALSE,VEHICLE BACKING NON INTERSECTION,BACKING,STRAIGHT & GRADE,DAYLIGHT,5,O,087-KY-0713  -000
30758242,MONTGOMERY CTY SHERIFF DEPT,MONTGOMERY,US0060,3060,OWINGSVILLE,RD,38.08524989,-83.90008225,8.423,10/28/2022,735,2,2,0,0,CLEAR,DRY,FALSE,1 VEHICLE ENTERING/LEAVING ENTRANCE,ANGLE,STRAIGHT & LEVEL,DAWN,5,O,087-US-0060  -000
30758247,MONTGOMERY CTY SHERIFF DEPT,MONTGOMERY,KY0011,,LEVEE,RD,37.92552472,-83.91332698,0.439,10/20/2022,1708,2,2,0,0,BLOWING SAND/SOIL/DIRT/SNOW,DRY,FALSE,ANGLE COLLISION - OTHER,ANGLE,STRAIGHT & LEVEL,DAYLIGHT,5,O,087-KY-0011  -000
30758265,MONTGOMERY CTY SHERIFF DEPT,MONTGOMERY,,336,ASHGROVE,DR,38.04507037,-83.95225001,0.232,10/29/2022,1326,4,4,0,1,CLEAR,DRY,FALSE,1 VEHICLE PARKED POSITION (NOT PARKING LOT/DRIVEWAY),REAR END,CURVE & LEVEL,DAYLIGHT,3,B,087-CR-1307A -000
30758271,MONTGOMERY CTY SHERIFF DEPT,MONTGOMERY,US0060,4400,OWINGSVILLE,RD,38.11747195,-83.88568021,10.908,10/30/2022,1707,1,1,0,0,RAINING,WET,FALSE,COLLISION WITH FIXED OBJECT NON - INTERSECTION - FIRST EVENT COLLISION 09 - 32 EXCLUDING 16,SINGLE VEHICLE,CURVE & LEVEL,DAYLIGHT,5,O,087-US-0060  -000
30758274,MONTGOMERY CTY SHERIFF DEPT,MONTGOMERY,,411,RICHMOND,AVE,38.04353999,-83.95007648,0.158,10/29/2022,1700,1,1,0,0,CLEAR,DRY,FALSE,COLLISION WITH FIXED OBJECT NON - INTERSECTION - FIRST EVENT COLLISION 09 - 32 EXCLUDING 16,SINGLE VEHICLE,STRAIGHT & LEVEL,DAYLIGHT,5,O,087-CS-1024  -000
30758276,MONTGOMERY CTY SHERIFF DEPT,MONTGOMERY,KY0011,,LEVEE,RD,37.97073008,-83.93537663,4.115,10/30/2022,2045,1,1,0,0,RAINING,WET,FALSE,RAN OFF ROADWAY (1 VEHICLE WITH/EARTH EMBANKMENT/DITCH),SINGLE VEHICLE,CURVE & LEVEL,DARK-HWY NOT LIGHTED,5,O,087-KY-0011  -000
30758277,MONTGOMERY CTY SHERIFF DEPT,MONTGOMERY,US0460,,MAIN,ST,37.97636105,-83.85098436,17.437,10/30/2022,221,2,2,0,0,CLOUDY,WET,FALSE,ANGLE COLLISION - OTHER,ANGLE,STRAIGHT & LEVEL,DARK-HWY LIGHTED/ON,5,O,087-US-0460  -000
30758281,MONTGOMERY CTY SHERIFF DEPT,MONTGOMERY,US0460,,CAMARGO,RD,38.02229654,-83.91626437,12.424,10/10/2022,1816,2,2,0,0,CLEAR,DRY,FALSE,ANGLE COLLISION - OTHER,ANGLE,STRAIGHT & GRADE,DAYLIGHT,5,O,087-US-0460  -000
30758282,MONTGOMERY CTY SHERIFF DEPT,MONTGOMERY,KY0011,,LEVEE,RD,37.92447527,-83.91288467,0.361,10/16/2022,1942,1,1,0,0,RAINING,WET,FALSE,RAN OFF ROADWAY (1 VEHICLE WITH/EARTH EMBANKMENT/DITCH),SINGLE VEHICLE,CURVE & LEVEL,DARK-HWY NOT LIGHTED,5,O,087-CS-2003  -000
30760542,MONTGOMERY CTY SHERIFF DEPT,MONTGOMERY,KY0011,,LEVEE,RD,37.92533593,-83.91325161,0.425,10/14/2022,303,2,2,0,0,CLOUDY,DRY,FALSE,COLLISION WITH FIXED OBJECT NON - INTERSECTION - FIRST EVENT COLLISION 09 - 32 EXCLUDING 16,HEAD ON,CURVE & LEVEL,DARK-HWY NOT LIGHTED,5,O,087-KY-0011  -000