IncidentID,AgencyName,County,RdwyNumber,Street,RoadwayName,StreetSfx,Latitude,Longitude,Milepoint,CollisionDate,CollisionTime,UnitsInvolved,MotorVehiclesInvolved,NumberKilled,NumberInjured,Weather,RdwyConditionCode,HitandRun,DirAnalysisCode,MannerofCollision,RdwyCharacter,LightCondition,KABCO Code,KABCO,RT_UNIQUE
30760544,MONTGOMERY CTY SHERIFF DEPT,MONTGOMERY,KY0646,7010,CREAM ALLEY,RD,37.96943827,-83.93134398,4.338,10/23/2022,107,1,1,0,0,CLEAR,DRY,FALSE,RAN OFF ROADWAY (1 VEHICLE WITH/EARTH EMBANKMENT/DITCH),SINGLE VEHICLE,CURVE & LEVEL,DARK-HWY NOT LIGHTED,5,O,087-KY-0646  -000
30766555,MT. STERLING POLICE DEPARTMENT,MONTGOMERY,KY0686,,INDIAN MOUND,DR,38.06108029,-83.95557068,1.153,10/31/2022,1321,2,2,0,0,CLEAR,DRY,FALSE,1 VEHICLE ENTERING/LEAVING ENTRANCE,ANGLE,STRAIGHT & LEVEL,DAYLIGHT,5,O,087-KY-0686  -000
30766567,MT. STERLING POLICE DEPARTMENT,MONTGOMERY,US0460,,CAMARGO,RD,38.04211121,-83.93429217,10.69,10/31/2022,1431,2,2,0,2,CLOUDY,DRY,FALSE,ANGLE COLLISION - OTHER,ANGLE,STRAIGHT & LEVEL,DAYLIGHT,2,A,087-US-0460  -000
30777524,MT. STERLING POLICE DEPARTMENT,MONTGOMERY,KY0686,,INDIAN MOUND,DR,38.06732899,-83.95518478,0.722,11/3/2022,1538,3,3,0,2,CLEAR,DRY,FALSE,ANGLE COLLISION - OTHER,ANGLE,STRAIGHT & LEVEL,DAYLIGHT,4,C,087-KY-0686  -000
30783917,MONTGOMERY CTY SHERIFF DEPT,MONTGOMERY,KY0011,1700,LEVEE,RD,38.03091648,-83.94960565,8.565,10/27/2022,910,1,1,0,0,CLEAR,DRY,FALSE,RAN OFF ROADWAY (1 VEHICLE WITH/EARTH EMBANKMENT/DITCH),SINGLE VEHICLE,STRAIGHT & LEVEL,DAYLIGHT,5,O,087-KY-0011  -000
30789167,MT. STERLING POLICE DEPARTMENT,MONTGOMERY,,,EVANS,AVE,38.07547539,-83.94896896,0.01,11/7/2022,1801,2,2,0,0,CLEAR,DRY,TRUE,VEHICLE BACKING NON INTERSECTION,BACKING,STRAIGHT & LEVEL,DARK-HWY LIGHTED/ON,5,O,087-CS-1116  -000
30793395,MT. STERLING POLICE DEPARTMENT,MONTGOMERY,,,HIGH,ST,38.05772327,-83.94178919,0.039,11/8/2022,1240,1,1,0,0,CLEAR,DRY,FALSE,COLLISION WITH FIXED OBJECT NON - INTERSECTION - FIRST EVENT COLLISION 09 - 32 EXCLUDING 16,SINGLE VEHICLE,STRAIGHT & GRADE,DARK-HWY LIGHTED/ON,5,O,087-CS-1052  -000
30796986,MT. STERLING POLICE DEPARTMENT,MONTGOMERY,KY0686,,INDIAN MOUND,DR,38.07083911,-83.95491411,0.473,11/8/2022,530,1,1,0,0,CLOUDY,DRY,FALSE,COLLISION WITH ANIMAL NON INTERSECTION,SINGLE VEHICLE,STRAIGHT & LEVEL,DARK-HWY LIGHTED/ON,5,O,087-KY-0686  -000
30796987,MT. STERLING POLICE DEPARTMENT,MONTGOMERY,KY0713,,LOCUST,ST,38.05592398,-83.9387307,6.462,10/28/2022,1253,2,2,0,0,CLEAR,DRY,FALSE,1 VEHICLE ENTERING/LEAVING ENTRANCE,ANGLE,STRAIGHT & LEVEL,DAYLIGHT,5,O,087-KY-0713  -000
30800368,MONTGOMERY CTY SHERIFF DEPT,MONTGOMERY,KY0011,3600,LEVEE,RD,38.00613086,-83.9447218,6.695,11/2/2022,1419,2,2,0,0,CLEAR,DRY,FALSE,VEHICLE BACKING NON INTERSECTION,BACKING,STRAIGHT & LEVEL,DAYLIGHT,5,O,087-KY-0011  -000
30800378,MONTGOMERY CTY SHERIFF DEPT,MONTGOMERY,KY1331,,HOWARDS MILL,RD,38.07276709,-83.87914893,1.592,11/3/2022,1740,1,1,0,0,CLEAR,DRY,FALSE,COLLISION WITH FIXED OBJECT NON - INTERSECTION - FIRST EVENT COLLISION 09 - 32 EXCLUDING 16,SINGLE VEHICLE,STRAIGHT & LEVEL,DAYLIGHT,5,O,087-KY-1331  -000
30800385,MONTGOMERY CTY SHERIFF DEPT,MONTGOMERY,,,ALEXA,DR,38.06552423,-83.95523663,0.014,11/4/2022,1255,2,2,0,0,CLEAR,DRY,FALSE,SIDESWIPE-SAME DIRECTION,SIDESWIPE-SAME DIRECTION,STRAIGHT & LEVEL,DAYLIGHT,5,O,087-CS-1064  -000
30800389,MONTGOMERY CTY SHERIFF DEPT,MONTGOMERY,KY0713,,SPENCER,PIKE,38.04573114,-83.90111587,8.884,11/4/2022,1559,1,1,0,1,CLEAR,DRY,FALSE,RAN OFF ROADWAY (1 VEHICLE WITH/EARTH EMBANKMENT/DITCH),SINGLE VEHICLE,CURVE & LEVEL,DAYLIGHT,4,C,087-KY-0713  -000
30800390,MONTGOMERY CTY SHERIFF DEPT,MONTGOMERY,KY0011,,LEVEE,RD,38.01132684,-83.95054413,7.193,11/4/2022,1744,1,1,0,0,CLEAR,DRY,FALSE,COLLISION WITH FIXED OBJECT NON - INTERSECTION - FIRST EVENT COLLISION 09 - 32 EXCLUDING 16,SINGLE VEHICLE,STRAIGHT & LEVEL,DAYLIGHT,5,O,087-KY-0011  -000
30800392,MONTGOMERY CTY SHERIFF DEPT,MONTGOMERY,,,WOODFORD,DR,38.04561015,-83.94118042,0.17,11/5/2022,1424,1,1,0,0,CLOUDY,WET,FALSE,RAN OFF ROADWAY (1 VEHICLE WITH/EARTH EMBANKMENT/DITCH),SINGLE VEHICLE,STRAIGHT & LEVEL,DAYLIGHT,5,O,087-CR-1001  -000
30800393,MONTGOMERY CTY SHERIFF DEPT,MONTGOMERY,KY0713,,GRASSY LICK,RD,38.0774863,-84.00227782,2.782,11/6/2022,905,1,1,0,1,CLOUDY,WET,FALSE,RAN OFF ROADWAY (1 VEHICLE WITH/EARTH EMBANKMENT/DITCH),SINGLE VEHICLE,CURVE & GRADE,DAYLIGHT,4,C,087-KY-0713  -000
30800396,MONTGOMERY CTY SHERIFF DEPT,MONTGOMERY,,,STEPSTONE,RD,38.09471302,-83.84569997,3.001,11/1/2022,1849,2,2,0,0,CLOUDY,DRY,FALSE,SIDESWIPE COLLISION - OPPOSITE DIRECTION,SIDESWIPE-OPPOSITE DIRECTION,STRAIGHT & HILLCREST,DARK-HWY NOT LIGHTED,5,O,087-CR-1008  -000
30800397,MONTGOMERY CTY SHERIFF DEPT,MONTGOMERY,KY0011,,LEVEE,RD,37.96973933,-83.93640784,4.02,11/6/2022,1822,2,2,0,2,CLEAR,DRY,FALSE,ANGLE COLLISION - OTHER,ANGLE,STRAIGHT & LEVEL,DARK-HWY NOT LIGHTED,3,B,087-KY-0011  -000
30800498,MONTGOMERY CTY SHERIFF DEPT,MONTGOMERY,,,MARTIN,RD,37.91603606,-83.87005638,0.425,11/8/2022,1217,1,1,0,2,CLEAR,DRY,FALSE,COLLISION WITH FIXED OBJECT IN INTERSECTION - FIRST EVENT COLLISION 09 - 32,SINGLE VEHICLE,CURVE & LEVEL,DAYLIGHT,2,A,087-CR-1148  -000
30800502,MONTGOMERY CTY SHERIFF DEPT,MONTGOMERY,KY0011,,MAYSVILLE,RD,38.15201527,-83.95492505,14.588,11/8/2022,1830,1,1,0,0,CLEAR,DRY,FALSE,COLLISION WITH ANIMAL IN INTERSECTION,SINGLE VEHICLE,CURVE & LEVEL,DARK-HWY LIGHTED/OFF,5,O,087-KY-0011  -000
30811203,MT. STERLING POLICE DEPARTMENT,MONTGOMERY,US0460,,CAMARGO,RD,38.04191452,-83.93424714,10.703,11/12/2022,1436,2,2,0,0,CLOUDY,WET,FALSE,SIDESWIPE COLLISION - SAME DIRECTION,SIDESWIPE-SAME DIRECTION,STRAIGHT & LEVEL,DAYLIGHT,5,O,087-US-0460  -000
30811204,MT. STERLING POLICE DEPARTMENT,MONTGOMERY,KY0686,,INDIAN MOUND,DR,38.06342474,-83.91384999,5.494,11/11/2022,1708,1,1,0,0,CLOUDY,WET,TRUE,COLLISION WITH FIXED OBJECT NON - INTERSECTION - FIRST EVENT COLLISION 09 - 32 EXCLUDING 16,SINGLE VEHICLE,STRAIGHT & LEVEL,DAYLIGHT,5,O,087-KY-0686  -000
30820984,MT. STERLING POLICE DEPARTMENT,MONTGOMERY,,101,WINGTIP,WAY,38.07554979,-83.94830446,0.095,11/14/2022,1813,2,2,0,0,CLEAR,DRY,TRUE,,REAR END,STRAIGHT & LEVEL,DARK-HWY LIGHTED/ON,5,O,087-CS-1121  -000
30820989,MT. STERLING POLICE DEPARTMENT,MONTGOMERY,US0460,,MAYSVILLE,ST,38.06274021,-83.9443073,9.104,11/15/2022,1713,2,2,0,0,RAINING,WET,FALSE,,REAR END,STRAIGHT & LEVEL,DUSK,5,O,087-US-0460  -000
30823208,MONTGOMERY CTY SHERIFF DEPT,MONTGOMERY,US0060,,OWINGSVILLE,RD,38.08621782,-83.89958622,8.496,11/11/2022,604,2,2,0,0,RAINING,WET,FALSE,OTHER ROADWAY OR MID-BLOCK COLLISION,REAR END,STRAIGHT & LEVEL,DARK-HWY LIGHTED/ON,5,O,087-US-0060  -000
30823227,MONTGOMERY CTY SHERIFF DEPT,MONTGOMERY,US0060,,OWINGSVILLE,RD,38.08871967,-83.89836824,8.675,11/13/2022,445,1,1,0,0,"SLEET, HAIL, FREEZING RAIN",WET,FALSE,COLLISION WITH FIXED OBJECT NON - INTERSECTION - FIRST EVENT COLLISION 09 - 32 EXCLUDING 16,SINGLE VEHICLE,STRAIGHT & LEVEL,DARK-HWY NOT LIGHTED,5,O,087-US-0060  -000
30823232,MONTGOMERY CTY SHERIFF DEPT,MONTGOMERY,KY0686,,INDIAN MOUND,DR,38.06733557,-83.95540213,0.72,10/27/2022,1710,2,2,0,0,CLEAR,DRY,FALSE,ANGLE COLLISION - ONE VEHICLE TURNING RIGHT,ANGLE,STRAIGHT & LEVEL,DAYLIGHT,5,O,087-KY-0686  -000
30823243,MONTGOMERY CTY SHERIFF DEPT,MONTGOMERY,KY0713,,SPENCER,PIKE,38.02707981,-83.80078727,15.124,11/15/2022,745,2,2,0,0,RAINING,WET,FALSE,SIDESWIPE COLLISION - OPPOSITE DIRECTION,SIDESWIPE-OPPOSITE DIRECTION,CURVE & LEVEL,DAWN,5,O,087-KY-0713  -000
30823464,MONTGOMERY CTY SHERIFF DEPT,MONTGOMERY,KY0646,2750,NEST EGG,RD,37.96036667,-83.97809986,7.172,11/11/2022,1550,2,1,0,0,RAINING,WET,FALSE,SIDESWIPE COLLISION - OPPOSITE DIRECTION,SIDESWIPE-OPPOSITE DIRECTION,CURVE & LEVEL,DAYLIGHT,5,O,087-KY-0646  -000
30838189,MT. STERLING POLICE DEPARTMENT,MONTGOMERY,KY0686,851,INDIAN MOUND,DR,38.06324985,-83.95562703,1.004,11/13/2022,2023,2,2,0,0,CLEAR,DRY,TRUE,SIDESWIPE COLLISION - SAME DIRECTION,SIDESWIPE-SAME DIRECTION,STRAIGHT & LEVEL,DARK-HWY LIGHTED/ON,5,O,087-KY-0686  -000
30855278,MONTGOMERY CTY SHERIFF DEPT,MONTGOMERY,US0460,1332,PARIS,RD,38.09721707,-83.9778421,5.614,11/11/2022,1613,1,1,0,0,CLOUDY,WET,TRUE,RAN OFF ROADWAY (1 VEHICLE WITH/EARTH EMBANKMENT/DITCH),SINGLE VEHICLE,CURVE & LEVEL,DAYLIGHT,5,O,087-US-0460  -000
30855284,MONTGOMERY CTY SHERIFF DEPT,MONTGOMERY,US0460,,MAIN,ST,37.98174368,-83.86585281,16.543,11/18/2022,1138,2,2,0,0,CLEAR,DRY,FALSE,HEAD-ON COLLISION,HEAD ON,STRAIGHT & LEVEL,DAYLIGHT,5,O,087-US-0460  -000
30855286,MONTGOMERY CTY SHERIFF DEPT,MONTGOMERY,,,FICKLIN,RD,37.99240997,-83.86228139,0.546,11/18/2022,1715,1,1,0,0,CLEAR,DRY,FALSE,COLLISION WITH ANIMAL NON INTERSECTION,SINGLE VEHICLE,STRAIGHT & LEVEL,DAYLIGHT,5,O,087-CR-1122  -000
30855287,MONTGOMERY CTY SHERIFF DEPT,MONTGOMERY,US0060,,WINCHESTER,RD,38.03554673,-84.0131636,0.796,11/18/2022,1509,3,3,0,0,CLEAR,DRY,FALSE,REAR END IN TRAFFIC LANES BOTH VEHICLES MOVING,REAR END,CURVE & LEVEL,DAYLIGHT,5,O,087-US-0060  -000
30855291,MONTGOMERY CTY SHERIFF DEPT,MONTGOMERY,KY0686,,INDIAN MOUND,DR,38.0673182,-83.95541555,0.723,11/19/2022,1414,2,2,0,0,CLEAR,DRY,FALSE,SIDESWIPE-SAME DIRECTION,SIDESWIPE-SAME DIRECTION,STRAIGHT & LEVEL,DAYLIGHT,5,O,087-KY-0686  -000
30855295,MONTGOMERY CTY SHERIFF DEPT,MONTGOMERY,US0060,3060,OWINGSVILLE,RD,38.08563134,-83.89988249,8.452,11/20/2022,2211,2,2,0,0,CLOUDY,DRY,TRUE,1 VEHICLE ENTERING/LEAVING ENTRANCE,ANGLE,STRAIGHT & HILLCREST,DARK-HWY NOT LIGHTED,5,O,087-US-0060  -000
30855296,MONTGOMERY CTY SHERIFF DEPT,MONTGOMERY,,,MCCORMICK,RD,37.99414805,-83.88771663,0.002,11/22/2022,1529,2,2,0,1,CLEAR,DRY,FALSE,OTHER INTERSECTION COLLISIONS,REAR END,STRAIGHT & LEVEL,DAYLIGHT,4,C,087-CR-1123  -000
30855316,MONTGOMERY CTY SHERIFF DEPT,MONTGOMERY,KY0686,,INDIAN MOUND,DR,38.07351295,-83.91794188,6.218,11/20/2022,954,2,2,0,0,CLEAR,DRY,FALSE,1 VEHICLE ENTERING/LEAVING ENTRANCE,ANGLE,STRAIGHT & GRADE,DAYLIGHT,5,O,087-KY-0686  -000
30855319,MONTGOMERY CTY SHERIFF DEPT,MONTGOMERY,US0060,1871,OWINGSVILLE,RD,38.07063628,-83.92840904,6.561,11/24/2022,216,1,1,0,0,CLEAR,DRY,FALSE,COLLISION WITH FIXED OBJECT NON - INTERSECTION - FIRST EVENT COLLISION 09 - 32 EXCLUDING 16,SINGLE VEHICLE,STRAIGHT & GRADE,DARK-HWY NOT LIGHTED,5,O,087-US-0060  -000
30858437,MT. STERLING POLICE DEPARTMENT,MONTGOMERY,US0460,,MAYSVILLE,ST,38.07560049,-83.94870732,8.181,11/18/2022,1256,2,2,0,0,CLEAR,DRY,FALSE,1 VEHICLE ENTERING/LEAVING ENTRANCE,ANGLE,STRAIGHT & LEVEL,DAYLIGHT,5,O,087-US-0460  -000
30858441,MT. STERLING POLICE DEPARTMENT,MONTGOMERY,KY2348,,CALK,AVE,38.05003332,-83.94574945,0.065,11/22/2022,1530,2,2,0,0,CLEAR,DRY,FALSE,1 VEHICLE PARKED POSITION (NOT PARKING LOT/DRIVEWAY),BACKING,STRAIGHT & LEVEL,DAYLIGHT,5,O,087-KY-1314  -000
30863735,MONTGOMERY CTY SHERIFF DEPT,MONTGOMERY,,4203,ROSE,AVE,37.99800861,-83.88869706,0.007,11/25/2022,1332,2,2,0,0,CLEAR,DRY,FALSE,VEHICLE BACKING NON INTERSECTION,BACKING,STRAIGHT & LEVEL,DAYLIGHT,5,O,087-CS-1014  -000
30873455,MONTGOMERY CTY SHERIFF DEPT,MONTGOMERY,US0060,,OWINGSVILLE,RD,38.13133117,-83.87636149,12.054,11/29/2022,1222,1,1,0,0,CLEAR,DRY,FALSE,COLLISION WITH ANIMAL NON INTERSECTION,SINGLE VEHICLE,STRAIGHT & GRADE,DAYLIGHT,5,O,087-US-0060  -000
30878268,MT. STERLING POLICE DEPARTMENT,MONTGOMERY,,,MADISON,SPGS,38.04947743,-83.95385196,0.134,11/29/2022,1150,2,2,0,0,CLEAR,DRY,FALSE,1 VEHICLE PARKED POSITION (NOT PARKING LOT/DRIVEWAY),SIDESWIPE-OPPOSITE DIRECTION,STRAIGHT & GRADE,DAYLIGHT,5,O,087-CS-1150  -000
30878269,MT. STERLING POLICE DEPARTMENT,MONTGOMERY,KY0686,,INDIAN MOUND,DR,38.06547439,-83.95557974,0.853,11/29/2022,1102,2,2,0,0,CLEAR,DRY,FALSE,1 VEHICLE ENTERING/LEAVING ENTRANCE,ANGLE,STRAIGHT & LEVEL,DAYLIGHT,5,O,087-KY-0686  -000
30878270,MT. STERLING POLICE DEPARTMENT,MONTGOMERY,,,HOLT,AVE,38.05992139,-83.94946263,0.164,11/9/2022,1129,2,2,0,0,CLEAR,DRY,FALSE,1 VEHICLE PARKED POSITION (NOT PARKING LOT/DRIVEWAY),BACKING,STRAIGHT & LEVEL,DAYLIGHT,5,O,087-CS-1051  -000
30878291,MT. STERLING POLICE DEPARTMENT,MONTGOMERY,KY0011,,LEVEE,RD,38.04750441,-83.94338396,9.75,11/30/2022,1546,2,2,0,0,CLEAR,DRY,FALSE,1 VEHICLE ENTERING/LEAVING ENTRANCE,ANGLE,STRAIGHT & GRADE,DAYLIGHT,5,O,087-KY-0011  -000
30880066,MONTGOMERY CTY SHERIFF DEPT,MONTGOMERY,,,QUISENBERRY,RD,38.09812467,-83.84934494,2.83,11/27/2022,1600,1,1,0,0,CLOUDY,WET,FALSE,COLLISION WITH FIXED OBJECT NON - INTERSECTION - FIRST EVENT COLLISION 09 - 32 EXCLUDING 16,SINGLE VEHICLE,CURVE & LEVEL,DAYLIGHT,5,O,087-CR-1011  -000
30880067,MONTGOMERY CTY SHERIFF DEPT,MONTGOMERY,KY0686,,INDIAN MOUND,DR,38.05416397,-83.95645245,1.633,11/29/2022,1739,2,2,0,0,CLOUDY,DRY,FALSE,REAR END IN TRAFFIC LANES BOTH VEHICLES MOVING,REAR END,STRAIGHT & LEVEL,DARK-HWY LIGHTED/OFF,5,O,087-KY-0686  -000
30882765,MT. STERLING POLICE DEPARTMENT,MONTGOMERY,KY0686,,INDIAN MOUND,DR,38.07096203,-83.95487112,0.464,11/28/2022,1750,2,2,0,0,CLEAR,DRY,FALSE,ANGLE COLLISION - OTHER,ANGLE,CURVE & LEVEL,DARK-HWY NOT LIGHTED,5,O,087-KY-0686  -000
30882771,MT. STERLING POLICE DEPARTMENT,MONTGOMERY,US0060,,WINCHESTER,RD,38.05380274,-83.95657568,4.305,11/30/2022,1840,2,2,0,0,CLEAR,DRY,FALSE,OTHER INTERSECTION COLLISIONS,REAR END,STRAIGHT & LEVEL,DARK-HWY LIGHTED/ON,5,O,087-US-0060  -000
30883820,MT. STERLING POLICE DEPARTMENT,MONTGOMERY,KY0686,,INDIAN MOUND,DR,38.05810424,-83.95603763,1.359,11/30/2022,1746,2,2,0,0,CLEAR,DRY,FALSE,OTHER INTERSECTION COLLISIONS,REAR END,STRAIGHT & LEVEL,DARK-HWY LIGHTED/ON,5,O,087-KY-0686  -000
30888068,MT. STERLING POLICE DEPARTMENT,MONTGOMERY,KY0686,,INDIAN MOUND,DR,38.06300961,-83.95505667,1.022,11/30/2022,1938,2,2,0,0,CLEAR,DRY,FALSE,ANGLE COLLISION - OTHER,ANGLE,STRAIGHT & LEVEL,DARK-HWY LIGHTED/ON,5,O,087-KY-0686  -000
30888070,MT. STERLING POLICE DEPARTMENT,MONTGOMERY,,,WILLOW,ST,38.05887863,-83.93699059,0.079,12/2/2022,1112,2,2,0,0,CLOUDY,DRY,FALSE,VEHICLE BACKING IN INTERSECTION,BACKING,STRAIGHT & LEVEL,DAYLIGHT,5,O,087-CS-1078  -000
30896274,MT. STERLING POLICE DEPARTMENT,MONTGOMERY,KY1991,,HINKSTON,PIKE,38.06552116,-83.94402529,0.065,11/30/2022,1315,2,2,0,0,CLEAR,DRY,FALSE,SIDESWIPE COLLISION - OPPOSITE DIRECTION,SIDESWIPE-OPPOSITE DIRECTION,CURVE & GRADE,DAYLIGHT,5,O,087-KY-1991  -000
30896533,MONTGOMERY CTY SHERIFF DEPT,MONTGOMERY,KY1331,4785,HOWARDS MILL,RD,38.0637993,-83.83120737,4.405,12/1/2022,922,1,1,0,1,CLEAR,DRY,FALSE,OTHER COLLISIONS ON SHOULDER,SINGLE VEHICLE,CURVE & HILLCREST,DAYLIGHT,4,C,087-KY-1331  -000
30896534,MONTGOMERY CTY SHERIFF DEPT,MONTGOMERY,US0060,,WINCHESTER,RD,38.04936291,-83.97743171,3.101,12/1/2022,1957,2,2,0,0,CLEAR,DRY,FALSE,ANGLE COLLISION - OTHER,ANGLE,STRAIGHT & LEVEL,DARK-HWY NOT LIGHTED,5,O,087-US-0060  -000
30896610,MONTGOMERY CTY SHERIFF DEPT,MONTGOMERY,,,CHENAULT,LN,38.04768689,-83.95614773,0.424,12/2/2022,1405,2,2,0,0,CLOUDY,DRY,FALSE,REAR END IN TRAFFIC LANES BOTH VEHICLES MOVING,REAR END,STRAIGHT & LEVEL,DAYLIGHT,5,O,087-CS-1032  -000
30896611,MONTGOMERY CTY SHERIFF DEPT,MONTGOMERY,,,CHASE,LN,37.98119321,-83.85703391,0.295,12/4/2022,1340,2,2,0,1,CLEAR,DRY,FALSE,HEAD-ON COLLISION,HEAD ON,STRAIGHT & GRADE,DAYLIGHT,4,C,087-CR-1165  -000
30897590,MT. STERLING POLICE DEPARTMENT,MONTGOMERY,US0460,1223,CAMARGO,RD,38.03377578,-83.92939415,11.34,12/2/2022,1726,2,2,0,0,RAINING,WET,FALSE,,ANGLE,STRAIGHT & LEVEL,DARK-HWY LIGHTED/ON,5,O,087-US-0460  -000
30899896,MONTGOMERY CTY SHERIFF DEPT,MONTGOMERY,US0460,,CAMARGO,RD,38.00219957,-83.90047728,14.103,12/5/2022,1745,2,2,0,0,RAINING,WET,FALSE,REAR END - ONE VEHICLE TURNING RIGHT,REAR END,STRAIGHT & LEVEL,DUSK,5,O,087-US-0460  -000
30901275,MT. STERLING POLICE DEPARTMENT,MONTGOMERY,KY0686,,INDIAN MOUND,DR,38.06348119,-83.95545754,0.981,12/1/2022,1845,2,2,0,1,CLEAR,DRY,FALSE,ANGLE COLLISION - OTHER,ANGLE,STRAIGHT & LEVEL,DARK-HWY LIGHTED/ON,4,C,087-KY-0686  -000
30906039,MONTGOMERY CTY SHERIFF DEPT,MONTGOMERY,KY0646,191,NEST EGG,RD,37.96951199,-83.93932624,4.726,12/6/2022,1323,2,2,0,0,CLOUDY,WET,FALSE,SIDESWIPE COLLISION - OPPOSITE DIRECTION,SIDESWIPE-OPPOSITE DIRECTION,CURVE & LEVEL,DAYLIGHT,5,O,087-KY-0646  -000
30906042,MONTGOMERY CTY SHERIFF DEPT,MONTGOMERY,US0460,,MAIN,ST,37.9825295,-83.86810861,16.409,12/7/2022,611,2,2,0,2,RAINING,WET,FALSE,HEAD-ON COLLISION,HEAD ON,STRAIGHT & LEVEL,DARK-HWY NOT LIGHTED,3,B,087-US-0460  -000
30906096,MONTGOMERY CTY SHERIFF DEPT,MONTGOMERY,US0060,,OWINGSVILLE,RD,38.11432619,-83.8879563,10.655,12/7/2022,1220,1,1,0,0,CLOUDY,WET,FALSE,RAN OFF ROADWAY (1 VEHICLE WITH/EARTH EMBANKMENT/DITCH),SINGLE VEHICLE,CURVE & GRADE,DAYLIGHT,5,O,087-US-0060  -000
30909831,MONTGOMERY CTY SHERIFF DEPT,MONTGOMERY,KY1991,,HINKSTON,PIKE,38.10914314,-83.92225916,3.76,12/2/2022,1823,1,1,0,0,CLOUDY,WET,FALSE,COLLISION WITH FIXED OBJECT NON - INTERSECTION - FIRST EVENT COLLISION 09 - 32 EXCLUDING 16,SINGLE VEHICLE,CURVE & LEVEL,DARK-HWY NOT LIGHTED,5,O,087-KY-1991  -000
30909832,MONTGOMERY CTY SHERIFF DEPT,MONTGOMERY,,,MCCORMICK,RD,38.00288127,-83.87959986,0.863,12/7/2022,1907,1,1,0,0,CLOUDY,WET,FALSE,COLLISION WITH FIXED OBJECT NON - INTERSECTION - FIRST EVENT COLLISION 09 - 32 EXCLUDING 16,SINGLE VEHICLE,CURVE & LEVEL,DARK-HWY NOT LIGHTED,5,O,087-CR-1123  -000
30909833,MONTGOMERY CTY SHERIFF DEPT,MONTGOMERY,,225,NORMAN,RD,37.93148938,-83.90571663,0.192,12/7/2022,1902,2,2,0,0,CLOUDY,DRY,FALSE,1 VEHICLE PARKED POSITION (NOT PARKING LOT/DRIVEWAY),BACKING,STRAIGHT & LEVEL,DARK-HWY LIGHTED/OFF,5,O,087-CR-1217  -000
30911697,MT. STERLING POLICE DEPARTMENT,MONTGOMERY,,,SUMMIT,DR,38.05240142,-83.95580701,0.067,12/7/2022,1708,2,2,0,0,CLEAR,DRY,TRUE,1 VEHICLE PARKED POSITION (NOT PARKING LOT/DRIVEWAY),SIDESWIPE-SAME DIRECTION,STRAIGHT & LEVEL,DAYLIGHT,5,O,087-CS-1026  -000
30911699,MT. STERLING POLICE DEPARTMENT,MONTGOMERY,US0060,,MAIN,ST,38.05647602,-83.94182798,5.142,12/8/2022,1255,2,2,0,0,RAINING,WET,TRUE,SIDESWIPE-SAME DIRECTION,SIDESWIPE-SAME DIRECTION,STRAIGHT & LEVEL,DAYLIGHT,5,O,087-US-0060  -000
30925612,MONTGOMERY CTY SHERIFF DEPT,MONTGOMERY,,,OLD OWINGSVILLE,RD,38.06875511,-83.92424936,1.485,11/19/2022,1856,1,1,0,0,CLEAR,DRY,FALSE,COLLISION WITH FIXED OBJECT NON - INTERSECTION - FIRST EVENT COLLISION 09 - 32 EXCLUDING 16,SINGLE VEHICLE,STRAIGHT & LEVEL,DARK-HWY NOT LIGHTED,5,O,087-CR-1029  -000
30925616,MONTGOMERY CTY SHERIFF DEPT,MONTGOMERY,,,OLD OWINGSVILLE,RD,38.07392781,-83.91140384,0.756,12/10/2022,1727,3,3,0,0,CLEAR,WET,FALSE,ANGLE COLLISION - OTHER,ANGLE,STRAIGHT & LEVEL,DUSK,5,O,087-CR-1029  -000
30925618,MONTGOMERY CTY SHERIFF DEPT,MONTGOMERY,KY0686,,INDIAN MOUND,DR,38.05454456,-83.91680424,4.85,12/11/2022,1153,1,1,0,0,CLEAR,DRY,FALSE,COLLISION WITH FIXED OBJECT IN INTERSECTION - FIRST EVENT COLLISION 09 - 32,SINGLE VEHICLE,CURVE & LEVEL,DAYLIGHT,5,O,087-KY-0686  -000
30925619,MONTGOMERY CTY SHERIFF DEPT,MONTGOMERY,KY0646,2750,NEST EGG,RD,37.9602279,-83.97794901,7.163,12/11/2022,1544,2,2,0,0,CLEAR,DRY,FALSE,HEAD-ON COLLISION,HEAD ON,CURVE & GRADE,DAYLIGHT,5,O,087-KY-0646  -000
30925676,MT. STERLING POLICE DEPARTMENT,MONTGOMERY,,,CLAY,ST,38.05838213,-83.94916101,0.34,12/10/2022,903,2,2,0,0,FOG,WET,FALSE,ANGLE COLLISION - ONE VEHICLE TURNING RIGHT,ANGLE,CURVE & GRADE,DAYLIGHT,5,O,087-CR-1110  -000
30925680,MT. STERLING POLICE DEPARTMENT,MONTGOMERY,,,GARDEN SPRINGS,DR,38.06924222,-83.94335452,0.186,12/11/2022,1646,2,2,0,1,CLEAR,DRY,FALSE,1 VEHICLE PARKED POSITION (NOT PARKING LOT/DRIVEWAY),HEAD ON,STRAIGHT & HILLCREST,DAYLIGHT,3,B,087-CS-1107  -000
30937090,MT. STERLING POLICE DEPARTMENT,MONTGOMERY,US0460,501,MAYSVILLE,ST,38.06766308,-83.94570024,8.734,12/8/2022,1842,2,2,0,0,RAINING,WET,FALSE,,BACKING,STRAIGHT & LEVEL,DARK-HWY LIGHTED/ON,5,O,087-US-0460  -000