IncidentID,AgencyName,County,RdwyNumber,Street,RoadwayName,StreetSfx,Latitude,Longitude,Milepoint,CollisionDate,CollisionTime,UnitsInvolved,MotorVehiclesInvolved,NumberKilled,NumberInjured,Weather,RdwyConditionCode,HitandRun,DirAnalysisCode,MannerofCollision,RdwyCharacter,LightCondition,KABCO Code,KABCO,RT_UNIQUE
31446858,MT. STERLING POLICE DEPARTMENT,MONTGOMERY,,,MONTGOMERY,AVE,38.06005326,-83.93751486,0.137,3/29/2023,1300,1,1,0,0,CLEAR,DRY,FALSE,COLLISION WITH FIXED OBJECT IN INTERSECTION - FIRST EVENT COLLISION 09 - 32,SINGLE VEHICLE,CURVE & GRADE,DAYLIGHT,5,O,087-LA-1000  -000
31446859,MT. STERLING POLICE DEPARTMENT,MONTGOMERY,,,YOUNG,LN,38.07444696,-83.95173464,0.267,3/27/2023,945,2,2,0,0,CLEAR,DRY,FALSE,1 VEHICLE ENTERING/LEAVING ENTRANCE,ANGLE,STRAIGHT & LEVEL,DAYLIGHT,5,O,087-CS-1117  -000
31446862,MT. STERLING POLICE DEPARTMENT,MONTGOMERY,US0060,,MAIN,ST,38.05709892,-83.93910645,5.294,3/10/2023,1651,2,2,0,0,CLOUDY,DRY,FALSE,ANGLE COLLISION - OTHER,ANGLE,STRAIGHT & LEVEL,DAYLIGHT,5,O,087-US-0060  -000
31453114,MONTGOMERY CTY SHERIFF DEPT,MONTGOMERY,US0460,6101,PARIS,RD,38.12072882,-84.05456949,0.884,4/3/2023,632,1,1,0,0,CLEAR,DRY,FALSE,OTHER COLLISIONS ON SHOULDER,SINGLE VEHICLE,STRAIGHT & LEVEL,DARK-HWY NOT LIGHTED,5,O,087-US-0460  -000
31453943,MT. STERLING POLICE DEPARTMENT,MONTGOMERY,US0460,,MAYSVILLE,ST,38.0749987,-83.94865817,8.218,3/27/2023,1729,2,2,0,0,CLEAR,DRY,FALSE,OTHER ROADWAY OR MID-BLOCK COLLISION,REAR END,STRAIGHT & LEVEL,DAYLIGHT,5,O,087-US-0460  -000
31453947,MT. STERLING POLICE DEPARTMENT,MONTGOMERY,US0460,,MAYSVILLE,ST,38.07564103,-83.94887804,8.174,4/4/2023,1631,3,3,0,0,CLEAR,DRY,FALSE,OTHER INTERSECTION COLLISIONS,REAR END,STRAIGHT & LEVEL,DAYLIGHT,5,O,087-US-0460  -000
31464743,MONTGOMERY CTY SHERIFF DEPT,MONTGOMERY,US0460,,MAIN,ST,37.97636357,-83.85094648,17.438,4/6/2023,752,2,2,0,0,CLEAR,OTHER,FALSE,SIDESWIPE COLLISION - SAME DIRECTION,SIDESWIPE-SAME DIRECTION,STRAIGHT & LEVEL,DAYLIGHT,5,O,087-US-0460  -000
31467586,MONTGOMERY CTY SHERIFF DEPT,MONTGOMERY,US0060,,WINCHESTER,RD,38.04559192,-83.98852663,2.418,3/21/2023,1300,1,1,0,0,CLEAR,DRY,FALSE,COLLISION WITH FIXED OBJECT NON - INTERSECTION - FIRST EVENT COLLISION 09 - 32 EXCLUDING 16,SINGLE VEHICLE,CURVE & GRADE,DAYLIGHT,5,O,087-US-0060  -000
31475955,"KY STATE POLICE, POST 08",MONTGOMERY,KY3363,,SAWMILL,RD,37.95458484,-83.89968659,2.338,3/28/2023,1346,1,1,0,1,CLEAR,DRY,FALSE,COLLISION WITH FIXED OBJECT NON - INTERSECTION - FIRST EVENT COLLISION 09 - 32 EXCLUDING 16,SINGLE VEHICLE,CURVE & LEVEL,DAYLIGHT,2,A,087-KY-3363  -000
31476106,MONTGOMERY CTY SHERIFF DEPT,MONTGOMERY,,,GREENBRIER,RD,38.01237019,-83.90741016,0.001,4/7/2023,1145,2,2,0,0,CLEAR,DRY,FALSE,SIDESWIPE COLLISION - SAME DIRECTION,SIDESWIPE-SAME DIRECTION,STRAIGHT & LEVEL,DAYLIGHT,5,O,087-CR-1202  -000
31476110,MONTGOMERY CTY SHERIFF DEPT,MONTGOMERY,US0460,,CAMARGO,RD,38.01249233,-83.90762204,13.273,4/4/2023,1422,2,2,0,0,CLOUDY,DRY,FALSE,REAR END IN TRAFFIC LANES BOTH VEHICLES MOVING,REAR END,STRAIGHT & GRADE,DAYLIGHT,5,O,087-US-0460  -000
31487311,MONTGOMERY CTY SHERIFF DEPT,MONTGOMERY,US0460,,CAMARGO,RD,38.02118073,-83.91534713,12.512,4/11/2023,1027,2,2,0,0,CLEAR,DRY,FALSE,REAR END IN TRAFFIC LANES BOTH VEHICLES MOVING,REAR END,CURVE & GRADE,DAYLIGHT,5,O,087-US-0460  -000
31496350,MONTGOMERY CTY SHERIFF DEPT,MONTGOMERY,KY0713,4344,SPENCER,PIKE,38.03031304,-83.87694378,10.62,4/14/2023,159,1,1,0,1,CLEAR,DRY,FALSE,OTHER COLLISIONS ON SHOULDER,SINGLE VEHICLE,CURVE & LEVEL,DARK-HWY NOT LIGHTED,4,C,087-KY-0713  -000
31496352,MONTGOMERY CTY SHERIFF DEPT,MONTGOMERY,US0060,,WINCHESTER,RD,38.03318728,-84.02122972,0.329,4/4/2023,1425,2,2,1,2,CLEAR,DRY,FALSE,HEAD-ON COLLISION,HEAD ON,CURVE & GRADE,DAYLIGHT,1,K,087-US-0060  -000
31496974,MT. STERLING POLICE DEPARTMENT,MONTGOMERY,US0460,915,CAMARGO,RD,38.04830606,-83.93845697,10.187,4/11/2023,1636,1,1,0,0,CLEAR,DRY,TRUE,COLLISION WITH FIXED OBJECT NON - INTERSECTION - FIRST EVENT COLLISION 09 - 32 EXCLUDING 16,SINGLE VEHICLE,STRAIGHT & LEVEL,DAYLIGHT,5,O,087-US-0460  -000
31496980,MT. STERLING POLICE DEPARTMENT,MONTGOMERY,,530,GARDEN SPRINGS,DR,38.07049219,-83.94361036,0.274,4/11/2023,1041,2,2,0,0,CLEAR,DRY,FALSE,1 VEHICLE PARKED POSITION (NOT PARKING LOT/DRIVEWAY),BACKING,STRAIGHT & LEVEL,DAYLIGHT,5,O,087-CS-1107  -000
31496981,MT. STERLING POLICE DEPARTMENT,MONTGOMERY,KY0686,263,INDIAN MOUND,DR,38.07257272,-83.95392558,0.339,4/14/2023,1053,2,2,0,0,CLOUDY,DRY,FALSE,VEHICLE BACKING NON INTERSECTION,BACKING,STRAIGHT & LEVEL,DAYLIGHT,5,O,087-KY-0686  -000
31498361,MT. STERLING POLICE DEPARTMENT,MONTGOMERY,KY0686,,INDIAN MOUND,DR,38.04191434,-83.95081444,2.624,4/14/2023,1713,2,2,0,0,CLEAR,DRY,FALSE,ANGLE COLLISION - ONE VEHICLE TURNING LEFT,ANGLE,STRAIGHT & LEVEL,DAYLIGHT,5,O,087-KY-0686  -000
31516856,MT. STERLING POLICE DEPARTMENT,MONTGOMERY,,,EVANS,AVE,38.07544824,-83.95146326,0.166,4/13/2023,1225,2,2,0,0,CLEAR,DRY,FALSE,ANGLE COLLISION - OTHER,ANGLE,STRAIGHT & LEVEL,DAYLIGHT,5,O,087-CS-1116  -000
31516857,MT. STERLING POLICE DEPARTMENT,MONTGOMERY,US0460,,MAYSVILLE,ST,38.05756319,-83.94246949,9.484,4/6/2023,1526,2,2,0,0,RAINING,WET,FALSE,ANGLE COLLISION - ONE VEHICLE TURNING LEFT,ANGLE,STRAIGHT & GRADE,DAYLIGHT,5,O,087-US-0460  -000
31524247,MT. STERLING POLICE DEPARTMENT,MONTGOMERY,,,CULPEPPER,DR,38.07069912,-83.94649409,0.025,4/2/2023,1830,2,2,0,0,CLEAR,DRY,FALSE,COLLISION WITH PARKED VEHICLE,SIDESWIPE-OPPOSITE DIRECTION,STRAIGHT & LEVEL,DAYLIGHT,5,O,087-CS-1103  -000
31524248,MT. STERLING POLICE DEPARTMENT,MONTGOMERY,US0060,,MAIN,ST,38.05677418,-83.94035684,5.225,4/18/2023,1902,2,2,0,0,CLEAR,DRY,FALSE,1 VEHICLE PARKED POSITION (NOT PARKING LOT/DRIVEWAY),SIDESWIPE-SAME DIRECTION,STRAIGHT & LEVEL,DAYLIGHT,5,O,087-US-0060  -000
31524250,MT. STERLING POLICE DEPARTMENT,MONTGOMERY,US0060,,MAIN,ST,38.05710299,-83.93911451,5.294,4/19/2023,1914,2,2,0,0,CLEAR,DRY,FALSE,1 VEHICLE ENTERING/LEAVING ENTRANCE,ANGLE,STRAIGHT & LEVEL,DAYLIGHT,5,O,087-US-0060  -000
31528985,MT. STERLING POLICE DEPARTMENT,MONTGOMERY,US0460,,MAYSVILLE,ST,38.07158625,-83.94731654,8.473,4/21/2023,1029,2,2,0,0,CLOUDY,DRY,FALSE,1 VEHICLE ENTERING/LEAVING ENTRANCE,ANGLE,STRAIGHT & LEVEL,DAYLIGHT,5,O,087-US-0460  -000
31540110,MONTGOMERY CTY SHERIFF DEPT,MONTGOMERY,US0060,,OWINGSVILLE,RD,38.08854842,-83.89847287,8.662,4/14/2023,1513,2,2,0,0,CLEAR,DRY,FALSE,OTHER ROADWAY OR MID-BLOCK COLLISION,REAR END,STRAIGHT & LEVEL,DAYLIGHT,5,O,087-US-0060  -000
31540133,MONTGOMERY CTY SHERIFF DEPT,MONTGOMERY,,,CHAMBERS,LN,37.95961109,-83.81113974,0.328,4/3/2023,2000,2,1,0,1,CLEAR,DRY,FALSE,COLLISION WITH PEDESTRIAN NON - INTERSECTION,SINGLE VEHICLE,STRAIGHT & LEVEL,DARK-HWY NOT LIGHTED,3,B,087-CR-1150  -000
31540135,MONTGOMERY CTY SHERIFF DEPT,MONTGOMERY,US0460,,MAIN,ST,37.97223495,-83.83824497,18.16,4/15/2023,1212,2,2,0,0,CLEAR,DRY,FALSE,OTHER ROADWAY OR MID-BLOCK COLLISION,OPPOSING LEFT TURN,STRAIGHT & LEVEL,DAYLIGHT,5,O,087-US-0460  -000
31540140,MONTGOMERY CTY SHERIFF DEPT,MONTGOMERY,KY0011,,LEVEE,RD,38.0129369,-83.95042513,7.301,4/17/2023,1617,2,2,0,0,CLEAR,DRY,FALSE,SIDESWIPE COLLISION - OPPOSITE DIRECTION,SIDESWIPE-OPPOSITE DIRECTION,STRAIGHT & LEVEL,DAYLIGHT,5,O,087-KY-0011  -000
31540144,MONTGOMERY CTY SHERIFF DEPT,MONTGOMERY,KY0011,,LEVEE,RD,37.92906547,-83.9165875,0.747,4/20/2023,1525,2,2,0,0,CLEAR,DRY,FALSE,REAR END IN TRAFFIC LANES BOTH VEHICLES MOVING,REAR END,STRAIGHT & GRADE,DAYLIGHT,5,O,087-KY-0011  -000
31541647,MT. STERLING POLICE DEPARTMENT,MONTGOMERY,KY0686,,INDIAN MOUND,DR,38.05805941,-83.95610383,1.364,4/21/2023,1714,2,2,0,0,RAINING,WET,FALSE,ANGLE COLLISION - ONE VEHICLE TURNING LEFT,ANGLE,STRAIGHT & LEVEL,DAYLIGHT,5,O,087-KY-0686  -000
31543298,MONTGOMERY CTY SHERIFF DEPT,MONTGOMERY,,5108,CHASE,LN,37.98437237,-83.86216171,0.661,4/25/2023,35,1,1,0,0,CLEAR,DRY,FALSE,OTHER COLLISIONS ON SHOULDER,SINGLE VEHICLE,CURVE & LEVEL,DARK-HWY NOT LIGHTED,5,O,087-CR-1165  -000
31555871,MT. STERLING POLICE DEPARTMENT,MONTGOMERY,,,EVANS,AVE,38.07549619,-83.94915977,0.039,4/26/2023,1915,2,2,0,0,CLEAR,DRY,FALSE,ANGLE COLLISION - OTHER,ANGLE,STRAIGHT & LEVEL,DAYLIGHT,5,O,087-CS-1116  -000
31555872,MT. STERLING POLICE DEPARTMENT,MONTGOMERY,,,RICHMOND,AVE,38.04914407,-83.94828914,0.375,4/16/2023,1417,2,2,0,0,CLEAR,DRY,FALSE,1 VEHICLE PARKED POSITION (NOT PARKING LOT/DRIVEWAY),SIDESWIPE-OPPOSITE DIRECTION,STRAIGHT & LEVEL,DAYLIGHT,5,O,087-CS-1024  -000
31570143,MT. STERLING POLICE DEPARTMENT,MONTGOMERY,US0460,,MAYSVILLE,ST,38.06373004,-83.94474398,9.024,4/28/2023,1325,2,2,0,1,CLOUDY,WET,FALSE,OTHER INTERSECTION COLLISIONS,REAR END,STRAIGHT & LEVEL,DAYLIGHT,4,C,087-US-0460  -000
31588105,MONTGOMERY CTY SHERIFF DEPT,MONTGOMERY,US0060,,OWINGSVILLE,RD,38.08946826,-83.89806029,8.726,4/26/2023,1751,2,2,0,0,CLEAR,DRY,FALSE,OTHER INTERSECTION COLLISIONS,REAR END,STRAIGHT & LEVEL,DAYLIGHT,5,O,087-US-0060  -000
31588107,MONTGOMERY CTY SHERIFF DEPT,MONTGOMERY,,2520,OSBORNE,RD,38.06189784,-83.90077063,1.052,4/26/2023,1923,2,2,0,2,CLEAR,DRY,FALSE,HEAD-ON COLLISION,HEAD ON,STRAIGHT & LEVEL,DAYLIGHT,4,C,087-CR-1006  -000
31588179,MONTGOMERY CTY SHERIFF DEPT,MONTGOMERY,US0460,,CAMARGO,RD,38.02412115,-83.91825698,12.251,4/27/2023,2037,2,2,0,0,RAINING,WET,FALSE,OPPOSITE DIRECTION - BOTH VEHICLES GOING STRAIGHT AHEAD,SIDESWIPE-OPPOSITE DIRECTION,STRAIGHT & LEVEL,DARK-HWY NOT LIGHTED,5,O,087-US-0460  -000
31588192,MONTGOMERY CTY SHERIFF DEPT,MONTGOMERY,KY0646,,TONKIN,RD,38.02144202,-83.91555046,13.709,4/26/2023,1430,1,1,0,0,CLEAR,DRY,FALSE,COLLISION WITH FIXED OBJECT IN INTERSECTION - FIRST EVENT COLLISION 09 - 32,SINGLE VEHICLE,CURVE & GRADE,DAYLIGHT,5,O,087-KY-0646  -000
31588198,MONTGOMERY CTY SHERIFF DEPT,MONTGOMERY,KY0686,,INDIAN MOUND,DR,38.04192362,-83.95079231,2.605,4/28/2023,1908,2,2,0,0,CLEAR,WET,FALSE,ANGLE COLLISION - OTHER,ANGLE,STRAIGHT & LEVEL,DAYLIGHT,5,O,087-KY-0686  -000
31596034,MT. STERLING POLICE DEPARTMENT,MONTGOMERY,,,QUEEN,ST,38.0581831,-83.93948455,0.078,5/2/2023,934,2,2,0,0,CLEAR,DRY,FALSE,OTHER INTERSECTION COLLISIONS,REAR END,STRAIGHT & LEVEL,DAYLIGHT,5,O,087-CS-1080  -000
31596039,MT. STERLING POLICE DEPARTMENT,MONTGOMERY,,,SYCAMORE,ST,38.05601452,-83.94511917,0.509,5/5/2023,1000,2,2,0,0,CLEAR,DRY,FALSE,COLLISION WITH PARKED VEHICLE,BACKING,STRAIGHT & LEVEL,DAYLIGHT,5,O,087-CS-1054  -000
31596040,MT. STERLING POLICE DEPARTMENT,MONTGOMERY,KY0011,,LEVEE,RD,38.04096232,-83.94795924,9.228,5/5/2023,1440,2,2,0,1,CLEAR,DRY,FALSE,OTHER INTERSECTION COLLISIONS,REAR END,STRAIGHT & LEVEL,DAYLIGHT,3,B,087-KY-0011  -000
31601146,MONTGOMERY CTY SHERIFF DEPT,MONTGOMERY,KY0646,,CREAM ALLEY,RD,37.96939474,-83.92572322,4.027,4/30/2023,1708,2,2,0,0,RAINING,WET,FALSE,SIDESWIPE COLLISION - OPPOSITE DIRECTION,SIDESWIPE-OPPOSITE DIRECTION,CURVE & LEVEL,DAYLIGHT,5,O,087-KY-0646  -000
31601150,MONTGOMERY CTY SHERIFF DEPT,MONTGOMERY,KY1331,3113,HOWARDS MILL,RD,38.06755016,-83.86786599,2.311,5/1/2023,1730,2,2,0,0,RAINING,WET,TRUE,SIDESWIPE COLLISION - OPPOSITE DIRECTION,SIDESWIPE-OPPOSITE DIRECTION,CURVE & GRADE,DAYLIGHT,5,O,087-KY-1331  -000
31601155,MONTGOMERY CTY SHERIFF DEPT,MONTGOMERY,,,OLDHAM,RD,37.99255436,-83.94102589,2.237,4/26/2023,1616,2,2,0,0,BLOWING SAND/SOIL/DIRT/SNOW,DRY,FALSE,VEHICLE BACKING IN INTERSECTION,BACKING,STRAIGHT & GRADE,DAYLIGHT,5,O,087-CR-1203  -000
31601166,MONTGOMERY CTY SHERIFF DEPT,MONTGOMERY,,,OLD OWINGSVILLE,RD,38.07318797,-83.91301057,0.857,5/3/2023,1136,1,1,0,0,CLOUDY,DRY,FALSE,RAN OFF ROADWAY (1 VEHICLE WITH/EARTH EMBANKMENT/DITCH),SINGLE VEHICLE,STRAIGHT & GRADE,DAYLIGHT,5,O,087-CR-1029  -000
31601167,MONTGOMERY CTY SHERIFF DEPT,MONTGOMERY,,3084,OLD OWINGSVILLE,RD,38.07959948,-83.90393189,0.183,5/3/2023,2021,2,2,0,1,CLEAR,DRY,FALSE,1 VEHICLE PARKED POSITION (NOT PARKING LOT/DRIVEWAY),REAR END,STRAIGHT & LEVEL,DAYLIGHT,3,B,087-CR-1029  -000
31601250,MONTGOMERY CTY SHERIFF DEPT,MONTGOMERY,US0460,,CAMARGO,RD,37.99725132,-83.89461634,14.587,5/6/2023,1241,2,2,0,0,CLEAR,DRY,FALSE,1 VEHICLE ENTERING/LEAVING ENTRANCE,ANGLE,STRAIGHT & LEVEL,DAYLIGHT,5,O,087-US-0460  -000
31601317,MONTGOMERY CTY SHERIFF DEPT,MONTGOMERY,KY0646,,KIDDVILLE,RD,38.00584374,-83.95683672,11.171,5/6/2023,820,1,1,0,0,CLEAR,DRY,FALSE,RAN OFF ROADWAY (1 VEHICLE WITH/EARTH EMBANKMENT/DITCH),SINGLE VEHICLE,CURVE & LEVEL,DAWN,5,O,087-KY-0646  -000
31601318,MONTGOMERY CTY SHERIFF DEPT,MONTGOMERY,,,QUEEN,ST,38.04809371,-83.93604524,0.083,5/7/2023,1238,1,1,0,0,CLOUDY,WET,FALSE,RAN OFF ROADWAY (1 VEHICLE WITH/EARTH EMBANKMENT/DITCH),SINGLE VEHICLE,STRAIGHT & LEVEL,DAYLIGHT,5,O,087-CS-1080  -000
31612460,MT. STERLING POLICE DEPARTMENT,MONTGOMERY,KY0686,,INDIAN MOUND,DR,38.07365254,-83.95121634,0.169,4/7/2023,1458,2,2,0,0,CLEAR,DRY,FALSE,ANGLE COLLISION - OTHER,ANGLE,STRAIGHT & LEVEL,DAYLIGHT,5,O,087-KY-0686  -000
31616202,MONTGOMERY CTY SHERIFF DEPT,MONTGOMERY,,,CLARENCE,DR,38.09257945,-83.89767173,0.001,5/10/2023,1718,2,2,0,0,CLEAR,DRY,FALSE,OTHER INTERSECTION COLLISIONS,REAR END,STRAIGHT & LEVEL,DAYLIGHT,5,O,087-CR-1019G -000
31620986,MT. STERLING POLICE DEPARTMENT,MONTGOMERY,KY0686,,INDIAN MOUND,DR,38.05378293,-83.95625001,1.661,5/10/2023,1625,2,2,0,0,CLEAR,DRY,FALSE,OTHER INTERSECTION COLLISIONS,REAR END,STRAIGHT & LEVEL,DAYLIGHT,5,O,087-KY-0686  -000
31635821,MONTGOMERY CTY SHERIFF DEPT,MONTGOMERY,US0460,4642,MAIN,ST,37.97959225,-83.86014831,16.888,5/12/2023,1956,1,1,0,2,CLOUDY,DRY,FALSE,COLLISION WITH FIXED OBJECT NON - INTERSECTION - FIRST EVENT COLLISION 09 - 32 EXCLUDING 16,SINGLE VEHICLE,STRAIGHT & LEVEL,DUSK,4,C,087-US-0460  -000
31635825,MONTGOMERY CTY SHERIFF DEPT,MONTGOMERY,,,STEPSTONE,RD,38.08728928,-83.82930829,4.039,5/13/2023,1328,1,1,0,0,CLOUDY,DRY,FALSE,RAN OFF ROADWAY (1 VEHICLE WITH/EARTH EMBANKMENT/DITCH),SINGLE VEHICLE,CURVE & LEVEL,DAYLIGHT,5,O,087-CR-1008  -000
31635830,MONTGOMERY CTY SHERIFF DEPT,MONTGOMERY,KY1331,,HOWARDS MILL,RD,38.06386562,-83.84712696,3.511,5/1/2023,1400,1,1,0,0,CLEAR,DRY,TRUE,COLLISION WITH FIXED OBJECT NON - INTERSECTION - FIRST EVENT COLLISION 09 - 32 EXCLUDING 16,SINGLE VEHICLE,STRAIGHT & LEVEL,DAYLIGHT,5,O,087-KY-1331  -000
31635874,"KY STATE POLICE, POST 08",MONTGOMERY,KY0213,,BEDFORD,RD,38.01859872,-83.82484043,8.806,5/14/2023,1827,1,1,0,1,CLEAR,DRY,FALSE,OTHER ROADWAY OR MID-BLOCK COLLISION,SINGLE VEHICLE,STRAIGHT & LEVEL,DAYLIGHT,3,B,087-KY-0213  -000
31636056,MONTGOMERY CTY SHERIFF DEPT,MONTGOMERY,US0060,,OWINGSVILLE,RD,38.08903868,-83.89830994,8.695,5/13/2023,546,1,1,0,0,RAINING,WET,FALSE,COLLISION WITH FIXED OBJECT NON - INTERSECTION - FIRST EVENT COLLISION 09 - 32 EXCLUDING 16,SINGLE VEHICLE,STRAIGHT & LEVEL,DARK-HWY LIGHTED/ON,5,O,087-US-0060  -000
31640783,MONTGOMERY CTY SHERIFF DEPT,MONTGOMERY,KY0686,,INDIAN MOUND,DR,38.07323634,-83.9178506,6.212,5/16/2023,1334,2,2,0,0,CLOUDY,DRY,FALSE,1 VEHICLE ENTERING/LEAVING ENTRANCE,ANGLE,STRAIGHT & GRADE,DAYLIGHT,5,O,087-KY-0686  -000
31640785,MONTGOMERY CTY SHERIFF DEPT,MONTGOMERY,KY0011,3824,LEVEE,RD,38.01457483,-83.95018088,7.418,5/17/2023,0,2,2,0,0,CLOUDY,DRY,TRUE,1 VEHICLE PARKED POSITION (NOT PARKING LOT/DRIVEWAY),SIDESWIPE-SAME DIRECTION,STRAIGHT & LEVEL,DARK-HWY NOT LIGHTED,5,O,087-KY-0011  -000
31640786,MONTGOMERY CTY SHERIFF DEPT,MONTGOMERY,US0460,,CAMARGO,RD,37.99076323,-83.88000742,15.524,5/17/2023,1012,2,2,0,1,CLOUDY,DRY,FALSE,1 VEHICLE ENTERING/LEAVING ENTRANCE,ANGLE,STRAIGHT & LEVEL,DAYLIGHT,4,C,087-US-0460  -000
31642555,MT. STERLING POLICE DEPARTMENT,MONTGOMERY,,,WOODFORD,DR,38.04654541,-83.94398814,0.004,5/10/2023,807,2,2,0,0,CLEAR,DRY,FALSE,OTHER INTERSECTION COLLISIONS,REAR END,STRAIGHT & GRADE,DAYLIGHT,5,O,087-CR-1001  -000
31642558,MT. STERLING POLICE DEPARTMENT,MONTGOMERY,US0460,,MAYSVILLE,ST,38.06542413,-83.94519706,8.908,5/16/2023,1753,2,2,0,0,RAINING,WET,FALSE,OTHER ROADWAY OR MID-BLOCK COLLISION,REAR END,STRAIGHT & HILLCREST,DAYLIGHT,5,O,087-US-0460  -000
31647726,MT. STERLING POLICE DEPARTMENT,MONTGOMERY,KY0686,,INDIAN MOUND,DR,38.06740808,-83.9551355,0.726,5/16/2023,1736,2,2,0,0,CLEAR,DRY,TRUE,ANGLE COLLISION - OTHER,ANGLE,CURVE & LEVEL,DAYLIGHT,5,O,087-KY-0686  -000
31648764,MT. STERLING POLICE DEPARTMENT,MONTGOMERY,US0460,513,MAYSVILLE,ST,38.0689039,-83.94626939,8.661,5/14/2023,1911,1,1,0,1,CLEAR,DRY,FALSE,OTHER ROADWAY OR MID-BLOCK COLLISION,SINGLE VEHICLE,STRAIGHT & LEVEL,DAYLIGHT,3,B,087-US-0460  -000
31661296,MONTGOMERY CTY SHERIFF DEPT,MONTGOMERY,US0060,,WINCHESTER,RD,38.04931745,-83.97732674,3.105,5/10/2023,538,2,2,0,0,CLEAR,DRY,TRUE,1 VEHICLE ENTERING/LEAVING ENTRANCE,ANGLE,STRAIGHT & LEVEL,DARK-HWY LIGHTED/ON,5,O,087-US-0060  -000
31661299,MONTGOMERY CTY SHERIFF DEPT,MONTGOMERY,,,FOGG,PIKE,38.03564863,-83.9707631,1.41,5/18/2023,1701,2,2,0,0,CLEAR,DRY,FALSE,REAR END - ONE VEHICLE TURNING RIGHT,REAR END,CURVE & LEVEL,DAYLIGHT,5,O,087-CR-1227  -000
31662042,MONTGOMERY CTY SHERIFF DEPT,MONTGOMERY,KY0713,,SPENCER,PIKE,38.01639875,-83.77297517,17.033,5/21/2023,2150,2,2,0,0,CLEAR,DRY,TRUE,SIDESWIPE COLLISION - OPPOSITE DIRECTION,SIDESWIPE-OPPOSITE DIRECTION,STRAIGHT & LEVEL,DARK-HWY NOT LIGHTED,5,O,087-KY-0713  -000
31663111,MT. STERLING POLICE DEPARTMENT,MONTGOMERY,US0460,,MAYSVILLE,ST,38.06553666,-83.94534406,8.897,5/22/2023,831,2,2,0,1,CLEAR,DRY,FALSE,1 VEHICLE ENTERING/LEAVING ENTRANCE,ANGLE,STRAIGHT & HILLCREST,DAYLIGHT,4,C,087-US-0460  -000
31667033,MT. STERLING POLICE DEPARTMENT,MONTGOMERY,US0060,,MAIN,ST,38.05649293,-83.94254053,5.08,5/19/2023,1514,2,2,0,0,CLEAR,DRY,TRUE,ANGLE COLLISION - ONE VEHICLE TURNING LEFT,ANGLE,STRAIGHT & LEVEL,DAYLIGHT,5,O,087-US-0060  -000
31672391,MT. STERLING POLICE DEPARTMENT,MONTGOMERY,,,SYCAMORE,ST,38.05737382,-83.94558563,0.411,5/23/2023,525,1,1,0,0,CLEAR,DRY,FALSE,COLLISION WITH FIXED OBJECT NON - INTERSECTION - FIRST EVENT COLLISION 09 - 32 EXCLUDING 16,SINGLE VEHICLE,STRAIGHT & GRADE,DARK-HWY LIGHTED/ON,5,O,087-CS-1054  -000
31693062,MT. STERLING POLICE DEPARTMENT,MONTGOMERY,US0460,,APPERSON,HTS,38.05021154,-83.94151646,9.973,5/21/2023,915,2,2,0,0,CLEAR,DRY,FALSE,1 VEHICLE ENTERING/LEAVING ENTRANCE,ANGLE,STRAIGHT & LEVEL,DAYLIGHT,5,O,087-US-0460  -000
31693064,MT. STERLING POLICE DEPARTMENT,MONTGOMERY,US0460,,MAYSVILLE,ST,38.07559103,-83.94867731,8.181,5/11/2023,1505,2,2,0,0,CLEAR,DRY,FALSE,VEHICLE BACKING NON INTERSECTION,BACKING,STRAIGHT & LEVEL,DAYLIGHT,5,O,087-US-0460  -000
31693065,MT. STERLING POLICE DEPARTMENT,MONTGOMERY,KY0686,,INDIAN MOUND,DR,38.07261014,-83.95391851,0.337,5/8/2023,1348,2,2,0,0,CLEAR,DRY,FALSE,SIDESWIPE COLLISION - SAME DIRECTION,SIDESWIPE-SAME DIRECTION,CURVE & LEVEL,DAYLIGHT,5,O,087-KY-0686  -000
31697151,MONTGOMERY CTY SHERIFF DEPT,MONTGOMERY,US0460,,CAMARGO,RD,37.99948403,-83.89734006,14.364,5/21/2023,1427,2,2,0,1,CLEAR,DRY,FALSE,ANGLE COLLISION - OTHER,ANGLE,STRAIGHT & LEVEL,DAYLIGHT,4,C,087-US-0460  -000
31697152,MONTGOMERY CTY SHERIFF DEPT,MONTGOMERY,KY0686,,INDIAN MOUND,DR,38.06441232,-83.91386119,5.562,5/22/2023,1619,1,1,0,0,CLEAR,DRY,FALSE,COLLISION WITH FIXED OBJECT NON - INTERSECTION - FIRST EVENT COLLISION 09 - 32 EXCLUDING 16,SINGLE VEHICLE,STRAIGHT & LEVEL,DAYLIGHT,5,O,087-KY-0686  -000
31697153,MONTGOMERY CTY SHERIFF DEPT,MONTGOMERY,KY0011,,LEVEE,RD,37.95548191,-83.93824602,2.967,5/22/2023,1652,2,2,0,1,CLEAR,DRY,FALSE,OTHER INTERSECTION COLLISIONS,REAR END,STRAIGHT & LEVEL,DAYLIGHT,3,B,087-KY-0011  -000
31697163,MONTGOMERY CTY SHERIFF DEPT,MONTGOMERY,KY0011,1004,LEVEE,RD,38.03868414,-83.94930598,9.075,5/23/2023,1730,2,2,0,1,CLEAR,DRY,FALSE,1 VEHICLE ENTERING/LEAVING ENTRANCE,ANGLE,STRAIGHT & LEVEL,DAYLIGHT,3,B,087-KY-0011  -000