IncidentID,AgencyName,County,RdwyNumber,Street,RoadwayName,StreetSfx,Latitude,Longitude,Milepoint,CollisionDate,CollisionTime,UnitsInvolved,MotorVehiclesInvolved,NumberKilled,NumberInjured,Weather,RdwyConditionCode,HitandRun,DirAnalysisCode,MannerofCollision,RdwyCharacter,LightCondition,KABCO Code,KABCO,RT_UNIQUE
31916206,MONTGOMERY CTY SHERIFF DEPT,MONTGOMERY,US0060,,OWINGSVILLE,RD,38.08704322,-83.89919412,8.544,7/15/2023,1752,1,1,0,1,RAINING,WET,FALSE,OTHER ROADWAY OR MID-BLOCK COLLISION,SINGLE VEHICLE,STRAIGHT & LEVEL,DAYLIGHT,2,A,087-US-0060  -000
31918524,MT. STERLING POLICE DEPARTMENT,MONTGOMERY,,,LARKSPUR,DR,38.07067075,-83.9414066,0.123,7/20/2023,1145,2,2,0,0,CLEAR,DRY,FALSE,ANGLE COLLISION - ONE VEHICLE TURNING RIGHT,ANGLE,STRAIGHT & HILLCREST,DAYLIGHT,5,O,087-CS-1108  -000
31934182,MONTGOMERY CTY SHERIFF DEPT,MONTGOMERY,KY0646,295,KIDDVILLE,RD,38.00817116,-83.95172864,11.496,7/14/2023,1632,2,2,0,0,CLEAR,DRY,FALSE,VEHICLE BACKING NON INTERSECTION,BACKING,STRAIGHT & HILLCREST,DAYLIGHT,5,O,087-KY-0646  -000
31949499,MT. STERLING POLICE DEPARTMENT,MONTGOMERY,,,VANCE,DR,38.07545708,-83.95147954,0.129,7/25/2023,1801,2,2,0,0,CLEAR,DRY,FALSE,OTHER INTERSECTION COLLISIONS,REAR END,STRAIGHT & LEVEL,DAYLIGHT,5,O,087-CS-1115  -000
31968002,MT. STERLING POLICE DEPARTMENT,MONTGOMERY,,,YOUNG,LN,38.07431907,-83.95087402,0.315,6/12/2023,1830,2,2,0,0,CLEAR,DRY,FALSE,1 VEHICLE PARKED POSITION (NOT PARKING LOT/DRIVEWAY),SIDESWIPE-SAME DIRECTION,STRAIGHT & LEVEL,DAYLIGHT,5,O,087-CS-1117  -000
31968005,MT. STERLING POLICE DEPARTMENT,MONTGOMERY,KY0686,,INDIAN MOUND,DR,38.0598743,-83.95565855,1.237,6/17/2023,1312,2,2,0,0,CLEAR,DRY,FALSE,REAR END IN TRAFFIC LANES BOTH VEHICLES MOVING,REAR END,STRAIGHT & LEVEL,DAYLIGHT,5,O,087-KY-0686  -000
31968164,MT. STERLING POLICE DEPARTMENT,MONTGOMERY,,,WILLOW,ST,38.06228768,-83.93765853,0.326,7/26/2023,905,2,2,0,0,CLEAR,DRY,FALSE,1 VEHICLE PARKED POSITION (NOT PARKING LOT/DRIVEWAY),BACKING,CURVE & LEVEL,DAYLIGHT,5,O,087-CS-1078  -000
31978732,MT. STERLING POLICE DEPARTMENT,MONTGOMERY,KY0686,808,INDIAN MOUND,DR,38.06229132,-83.95490728,0.948,7/16/2023,1720,2,2,0,0,CLEAR,DRY,FALSE,REAR END IN TRAFFIC LANES BOTH VEHICLES MOVING,REAR END,STRAIGHT & LEVEL,DAYLIGHT,5,O,087-KY-0686  -000
31992774,MONTGOMERY CTY SHERIFF DEPT,MONTGOMERY,,603,PREWITT,PIKE,38.04124949,-83.9765563,0.577,7/15/2023,1626,2,2,0,0,RAINING,WET,FALSE,SIDESWIPE COLLISION - OPPOSITE DIRECTION,SIDESWIPE-OPPOSITE DIRECTION,STRAIGHT & LEVEL,DAYLIGHT,5,O,087-KY-0713  -000
32003070,MT. STERLING POLICE DEPARTMENT,MONTGOMERY,,,FALCON,DR,38.07565671,-83.94838334,0.003,6/16/2023,1811,2,2,0,0,CLEAR,DRY,FALSE,OTHER INTERSECTION COLLISIONS,REAR END,STRAIGHT & LEVEL,DAYLIGHT,5,O,087-CS-1119  -000
32003073,MT. STERLING POLICE DEPARTMENT,MONTGOMERY,,,HIGH,ST,38.05814496,-83.93988078,0.147,7/26/2023,1031,1,1,0,0,CLEAR,DRY,TRUE,COLLISION WITH FIXED OBJECT NON - INTERSECTION - FIRST EVENT COLLISION 09 - 32 EXCLUDING 16,SINGLE VEHICLE,STRAIGHT & GRADE,DAYLIGHT,5,O,087-CS-1052  -000
32003074,MT. STERLING POLICE DEPARTMENT,MONTGOMERY,,17,WILLOW,ST,38.05877601,-83.9369476,0.079,8/2/2023,1940,1,1,0,0,CLEAR,DRY,FALSE,COLLISION WITH FIXED OBJECT NON - INTERSECTION - FIRST EVENT COLLISION 09 - 32 EXCLUDING 16,SINGLE VEHICLE,STRAIGHT & LEVEL,DAYLIGHT,5,O,087-CS-1078  -000
32004878,MONTGOMERY CTY SHERIFF DEPT,MONTGOMERY,US0060,2537,WINCHESTER,RD,38.04683871,-83.98220716,2.795,7/20/2023,50,1,1,0,1,CLEAR,DRY,FALSE,COLLISION WITH FIXED OBJECT NON - INTERSECTION - FIRST EVENT COLLISION 09 - 32 EXCLUDING 16,SINGLE VEHICLE,CURVE & GRADE,DARK-HWY NOT LIGHTED,4,C,087-US-0060  -000
32008714,MT. STERLING POLICE DEPARTMENT,MONTGOMERY,,,MAGNOLIA,DR,38.07312053,-83.94086227,0.015,8/4/2023,2005,2,2,0,0,CLEAR,DRY,FALSE,1 VEHICLE PARKED POSITION (NOT PARKING LOT/DRIVEWAY),BACKING,STRAIGHT & GRADE,DUSK,5,O,087-CS-1109  -000
32014382,MT. STERLING POLICE DEPARTMENT,MONTGOMERY,US0460,600,MAYSVILLE,ST,38.06251752,-83.94405613,9.094,8/6/2023,2236,1,1,0,0,CLEAR,DRY,FALSE,OTHER ROADWAY OR MID-BLOCK COLLISION,SINGLE VEHICLE,STRAIGHT & LEVEL,DARK-HWY LIGHTED/ON,5,O,087-US-0460  -000
32017022,MONTGOMERY CTY SHERIFF DEPT,MONTGOMERY,,1517,OLD OWINGSVILLE,RD,38.06963825,-83.92286693,1.465,7/27/2023,1052,2,2,0,0,CLEAR,DRY,FALSE,VEHICLE BACKING NON INTERSECTION,BACKING,STRAIGHT & LEVEL,DAYLIGHT,5,O,087-CR-1029  -000
32017027,MONTGOMERY CTY SHERIFF DEPT,MONTGOMERY,,,OLD OWINGSVILLE,RD,38.07264082,-83.91420256,0.932,7/27/2023,336,1,1,0,2,CLEAR,DRY,FALSE,OTHER ROADWAY OR MID-BLOCK COLLISION,SINGLE VEHICLE,STRAIGHT & LEVEL,DARK-HWY NOT LIGHTED,2,A,087-CR-1029  -000
32017029,MONTGOMERY CTY SHERIFF DEPT,MONTGOMERY,US0460,,MAYSVILLE,RD,38.07938529,-83.94968795,7.908,7/28/2023,1122,2,2,0,0,CLEAR,DRY,FALSE,SIDESWIPE COLLISION - SAME DIRECTION,SIDESWIPE-SAME DIRECTION,STRAIGHT & LEVEL,DAYLIGHT,5,O,087-US-0460  -000
32017030,MONTGOMERY CTY SHERIFF DEPT,MONTGOMERY,,308,LOWER SPRUCE,RD,37.9422638,-83.81241128,0.31,7/29/2023,1454,1,1,0,0,CLEAR,DRY,FALSE,COLLISION WITH FIXED OBJECT NON - INTERSECTION - FIRST EVENT COLLISION 09 - 32 EXCLUDING 16,SINGLE VEHICLE,STRAIGHT & LEVEL,DAYLIGHT,5,O,087-CR-1114  -000
32017034,MONTGOMERY CTY SHERIFF DEPT,MONTGOMERY,KY0011,6899,LEVEE,RD,37.96242226,-83.93902546,3.455,7/31/2023,505,2,2,0,0,CLEAR,DRY,FALSE,SIDESWIPE COLLISION - SAME DIRECTION,SIDESWIPE-SAME DIRECTION,STRAIGHT & LEVEL,DARK-HWY NOT LIGHTED,5,O,087-KY-0011  -000
32017812,MT. STERLING POLICE DEPARTMENT,MONTGOMERY,KY0686,,INDIAN MOUND,DR,38.0734229,-83.95114936,0.171,7/28/2023,1303,2,2,0,0,RAINING,WET,FALSE,ANGLE COLLISION - OTHER,ANGLE,STRAIGHT & LEVEL,DAYLIGHT,5,O,087-KY-0686  -000
32017826,MT. STERLING POLICE DEPARTMENT,MONTGOMERY,,,EVANS,AVE,38.07544298,-83.95147072,0.166,7/31/2023,1823,2,2,0,0,CLEAR,DRY,FALSE,HEAD-ON COLLISION,HEAD ON,STRAIGHT & LEVEL,DAYLIGHT,5,O,087-CS-1116  -000
32017828,MT. STERLING POLICE DEPARTMENT,MONTGOMERY,KY0686,,INDIAN MOUND,DR,38.06733888,-83.95517443,0.721,8/3/2023,1225,2,2,0,0,RAINING,WET,FALSE,ANGLE COLLISION - OTHER,ANGLE,STRAIGHT & LEVEL,DAYLIGHT,5,O,087-KY-0686  -000
32019348,MT. STERLING POLICE DEPARTMENT,MONTGOMERY,KY0686,,INDIAN MOUND,DR,38.0535922,-83.95624201,1.658,8/3/2023,1215,2,1,0,0,RAINING,WET,FALSE,OTHER ROADWAY OR MID-BLOCK COLLISION,REAR END,STRAIGHT & LEVEL,DAYLIGHT,5,O,087-KY-0686  -000
32032446,MONTGOMERY CTY SHERIFF DEPT,MONTGOMERY,,,OSBORNE,RD,38.07101274,-83.91382402,2.343,8/1/2023,1515,2,2,0,0,CLEAR,DRY,FALSE,VEHICLE BACKING NON INTERSECTION,BACKING,STRAIGHT & LEVEL,DAYLIGHT,5,O,087-CR-1006  -000
32032449,MONTGOMERY CTY SHERIFF DEPT,MONTGOMERY,KY0646,,NEST EGG,RD,37.96033413,-83.97804991,7.169,8/3/2023,756,2,2,0,0,RAINING,WET,FALSE,HEAD-ON COLLISION,HEAD ON,CURVE & HILLCREST,DAYLIGHT,5,O,087-KY-0646  -000
32032455,MONTGOMERY CTY SHERIFF DEPT,MONTGOMERY,,401,COMMERCE,CIR,38.0771471,-83.91313387,0.002,8/2/2023,2348,1,1,0,0,CLOUDY,FLOODED,FALSE,COLLISION WITH ANIMAL NON INTERSECTION,SINGLE VEHICLE,STRAIGHT & LEVEL,DARK (UNKNOWN ROADWAY LIGHTING),5,O,087-PR-1048  -000
32032458,MONTGOMERY CTY SHERIFF DEPT,MONTGOMERY,KY1991,,HINKSTON,PIKE,38.09257265,-83.9253031,2.438,8/4/2023,1222,1,1,0,0,CLEAR,DRY,FALSE,RAN OFF ROADWAY (1 VEHICLE WITH/EARTH EMBANKMENT/DITCH),SINGLE VEHICLE,STRAIGHT & LEVEL,DAYLIGHT,5,O,087-KY-1991  -000
32032459,MONTGOMERY CTY SHERIFF DEPT,MONTGOMERY,KY0646,8455,CREAM ALLEY,RD,37.96487938,-83.91442636,3.334,8/5/2023,1328,1,1,0,0,CLEAR,DRY,FALSE,RAN OFF ROADWAY (1 VEHICLE WITH/EARTH EMBANKMENT/DITCH),SINGLE VEHICLE,STRAIGHT & LEVEL,DAYLIGHT,5,O,087-KY-0646  -000
32032461,MONTGOMERY CTY SHERIFF DEPT,MONTGOMERY,US0460,3304,CAMARGO,RD,38.00065996,-83.89870245,14.249,8/4/2023,2132,2,2,0,0,CLEAR,DRY,FALSE,REAR END IN TRAFFIC LANES BOTH VEHICLES MOVING,REAR END,STRAIGHT & HILLCREST,DARK-HWY NOT LIGHTED,5,O,087-US-0460  -000
32032462,MONTGOMERY CTY SHERIFF DEPT,MONTGOMERY,US0060,,OWINGSVILLE,RD,38.06650582,-83.93090796,6.212,8/4/2023,2007,1,1,0,0,CLEAR,DRY,FALSE,RAN OFF ROADWAY (1 VEHICLE WITH/EARTH EMBANKMENT/DITCH),SINGLE VEHICLE,CURVE & LEVEL,DAYLIGHT,5,O,087-US-0060  -000
32032467,MONTGOMERY CTY SHERIFF DEPT,MONTGOMERY,KY0713,,SPENCER,PIKE,38.05095017,-83.90993321,8.27,8/7/2023,534,2,2,0,0,CLEAR,DRY,TRUE,SIDESWIPE COLLISION - OPPOSITE DIRECTION,SIDESWIPE-OPPOSITE DIRECTION,CURVE & LEVEL,DARK-HWY NOT LIGHTED,5,O,087-KY-0713  -000
32032473,MONTGOMERY CTY SHERIFF DEPT,MONTGOMERY,US0060,,OWINGSVILLE,RD,38.08235225,-83.90255439,8.176,8/2/2023,1952,1,1,0,0,CLEAR,DRY,FALSE,RAN OFF ROADWAY (1 VEHICLE WITH/EARTH EMBANKMENT/DITCH),SINGLE VEHICLE,STRAIGHT & LEVEL,DAYLIGHT,5,O,087-US-0060  -000
32032705,MONTGOMERY CTY SHERIFF DEPT,MONTGOMERY,US0460,,MAIN,ST,37.964091,-83.81134406,19.735,8/8/2023,940,1,1,0,1,CLOUDY,DRY,FALSE,RAN OFF ROADWAY (1 VEHICLE WITH/EARTH EMBANKMENT/DITCH),SINGLE VEHICLE,STRAIGHT & LEVEL,DAYLIGHT,3,B,087-US-0460  -000
32036989,MT. STERLING POLICE DEPARTMENT,MONTGOMERY,KY0686,,INDIAN MOUND,DR,38.07108896,-83.95504902,0.459,8/11/2023,1526,2,2,0,0,CLEAR,DRY,FALSE,OTHER INTERSECTION COLLISIONS,REAR END,STRAIGHT & LEVEL,DAYLIGHT,5,O,087-KY-0686  -000
32036990,MT. STERLING POLICE DEPARTMENT,MONTGOMERY,KY0686,,INDIAN MOUND,DR,38.07108988,-83.95510969,0.461,8/11/2023,1710,2,2,0,1,CLEAR,DRY,FALSE,OTHER INTERSECTION COLLISIONS,REAR END,STRAIGHT & LEVEL,DAYLIGHT,3,B,087-KY-0686  -000
32036991,MT. STERLING POLICE DEPARTMENT,MONTGOMERY,,,TIGHLMAN,WAY,38.0405951,-83.93871807,0.022,8/9/2023,1437,1,1,0,1,CLEAR,DRY,FALSE,COLLISION WITH FIXED OBJECT NON - INTERSECTION - FIRST EVENT COLLISION 09 - 32 EXCLUDING 16,SINGLE VEHICLE,STRAIGHT & GRADE,DAYLIGHT,4,C,087-CS-1163  -000
32043997,MONTGOMERY CTY SHERIFF DEPT,MONTGOMERY,KY0646,,CREAM ALLEY,RD,37.9693219,-83.92638326,4.062,8/11/2023,911,1,1,0,1,CLEAR,DRY,FALSE,RAN OFF ROADWAY (1 VEHICLE WITH/EARTH EMBANKMENT/DITCH),SINGLE VEHICLE,CURVE & LEVEL,DAYLIGHT,4,C,087-KY-0646  -000
32043998,MONTGOMERY CTY SHERIFF DEPT,MONTGOMERY,I 0064,,,,38.08715537,-83.89927468,0.206,8/9/2023,1533,2,2,0,0,CLOUDY,DRY,FALSE,OTHER RAMP RELATED COLLISIONS NOT LISTED ABOVE,SIDESWIPE-SAME DIRECTION,STRAIGHT & GRADE,DAYLIGHT,5,O,087-CR-1042  -000
32044000,MONTGOMERY CTY SHERIFF DEPT,MONTGOMERY,,,FOX,RD,37.98006715,-83.91146977,1.08,8/11/2023,1335,2,2,0,0,CLEAR,DRY,FALSE,1 VEHICLE ENTERING/LEAVING ENTRANCE,ANGLE,CURVE & HILLCREST,DAYLIGHT,5,O,087-CR-1209  -000
32055152,MT. STERLING POLICE DEPARTMENT,MONTGOMERY,,,HARRISON,AVE,38.05814115,-83.94043827,0.314,6/24/2023,1812,1,1,0,0,CLEAR,DRY,FALSE,COLLISION WITH FIXED OBJECT IN INTERSECTION - FIRST EVENT COLLISION 09 - 32,SINGLE VEHICLE,STRAIGHT & GRADE,DAYLIGHT,5,O,087-CS-1089  -000
32063058,MT. STERLING POLICE DEPARTMENT,MONTGOMERY,US0460,,MAYSVILLE,ST,38.06365678,-83.94462874,9.037,8/16/2023,1934,2,2,0,0,CLEAR,DRY,FALSE,OTHER INTERSECTION COLLISIONS,REAR END,STRAIGHT & LEVEL,DUSK,5,O,087-US-0460  -000
32078990,MT. STERLING POLICE DEPARTMENT,MONTGOMERY,KY0686,,INDIAN MOUND,DR,38.06000154,-83.95571351,1.244,8/21/2023,1315,3,3,0,0,CLEAR,DRY,FALSE,OTHER ROADWAY OR MID-BLOCK COLLISION,OPPOSING LEFT TURN,STRAIGHT & LEVEL,DAYLIGHT,5,O,087-KY-0686  -000
32095937,MT. STERLING POLICE DEPARTMENT,MONTGOMERY,KY0686,,INDIAN MOUND,DR,38.04192331,-83.93447676,3.493,8/20/2023,1026,2,2,0,0,CLEAR,DRY,FALSE,REAR END IN TRAFFIC LANES BOTH VEHICLES MOVING,REAR END,STRAIGHT & LEVEL,DAYLIGHT,5,O,087-KY-0686  -000
32095940,MT. STERLING POLICE DEPARTMENT,MONTGOMERY,KY0686,808,INDIAN MOUND,DR,38.06319537,-83.95535527,1.007,8/22/2023,1653,2,2,0,0,CLEAR,WET,FALSE,REAR END IN TRAFFIC LANES BOTH VEHICLES MOVING,REAR END,STRAIGHT & LEVEL,DAYLIGHT,5,O,087-KY-0686  -000
32095975,MT. STERLING POLICE DEPARTMENT,MONTGOMERY,KY0686,810,INDIAN MOUND,DR,38.06118607,-83.95517983,1.146,8/24/2023,1140,2,2,0,0,CLEAR,DRY,FALSE,1 VEHICLE ENTERING/LEAVING ENTRANCE,ANGLE,STRAIGHT & LEVEL,DAYLIGHT,5,O,087-KY-0686  -000
32124955,MT. STERLING POLICE DEPARTMENT,MONTGOMERY,US0460,,MAYSVILLE,ST,38.06660374,-83.94559541,8.824,8/27/2023,1343,2,2,0,0,CLEAR,DRY,FALSE,REAR END IN TRAFFIC LANES BOTH VEHICLES MOVING,REAR END,STRAIGHT & GRADE,DAYLIGHT,5,O,087-US-0460  -000
32134188,"KY STATE POLICE, POST 08",MONTGOMERY,US0460,,CAMARGO,RD,38.01843601,-83.91370107,12.728,9/1/2023,1511,2,2,0,0,CLEAR,DRY,FALSE,REAR END IN TRAFFIC LANES BOTH VEHICLES MOVING,REAR END,STRAIGHT & LEVEL,DAYLIGHT,5,O,087-US-0460  -000
32145423,"KY STATE POLICE, POST 08",MONTGOMERY,KY0537,,VAN THOMPSON,RD,38.13182505,-83.93386997,5.626,9/5/2023,1723,2,2,0,0,CLEAR,DRY,FALSE,SIDESWIPE COLLISION - OPPOSITE DIRECTION,SIDESWIPE-OPPOSITE DIRECTION,CURVE & GRADE,DAYLIGHT,5,O,087-KY-0537  -000
32160827,MT. STERLING POLICE DEPARTMENT,MONTGOMERY,US0460,,PARIS,RD,38.08819622,-83.95139206,7.237,9/1/2023,1423,3,3,0,0,CLEAR,DRY,FALSE,REAR END IN TRAFFIC LANES BOTH VEHICLES MOVING,REAR END,STRAIGHT & LEVEL,DAYLIGHT,5,O,087-US-0460  -000
32160830,MT. STERLING POLICE DEPARTMENT,MONTGOMERY,KY0686,,INDIAN MOUND,DR,38.05987825,-83.95569195,1.237,8/31/2023,1336,2,2,0,0,CLEAR,DRY,FALSE,1 VEHICLE ENTERING/LEAVING ENTRANCE,ANGLE,STRAIGHT & LEVEL,DAYLIGHT,5,O,087-KY-0686  -000
32160833,MT. STERLING POLICE DEPARTMENT,MONTGOMERY,KY0686,1103,INDIAN MOUND,DR,38.05336804,-83.95681977,1.692,9/5/2023,1606,2,2,0,0,CLEAR,DRY,FALSE,OTHER ROADWAY OR MID-BLOCK COLLISION,OPPOSING LEFT TURN,STRAIGHT & LEVEL,DAYLIGHT,5,O,087-KY-0686  -000
32182332,MONTGOMERY CTY SHERIFF DEPT,MONTGOMERY,,315,QUEEN,ST,38.05256572,-83.93752621,0.24,8/3/2023,1004,2,2,0,0,RAINING,WET,FALSE,1 VEHICLE PARKED POSITION (NOT PARKING LOT/DRIVEWAY),HEAD ON,STRAIGHT & GRADE,DAYLIGHT,5,O,087-CS-1080  -000
32182335,MONTGOMERY CTY SHERIFF DEPT,MONTGOMERY,US0460,,MAIN,ST,37.97417499,-83.84391004,17.823,8/10/2023,1430,2,2,0,0,CLEAR,DRY,FALSE,1 VEHICLE ENTERING/LEAVING ENTRANCE,ANGLE,STRAIGHT & LEVEL,DAYLIGHT,5,O,087-US-0460  -000
32182337,MONTGOMERY CTY SHERIFF DEPT,MONTGOMERY,,150,OAK GROVE,DR,38.09452127,-83.90421761,0.611,8/15/2023,1703,2,2,0,0,CLEAR,DRY,FALSE,1 VEHICLE PARKED POSITION (NOT PARKING LOT/DRIVEWAY),SIDESWIPE-SAME DIRECTION,STRAIGHT & LEVEL,DAYLIGHT,5,O,087-CR-1019H -000
32182340,MONTGOMERY CTY SHERIFF DEPT,MONTGOMERY,US0060,3052,OWINGSVILLE,RD,38.08345067,-83.90099879,8.29,8/15/2023,1739,1,1,0,2,CLEAR,DRY,FALSE,RAN OFF ROADWAY (1 VEHICLE WITH/EARTH EMBANKMENT/DITCH),SINGLE VEHICLE,CURVE & LEVEL,DAYLIGHT,3,B,087-US-0060  -000
32182361,MONTGOMERY CTY SHERIFF DEPT,MONTGOMERY,KY0011,,LEVEE,RD,38.03399966,-83.94999013,8.78,8/17/2023,1021,1,1,0,0,CLEAR,DRY,FALSE,OTHER COLLISIONS ON SHOULDER,SINGLE VEHICLE,STRAIGHT & LEVEL,DAYLIGHT,5,O,087-KY-0011  -000
32182366,MONTGOMERY CTY SHERIFF DEPT,MONTGOMERY,,,FOX,RD,37.98202196,-83.90948063,1.272,8/18/2023,1527,2,2,0,0,CLEAR,DRY,FALSE,OPPOSITE DIRECTION - BOTH VEHICLES GOING STRAIGHT AHEAD,SIDESWIPE-OPPOSITE DIRECTION,CURVE & LEVEL,DAYLIGHT,5,O,087-CR-1209  -000
32182370,MONTGOMERY CTY SHERIFF DEPT,MONTGOMERY,,,WHITE TURLEY,RD,38.08890233,-84.06254292,0.37,8/18/2023,1048,2,2,0,2,CLEAR,DRY,FALSE,VEHICLE BACKING NON INTERSECTION,BACKING,STRAIGHT & LEVEL,DAYLIGHT,4,C,087-CR-1323  -000
32182373,MONTGOMERY CTY SHERIFF DEPT,MONTGOMERY,KY0713,6592,SPENCER,PIKE,38.02745856,-83.83878224,12.854,8/18/2023,1732,1,1,0,0,CLEAR,DRY,FALSE,RAN OFF ROADWAY (1 VEHICLE WITH/EARTH EMBANKMENT/DITCH),SINGLE VEHICLE,CURVE & LEVEL,DAYLIGHT,5,O,087-KY-0713  -000
32182375,MONTGOMERY CTY SHERIFF DEPT,MONTGOMERY,US0460,8325,MAIN,ST,37.97405979,-83.84342316,17.851,8/18/2023,1116,2,2,0,0,CLEAR,DRY,FALSE,1 VEHICLE ENTERING/LEAVING ENTRANCE,ANGLE,STRAIGHT & LEVEL,DAYLIGHT,5,O,087-US-0460  -000
32182383,MONTGOMERY CTY SHERIFF DEPT,MONTGOMERY,KY0011,,LEVEE,RD,38.00996242,-83.94906612,7.065,8/23/2023,543,2,2,0,0,CLEAR,DRY,FALSE,ANGLE COLLISION - OTHER,ANGLE,STRAIGHT & GRADE,DARK-HWY NOT LIGHTED,5,O,087-KY-0011  -000
32182402,MONTGOMERY CTY SHERIFF DEPT,MONTGOMERY,I 0064,,,,38.08925591,-83.89941871,0.119,8/24/2023,853,2,2,0,0,CLEAR,DRY,TRUE,OTHER RAMP RELATED COLLISIONS NOT LISTED ABOVE,ANGLE,STRAIGHT & GRADE,DAYLIGHT,5,O,087-CR-1036  -000
32182403,MONTGOMERY CTY SHERIFF DEPT,MONTGOMERY,,,SHANNON,DR,38.06840352,-83.93071366,0.01,8/25/2023,1227,2,2,0,0,CLEAR,DRY,FALSE,HEAD-ON COLLISION,HEAD ON,STRAIGHT & LEVEL,DAYLIGHT,5,O,087-PR-1064  -000
32182405,MONTGOMERY CTY SHERIFF DEPT,MONTGOMERY,US0060,,OWINGSVILLE,RD,38.084581,-83.90040206,8.374,8/25/2023,1456,2,2,0,1,CLOUDY,DRY,FALSE,OTHER ROADWAY OR MID-BLOCK COLLISION,OPPOSING LEFT TURN,STRAIGHT & LEVEL,DAYLIGHT,3,B,087-US-0060  -000
32182415,MONTGOMERY CTY SHERIFF DEPT,MONTGOMERY,KY0646,777,KIDDVILLE,RD,38.00208812,-83.96355281,10.721,8/27/2023,1234,1,1,0,0,CLEAR,DRY,FALSE,OTHER ROADWAY OR MID-BLOCK COLLISION,SINGLE VEHICLE,STRAIGHT & LEVEL,DAYLIGHT,5,O,087-KY-0646  -000
32187041,MONTGOMERY CTY SHERIFF DEPT,MONTGOMERY,I 0064,,,,38.08945454,-83.89781506,0.212,8/25/2023,643,2,2,0,0,CLEAR,DRY,FALSE,OTHER RAMP RELATED COLLISIONS NOT LISTED ABOVE,REAR END,STRAIGHT & GRADE,DAWN,5,O,087-CR-1042  -000
32187052,MONTGOMERY CTY SHERIFF DEPT,MONTGOMERY,KY0011,,MAYSVILLE,RD,38.11222902,-83.95698377,11.755,8/29/2023,820,1,1,0,0,CLOUDY,DRY,FALSE,RAN OFF ROADWAY (1 VEHICLE WITH/EARTH EMBANKMENT/DITCH),SINGLE VEHICLE,CURVE & GRADE,DAYLIGHT,5,O,087-KY-0011  -000
32187057,MONTGOMERY CTY SHERIFF DEPT,MONTGOMERY,,,ELMWOOD,DR,38.05149232,-83.96046401,0.05,9/1/2023,944,1,1,0,0,CLEAR,DRY,FALSE,COLLISION WITH FIXED OBJECT NON - INTERSECTION - FIRST EVENT COLLISION 09 - 32 EXCLUDING 16,SINGLE VEHICLE,STRAIGHT & LEVEL,DAYLIGHT,5,O,087-CR-1306E -000
32187062,MONTGOMERY CTY SHERIFF DEPT,MONTGOMERY,,,COREY,LN,38.01531861,-83.82102206,0.079,8/30/2023,1409,2,2,0,0,CLOUDY,DRY,FALSE,1 VEHICLE PARKED POSITION (NOT PARKING LOT/DRIVEWAY),ANGLE,STRAIGHT & LEVEL,DAYLIGHT,5,O,087-PR-1301  -000
32187063,MONTGOMERY CTY SHERIFF DEPT,MONTGOMERY,KY1331,,HOWARDS MILL,RD,38.06354888,-83.83790546,4.032,8/31/2023,1922,1,1,0,1,CLEAR,DRY,FALSE,OTHER ROADWAY OR MID-BLOCK COLLISION,SINGLE VEHICLE,CURVE & GRADE,DAYLIGHT,2,A,087-KY-1331  -000
32187064,MONTGOMERY CTY SHERIFF DEPT,MONTGOMERY,,,OLD OWINGSVILLE,RD,38.07229554,-83.91496366,0.98,9/2/2023,1103,2,2,0,0,CLEAR,DRY,FALSE,ANGLE COLLISION - OTHER,ANGLE,STRAIGHT & LEVEL,DAYLIGHT,5,O,087-CR-1029  -000
32187065,MONTGOMERY CTY SHERIFF DEPT,MONTGOMERY,KY0011,,LEVEE,RD,38.02269247,-83.94868216,7.99,9/2/2023,1314,2,2,0,0,CLEAR,DRY,FALSE,SIDESWIPE-SAME DIRECTION,SIDESWIPE-SAME DIRECTION,STRAIGHT & LEVEL,DAYLIGHT,5,O,087-KY-0011  -000
32187069,MONTGOMERY CTY SHERIFF DEPT,MONTGOMERY,KY1991,,HINKSTON,PIKE,38.09372329,-83.92494853,2.518,9/4/2023,1727,1,1,0,0,CLEAR,DRY,FALSE,COLLISION WITH FIXED OBJECT NON - INTERSECTION - FIRST EVENT COLLISION 09 - 32 EXCLUDING 16,SINGLE VEHICLE,CURVE & HILLCREST,DAYLIGHT,5,O,087-KY-1991  -000
32187074,MONTGOMERY CTY SHERIFF DEPT,MONTGOMERY,US0460,,PARIS,RD,38.09727138,-83.9767881,5.669,9/5/2023,448,2,2,0,0,CLEAR,DRY,TRUE,SIDESWIPE COLLISION - OPPOSITE DIRECTION,SIDESWIPE-OPPOSITE DIRECTION,CURVE & LEVEL,DARK-HWY NOT LIGHTED,5,O,087-US-0460  -000
32187075,MONTGOMERY CTY SHERIFF DEPT,MONTGOMERY,,,WINDSOR,DR,38.0483964,-83.9407634,0.099,9/7/2023,1342,2,2,0,0,CLEAR,DRY,FALSE,1 VEHICLE ENTERING/LEAVING ENTRANCE,ANGLE,STRAIGHT & LEVEL,DAYLIGHT,5,O,087-CS-1001  -000
32187076,MONTGOMERY CTY SHERIFF DEPT,MONTGOMERY,KY0646,,CREAM ALLEY,RD,37.95808764,-83.90191622,2.496,9/7/2023,1418,2,2,0,1,CLEAR,DRY,FALSE,1 VEHICLE ENTERING/LEAVING ENTRANCE,ANGLE,CURVE & LEVEL,DAYLIGHT,4,C,087-KY-0646  -000
32187077,MONTGOMERY CTY SHERIFF DEPT,MONTGOMERY,,,RYDER,LN,38.07356944,-83.91745704,0.026,8/31/2023,1551,2,2,0,0,CLEAR,DRY,FALSE,VEHICLE BACKING IN INTERSECTION,BACKING,STRAIGHT & LEVEL,DAYLIGHT,5,O,087-CR-1022G -000