IncidentID,AgencyName,County,RdwyNumber,Street,RoadwayName,StreetSfx,Latitude,Longitude,Milepoint,CollisionDate,CollisionTime,UnitsInvolved,MotorVehiclesInvolved,NumberKilled,NumberInjured,Weather,RdwyConditionCode,HitandRun,DirAnalysisCode,MannerofCollision,RdwyCharacter,LightCondition,KABCO Code,KABCO,RT_UNIQUE
32187085,MONTGOMERY CTY SHERIFF DEPT,MONTGOMERY,US0060,,OWINGSVILLE,RD,38.08634166,-83.89953853,8.505,9/9/2023,449,2,2,0,0,CLEAR,DRY,FALSE,REAR END IN TRAFFIC LANES BOTH VEHICLES MOVING,REAR END,STRAIGHT & LEVEL,DARK-HWY NOT LIGHTED,5,O,087-US-0060  -000
32187102,MONTGOMERY CTY SHERIFF DEPT,MONTGOMERY,,,OSBORNE,RD,38.04711794,-83.90317454,0.003,9/10/2023,1824,2,2,0,1,CLEAR,DRY,FALSE,HEAD-ON COLLISION,HEAD ON,STRAIGHT & LEVEL,DAYLIGHT,4,C,087-PR-1062  -000
32187104,MONTGOMERY CTY SHERIFF DEPT,MONTGOMERY,KY0646,,WILLOUGHBY TOWN,RD,37.94387331,-83.86428952,0.003,9/11/2023,1700,2,2,0,0,CLEAR,DRY,FALSE,OTHER INTERSECTION COLLISIONS,REAR END,STRAIGHT & LEVEL,DAYLIGHT,5,O,087-KY-0646  -000
32187138,MONTGOMERY CTY SHERIFF DEPT,MONTGOMERY,,,OLD OWINGSVILLE,RD,38.06930498,-83.92328266,1.497,9/13/2023,1151,2,2,0,0,CLEAR,DRY,FALSE,SIDESWIPE COLLISION - SAME DIRECTION,SIDESWIPE-SAME DIRECTION,STRAIGHT & LEVEL,DAYLIGHT,5,O,087-CR-1029  -000
32189908,MT. STERLING POLICE DEPARTMENT,MONTGOMERY,,216,WINN,ST,38.0627147,-83.94960967,0.278,9/13/2023,1330,2,2,0,0,CLEAR,FLOODED,TRUE,1 VEHICLE PARKED POSITION (NOT PARKING LOT/DRIVEWAY),SIDESWIPE-SAME DIRECTION,STRAIGHT & LEVEL,DAYLIGHT,5,O,087-CS-1063  -000
32192856,MT. STERLING POLICE DEPARTMENT,MONTGOMERY,,,HIGH,ST,38.05968292,-83.9334231,0.511,9/13/2023,1620,2,2,0,0,CLEAR,DRY,FALSE,OTHER INTERSECTION COLLISIONS,REAR END,STRAIGHT & LEVEL,DAYLIGHT,5,O,087-CS-1073  -000
32192859,MT. STERLING POLICE DEPARTMENT,MONTGOMERY,,,REESE,WAY,38.06731908,-83.95401806,0.073,9/13/2023,1626,2,2,0,0,CLEAR,DRY,FALSE,ANGLE COLLISION - OTHER,ANGLE,STRAIGHT & LEVEL,DAYLIGHT,5,O,087-CS-1031  -000
32204107,MT. STERLING POLICE DEPARTMENT,MONTGOMERY,KY0011,,LEVEE,RD,38.05017927,-83.94152696,10.001,9/11/2023,1124,2,2,0,0,CLEAR,DRY,FALSE,OTHER INTERSECTION COLLISIONS,REAR END,STRAIGHT & LEVEL,DAYLIGHT,5,O,087-KY-0011  -000
32204108,MT. STERLING POLICE DEPARTMENT,MONTGOMERY,,,WINGTIP,WAY,38.07420705,-83.9479286,0.002,9/11/2023,1330,2,2,0,0,CLEAR,DRY,FALSE,ANGLE COLLISION - OTHER,ANGLE,STRAIGHT & GRADE,DAYLIGHT,5,O,087-CS-1121  -000
32204115,MT. STERLING POLICE DEPARTMENT,MONTGOMERY,US0460,646,MAYSVILLE,ST,38.07553447,-83.94883119,8.181,9/16/2023,1324,2,2,0,0,CLEAR,DRY,FALSE,OPPOSING LEFT TURN,OPPOSING LEFT TURN,STRAIGHT & LEVEL,DAYLIGHT,5,O,087-US-0460  -000
32207893,MONTGOMERY CTY SHERIFF DEPT,MONTGOMERY,,,OLD OWINGSVILLE,RD,38.06993618,-83.92235127,1.434,9/13/2023,2129,2,2,0,0,CLEAR,DRY,FALSE,REAR END - ONE VEHICLE TURNING LEFT,REAR END,STRAIGHT & LEVEL,DARK-HWY NOT LIGHTED,5,O,087-CR-1029  -000
32207894,MONTGOMERY CTY SHERIFF DEPT,MONTGOMERY,KY0686,,INDIAN MOUND,DR,38.0718619,-83.91683692,6.104,9/14/2023,621,2,2,0,0,CLEAR,DRY,FALSE,HEAD-ON COLLISION,HEAD ON,STRAIGHT & HILLCREST,DARK-HWY LIGHTED/ON,5,O,087-KY-0686  -000
32207896,MONTGOMERY CTY SHERIFF DEPT,MONTGOMERY,US0060,3348,WINCHESTER,RD,38.04458552,-83.99692247,1.918,8/18/2023,500,1,1,0,0,CLEAR,WET,FALSE,OTHER COLLISIONS ON SHOULDER,SINGLE VEHICLE,STRAIGHT & HILLCREST,DARK-HWY NOT LIGHTED,5,O,087-US-0060  -000
32207898,MONTGOMERY CTY SHERIFF DEPT,MONTGOMERY,KY0646,,WILLOUGHBY TOWN,RD,37.94416027,-83.87649261,0.7,9/13/2023,2252,2,2,0,0,CLEAR,DRY,FALSE,OPPOSITE DIRECTION - BOTH VEHICLES GOING STRAIGHT AHEAD,SIDESWIPE-OPPOSITE DIRECTION,STRAIGHT & GRADE,DARK-HWY NOT LIGHTED,5,O,087-KY-0646  -000
32207974,MONTGOMERY CTY SHERIFF DEPT,MONTGOMERY,US0060,1765,WINCHESTER,RD,38.05058381,-83.97532973,3.245,9/15/2023,2018,1,1,0,0,CLEAR,DRY,FALSE,RAN OFF ROADWAY (1 VEHICLE WITH/EARTH EMBANKMENT/DITCH),SINGLE VEHICLE,CURVE & LEVEL,DARK-HWY NOT LIGHTED,5,O,087-US-0060  -000
32207977,MONTGOMERY CTY SHERIFF DEPT,MONTGOMERY,KY0011,,LEVEE,RD,38.02795078,-83.94877699,8.355,9/14/2023,544,1,1,0,0,CLEAR,DRY,FALSE,COLLISION WITH ANIMAL NON INTERSECTION,SINGLE VEHICLE,STRAIGHT & LEVEL,DARK-HWY NOT LIGHTED,5,O,087-KY-0011  -000
32212309,MT. STERLING POLICE DEPARTMENT,MONTGOMERY,KY0713,,QUEEN,ST,38.0567498,-83.93895425,6.408,9/18/2023,1615,2,2,0,0,CLEAR,DRY,FALSE,VEHICLE BACKING NON INTERSECTION,BACKING,STRAIGHT & LEVEL,DAYLIGHT,5,O,087-KY-0713  -000
32229088,MONTGOMERY CTY SHERIFF DEPT,MONTGOMERY,US0060,,OWINGSVILLE,RD,38.07757859,-83.91203228,7.584,8/29/2023,850,1,1,0,0,CLEAR,DRY,FALSE,COLLISION WITH ANIMAL NON INTERSECTION,SINGLE VEHICLE,STRAIGHT & GRADE,DAYLIGHT,5,O,087-US-0060  -000
32233600,MT. STERLING POLICE DEPARTMENT,MONTGOMERY,KY0686,499,INDIAN MOUND,DR,38.06728265,-83.95556644,0.892,9/17/2023,1404,2,2,0,0,CLEAR,DRY,FALSE,1 VEHICLE ENTERING/LEAVING ENTRANCE,ANGLE,STRAIGHT & LEVEL,DAYLIGHT,5,O,087-KY-0686  -000
32233601,MT. STERLING POLICE DEPARTMENT,MONTGOMERY,US0460,,MAYSVILLE,ST,38.07402093,-83.94834334,8.276,9/21/2023,1131,2,2,0,0,CLEAR,DRY,FALSE,ANGLE COLLISION - OTHER,ANGLE,STRAIGHT & LEVEL,DAYLIGHT,5,O,087-US-0460  -000
32233605,MT. STERLING POLICE DEPARTMENT,MONTGOMERY,,,HIGH,ST,38.05921936,-83.93522773,0.411,8/4/2023,540,1,1,0,1,FOG,DRY,FALSE,OTHER COLLISIONS ON SHOULDER,SINGLE VEHICLE,STRAIGHT & LEVEL,DARK-HWY LIGHTED/ON,4,C,087-CS-1073  -000
32268582,MT. STERLING POLICE DEPARTMENT,MONTGOMERY,US0460,1223,CAMARGO,RD,38.0336057,-83.92914954,11.358,9/26/2023,1746,3,3,0,1,CLEAR,DRY,FALSE,1 VEHICLE ENTERING/LEAVING ENTRANCE,ANGLE,STRAIGHT & LEVEL,DAYLIGHT,4,C,087-US-0460  -000
32268586,MT. STERLING POLICE DEPARTMENT,MONTGOMERY,,114,SYCAMORE,ST,38.05758011,-83.94565167,0.397,9/27/2023,2215,2,2,0,0,CLEAR,DRY,TRUE,1 VEHICLE PARKED POSITION (NOT PARKING LOT/DRIVEWAY),BACKING,STRAIGHT & LEVEL,DARK-HWY LIGHTED/ON,5,O,087-CS-1054  -000
32268594,MT. STERLING POLICE DEPARTMENT,MONTGOMERY,KY0686,,INDIAN MOUND,DR,38.07392617,-83.94839494,0.013,9/28/2023,1447,2,2,0,0,CLEAR,DRY,FALSE,REAR END - ONE VEHICLE TURNING RIGHT,REAR END,STRAIGHT & LEVEL,DAYLIGHT,5,O,087-KY-0686  -000
32268645,MONTGOMERY CTY SHERIFF DEPT,MONTGOMERY,KY0646,1525,KIDDVILLE,RD,37.99043398,-83.97654236,9.613,9/18/2023,735,1,1,0,0,CLEAR,DRY,FALSE,OTHER ROADWAY OR MID-BLOCK COLLISION,SINGLE VEHICLE,CURVE & LEVEL,DAYLIGHT,5,O,087-KY-0646  -000
32268647,MONTGOMERY CTY SHERIFF DEPT,MONTGOMERY,US0060,,WINCHESTER,RD,38.05362004,-83.95744165,4.258,9/18/2023,1458,2,2,0,0,CLEAR,DRY,FALSE,REAR END IN TRAFFIC LANES BOTH VEHICLES MOVING,REAR END,STRAIGHT & LEVEL,DAYLIGHT,5,O,087-US-0060  -000
32268651,MONTGOMERY CTY SHERIFF DEPT,MONTGOMERY,US0460,,MAIN,ST,37.96795112,-83.82161467,19.098,9/21/2023,1800,2,2,0,0,CLEAR,DRY,FALSE,OTHER INTERSECTION COLLISIONS,REAR END,STRAIGHT & LEVEL,DAYLIGHT,5,O,087-US-0460  -000
32268669,MONTGOMERY CTY SHERIFF DEPT,MONTGOMERY,KY0713,,GRASSY LICK,RD,38.05863369,-83.96024464,5.574,9/24/2023,1831,2,2,0,0,CLEAR,DRY,FALSE,SIDESWIPE COLLISION - OPPOSITE DIRECTION,SIDESWIPE-OPPOSITE DIRECTION,STRAIGHT & GRADE,DAYLIGHT,5,O,087-KY-0713  -000
32268673,MONTGOMERY CTY SHERIFF DEPT,MONTGOMERY,US0060,,OWINGSVILLE,RD,38.08526481,-83.90007459,8.424,9/25/2023,943,2,2,0,2,CLOUDY,WET,FALSE,REAR END IN TRAFFIC LANES BOTH VEHICLES MOVING,REAR END,STRAIGHT & LEVEL,DAYLIGHT,4,C,087-US-0060  -000
32268675,MONTGOMERY CTY SHERIFF DEPT,MONTGOMERY,,,E,ST,38.06928765,-83.92349178,0.124,9/20/2023,1455,2,2,0,0,CLEAR,DRY,FALSE,1 VEHICLE ENTERING/LEAVING ENTRANCE,ANGLE,STRAIGHT & GRADE,DAYLIGHT,5,O,087-CR-1040  -000
32272717,MT. STERLING POLICE DEPARTMENT,MONTGOMERY,,303/304,HARRISON,AVE,38.06166898,-83.9415483,0.063,9/20/2023,1716,2,1,0,0,CLEAR,DRY,FALSE,1 VEHICLE PARKED POSITION (NOT PARKING LOT/DRIVEWAY),BACKING,STRAIGHT & LEVEL,DAYLIGHT,5,O,087-CS-1089  -000
32289685,MT. STERLING POLICE DEPARTMENT,MONTGOMERY,,,LOCUST,ST,38.05493701,-83.94262036,0.246,9/29/2023,1145,1,1,0,0,CLEAR,DRY,FALSE,OTHER INTERSECTION COLLISIONS,SINGLE VEHICLE,STRAIGHT & LEVEL,DAYLIGHT,5,O,087-CS-1023  -000
32289686,MT. STERLING POLICE DEPARTMENT,MONTGOMERY,US0460,,MAYSVILLE,ST,38.07599011,-83.94879936,8.198,9/29/2023,1650,2,2,0,0,CLEAR,DRY,FALSE,REAR END IN TRAFFIC LANES BOTH VEHICLES MOVING,REAR END,STRAIGHT & LEVEL,DAYLIGHT,5,O,087-US-0460  -000
32295290,MT. STERLING POLICE DEPARTMENT,MONTGOMERY,US0460,,CAMARGO,RD,38.04185505,-83.93421858,10.707,9/25/2023,1753,3,1,0,2,CLEAR,DRY,FALSE,OTHER INTERSECTION COLLISIONS,REAR END,STRAIGHT & LEVEL,DAYLIGHT,4,C,087-US-0460  -000
32299222,MT. STERLING POLICE DEPARTMENT,MONTGOMERY,,,ACCESS,RD,38.06929786,-83.95400023,0.095,10/5/2023,1800,2,2,0,0,CLOUDY,DRY,FALSE,1 VEHICLE ENTERING/LEAVING ENTRANCE,ANGLE,STRAIGHT & LEVEL,DAYLIGHT,5,O,087-PR-1091  -000
32312887,MONTGOMERY CTY SHERIFF DEPT,MONTGOMERY,KY0011,,LEVEE,RD,38.02986171,-83.94930635,8.49,9/30/2023,600,1,1,0,0,FOG,DRY,FALSE,COLLISION WITH ANIMAL NON INTERSECTION,SINGLE VEHICLE,STRAIGHT & LEVEL,DARK-HWY NOT LIGHTED,5,O,087-KY-0011  -000
32312894,MONTGOMERY CTY SHERIFF DEPT,MONTGOMERY,US0460,,PARIS,RD,38.12229089,-84.05708837,0.716,9/14/2023,500,2,2,0,0,CLEAR,DRY,FALSE,SIDESWIPE COLLISION - OPPOSITE DIRECTION,SIDESWIPE-OPPOSITE DIRECTION,STRAIGHT & LEVEL,DARK-HWY NOT LIGHTED,5,O,087-US-0460  -000
32312897,MONTGOMERY CTY SHERIFF DEPT,MONTGOMERY,US0460,,MAIN,ST,37.97154752,-83.8362035,18.28,10/1/2023,1305,2,2,0,0,CLEAR,DRY,FALSE,SIDESWIPE COLLISION - SAME DIRECTION,SIDESWIPE-SAME DIRECTION,STRAIGHT & LEVEL,DAYLIGHT,5,O,087-US-0460  -000
32312911,MONTGOMERY CTY SHERIFF DEPT,MONTGOMERY,KY0011,,LEVEE,RD,37.93795273,-83.92695044,1.587,10/3/2023,1540,1,1,0,2,CLEAR,DRY,FALSE,RAN OFF ROADWAY (1 VEHICLE WITH/EARTH EMBANKMENT/DITCH),SINGLE VEHICLE,CURVE & GRADE,DAYLIGHT,4,C,087-KY-0011  -000
32312924,MONTGOMERY CTY SHERIFF DEPT,MONTGOMERY,,,OLD OWINGSVILLE,RD,38.06633835,-83.92584462,1.747,10/5/2023,833,2,2,0,0,CLEAR,DRY,FALSE,REAR END - ONE VEHICLE TURNING LEFT,REAR END,STRAIGHT & LEVEL,DAYLIGHT,5,O,087-CR-1029  -000
32312930,MONTGOMERY CTY SHERIFF DEPT,MONTGOMERY,,126,PAULA,DR,38.02268653,-83.94649115,0.119,9/26/2023,1715,1,1,0,0,CLEAR,DRY,FALSE,COLLISION WITH FIXED OBJECT NON - INTERSECTION - FIRST EVENT COLLISION 09 - 32 EXCLUDING 16,SINGLE VEHICLE,STRAIGHT & LEVEL,DAYLIGHT,5,O,087-CR-1230  -000
32312933,MONTGOMERY CTY SHERIFF DEPT,MONTGOMERY,KY0646,2302,NEST EGG,RD,37.9584542,-83.9708056,6.737,10/7/2023,1653,1,1,0,1,CLEAR,DRY,FALSE,RAN OFF ROADWAY (1 VEHICLE WITH/EARTH EMBANKMENT/DITCH),SINGLE VEHICLE,STRAIGHT & LEVEL,DAYLIGHT,4,C,087-KY-0646  -000
32312936,MONTGOMERY CTY SHERIFF DEPT,MONTGOMERY,,,STEPSTONE,RD,38.08320238,-83.893511,0.181,10/9/2023,142,1,1,0,2,CLEAR,DRY,FALSE,OTHER COLLISIONS ON SHOULDER,SINGLE VEHICLE,STRAIGHT & GRADE,DARK-HWY NOT LIGHTED,2,A,087-KY-1331  -000
32313027,MT. STERLING POLICE DEPARTMENT,MONTGOMERY,,,SIDNEY,DR,38.06365377,-83.93970253,0.004,10/5/2023,1817,2,2,0,0,CLOUDY,DRY,FALSE,OPPOSITE DIRECTION - BOTH VEHICLES GOING STRAIGHT AHEAD,SIDESWIPE-OPPOSITE DIRECTION,STRAIGHT & LEVEL,DUSK,5,O,087-CS-1093  -000
32313041,MT. STERLING POLICE DEPARTMENT,MONTGOMERY,US0460,,MAYSVILLE,RD,38.07883925,-83.94948985,7.947,10/8/2023,1947,2,2,0,0,CLEAR,DRY,FALSE,REAR END IN TRAFFIC LANES BOTH VEHICLES MOVING,REAR END,STRAIGHT & LEVEL,DARK-HWY LIGHTED/ON,5,O,087-US-0460  -000
32313049,MT. STERLING POLICE DEPARTMENT,MONTGOMERY,,105,ROSE,CT,38.05474408,-83.93487751,0.034,10/9/2023,2324,2,2,0,0,CLOUDY,DRY,FALSE,1 VEHICLE PARKED POSITION (NOT PARKING LOT/DRIVEWAY),ANGLE,STRAIGHT & HILLCREST,DARK-HWY LIGHTED/ON,5,O,087-CS-1014  -000
32313056,MT. STERLING POLICE DEPARTMENT,MONTGOMERY,US0460,,MAYSVILLE,ST,38.06999729,-83.94717594,8.58,10/6/2023,1200,2,2,0,0,CLEAR,DRY,FALSE,OTHER ROADWAY OR MID-BLOCK COLLISION,REAR END,STRAIGHT & GRADE,DAYLIGHT,5,O,087-US-0460  -000
32313334,MONTGOMERY CTY SHERIFF DEPT,MONTGOMERY,,,OLD OWINGSVILLE,RD,38.07455383,-83.91011699,0.674,9/28/2023,1950,2,1,1,0,CLEAR,DRY,FALSE,COLLISION WITH PEDESTRIAN IN INTERSECTION,SINGLE VEHICLE,STRAIGHT & LEVEL,DARK-HWY NOT LIGHTED,1,K,087-CR-1029  -000
32330985,MT. STERLING POLICE DEPARTMENT,MONTGOMERY,KY0011,,LEVEE,RD,38.04088418,-83.94822485,9.217,10/7/2023,1000,2,2,0,0,CLEAR,DRY,FALSE,OTHER INTERSECTION COLLISIONS,REAR END,STRAIGHT & LEVEL,DAYLIGHT,5,O,087-KY-0011  -000
32330986,MT. STERLING POLICE DEPARTMENT,MONTGOMERY,US0460,,MAYSVILLE,ST,38.07421622,-83.94836302,8.273,9/27/2023,1513,2,2,0,0,CLEAR,DRY,FALSE,SIDESWIPE-SAME DIRECTION,SIDESWIPE-SAME DIRECTION,STRAIGHT & LEVEL,DAYLIGHT,5,O,087-US-0460  -000
32347440,MT. STERLING POLICE DEPARTMENT,MONTGOMERY,US0460,1005,MAYSVILLE,RD,38.07977172,-83.94946608,7.883,10/16/2023,1306,2,2,0,0,CLEAR,DRY,FALSE,OTHER COLLISIONS ON SHOULDER,ANGLE,STRAIGHT & LEVEL,DAYLIGHT,5,O,087-US-0460  -000
32347441,MT. STERLING POLICE DEPARTMENT,MONTGOMERY,,,PINE HURST,DR,38.09155784,-83.94408714,0.298,10/17/2023,841,2,2,0,0,CLOUDY,DRY,FALSE,1 VEHICLE PARKED POSITION (NOT PARKING LOT/DRIVEWAY),ANGLE,CURVE & LEVEL,DAYLIGHT,5,O,087-CS-1167  -000
32354191,MT. STERLING POLICE DEPARTMENT,MONTGOMERY,,710,NORTHVIEW,DR,38.07575887,-83.94924775,0.023,10/14/2023,1722,1,1,0,0,RAINING,WET,FALSE,COLLISION WITH FIXED OBJECT IN INTERSECTION - FIRST EVENT COLLISION 09 - 32,SINGLE VEHICLE,STRAIGHT & LEVEL,DAYLIGHT,5,O,087-CS-1122  -000
32354192,MT. STERLING POLICE DEPARTMENT,MONTGOMERY,,,BANK,ST,38.05622841,-83.94338551,0.007,10/19/2023,1031,2,2,0,1,CLOUDY,DRY,FALSE,ANGLE COLLISION - OTHER,ANGLE,STRAIGHT & GRADE,DAYLIGHT,4,C,087-CS-1060  -000
32358200,MT. STERLING POLICE DEPARTMENT,MONTGOMERY,,,TENNEY,AVE,38.05400133,-83.93644532,0.162,10/19/2023,1545,1,1,0,0,CLEAR,DRY,FALSE,OTHER ROADWAY OR MID-BLOCK COLLISION,SINGLE VEHICLE,STRAIGHT & GRADE,DAYLIGHT,5,O,087-CS-1008  -000
32364271,MT. STERLING POLICE DEPARTMENT,MONTGOMERY,I 0064,,,,38.07687887,-83.94937368,0.274,10/21/2023,2055,2,2,0,0,CLOUDY,DRY,TRUE,OTHER RAMP RELATED COLLISIONS NOT LISTED ABOVE,SIDESWIPE-SAME DIRECTION,STRAIGHT & GRADE,DARK-HWY LIGHTED/ON,5,O,087-CR-1042  -000
32367828,MONTGOMERY CTY SHERIFF DEPT,MONTGOMERY,,,OLD OWINGSVILLE,RD,38.07695311,-83.90663032,0.417,10/12/2023,1620,2,1,0,0,CLEAR,DRY,TRUE,OPPOSITE DIRECTION - BOTH VEHICLES GOING STRAIGHT AHEAD,SIDESWIPE-OPPOSITE DIRECTION,STRAIGHT & GRADE,DAYLIGHT,5,O,087-CR-1029  -000
32378805,MONTGOMERY CTY SHERIFF DEPT,MONTGOMERY,US0460,,MAIN,ST,37.97725475,-83.85371774,17.275,10/10/2023,1751,2,2,0,0,CLEAR,DRY,FALSE,ANGLE COLLISION - OTHER,ANGLE,STRAIGHT & LEVEL,DAYLIGHT,5,O,087-US-0460  -000
32382266,MT. STERLING POLICE DEPARTMENT,MONTGOMERY,I 0064,,,,38.07688259,-83.94933357,0.277,10/24/2023,1940,2,2,0,0,CLEAR,DRY,FALSE,OTHER RAMP RELATED COLLISIONS NOT LISTED ABOVE,REAR END,STRAIGHT & LEVEL,DARK-HWY LIGHTED/ON,5,O,087-CR-1042  -000
32382269,MT. STERLING POLICE DEPARTMENT,MONTGOMERY,US0460,,MAYSVILLE,ST,38.07411958,-83.9483118,8.279,10/25/2023,1603,2,2,0,0,CLEAR,DRY,FALSE,ANGLE COLLISION - OTHER,ANGLE,STRAIGHT & LEVEL,DAYLIGHT,5,O,087-US-0460  -000
32382270,MT. STERLING POLICE DEPARTMENT,MONTGOMERY,US0460,,MAYSVILLE,ST,38.07203568,-83.94752054,8.443,10/25/2023,1543,2,2,0,0,CLEAR,DRY,FALSE,REAR END IN TRAFFIC LANES BOTH VEHICLES MOVING,REAR END,STRAIGHT & LEVEL,DAYLIGHT,5,O,087-US-0460  -000
32382271,MT. STERLING POLICE DEPARTMENT,MONTGOMERY,KY0686,,INDIAN MOUND,DR,38.07104924,-83.95511359,0.463,10/25/2023,1555,2,2,0,0,CLEAR,DRY,FALSE,OTHER INTERSECTION COLLISIONS,REAR END,STRAIGHT & LEVEL,DAYLIGHT,5,O,087-KY-0686  -000
32382274,MT. STERLING POLICE DEPARTMENT,MONTGOMERY,KY0686,,INDIAN MOUND,DR,38.0578835,-83.95576924,1.347,10/26/2023,1425,2,2,0,1,CLEAR,DRY,TRUE,OTHER INTERSECTION COLLISIONS,REAR END,STRAIGHT & LEVEL,DAYLIGHT,4,C,087-KY-0686  -000
32382277,MT. STERLING POLICE DEPARTMENT,MONTGOMERY,KY0686,,INDIAN MOUND,DR,38.067341,-83.95542497,0.721,10/26/2023,1940,2,2,0,0,CLEAR,DRY,FALSE,1 VEHICLE ENTERING/LEAVING ENTRANCE,ANGLE,STRAIGHT & LEVEL,DARK-HWY LIGHTED/ON,5,O,087-KY-0686  -000
32385304,MT. STERLING POLICE DEPARTMENT,MONTGOMERY,US0460,,MAYSVILLE,ST,38.07420539,-83.94843804,8.284,4/24/2023,1203,2,2,0,0,CLEAR,DRY,FALSE,1 VEHICLE ENTERING/LEAVING ENTRANCE,ANGLE,STRAIGHT & LEVEL,DAYLIGHT,5,O,087-US-0460  -000
32388700,MT. STERLING POLICE DEPARTMENT,MONTGOMERY,,,WINGTIP,WAY,38.0756527,-83.94835277,0.099,10/27/2023,1640,2,2,0,0,RAINING,WET,FALSE,OTHER INTERSECTION COLLISIONS,REAR END,STRAIGHT & LEVEL,DAYLIGHT,5,O,087-CS-1121  -000
32402558,MT. STERLING POLICE DEPARTMENT,MONTGOMERY,KY0686,,INDIAN MOUND,DR,38.05810029,-83.95591113,1.354,10/27/2023,1739,2,2,0,0,RAINING,WET,FALSE,ANGLE COLLISION - OTHER,ANGLE,STRAIGHT & LEVEL,DAYLIGHT,5,O,087-KY-0686  -000
32402606,MT. STERLING POLICE DEPARTMENT,MONTGOMERY,US0460,,MAYSVILLE,ST,38.06297254,-83.94458761,9.082,10/27/2023,1600,2,2,0,0,RAINING,WET,FALSE,REAR END IN TRAFFIC LANES BOTH VEHICLES MOVING,REAR END,STRAIGHT & LEVEL,DAYLIGHT,5,O,087-US-0460  -000
32412488,MT. STERLING POLICE DEPARTMENT,MONTGOMERY,US0460,,MAYSVILLE,ST,38.07558977,-83.94885099,8.182,11/2/2023,1642,2,2,0,0,CLEAR,DRY,TRUE,OTHER INTERSECTION COLLISIONS,REAR END,STRAIGHT & LEVEL,DAYLIGHT,5,O,087-US-0460  -000
32424341,MT. STERLING POLICE DEPARTMENT,MONTGOMERY,US0460,,MAYSVILLE,ST,38.06276562,-83.94408596,9.096,11/2/2023,1637,2,2,0,1,CLEAR,DRY,FALSE,ANGLE COLLISION - OTHER,ANGLE,STRAIGHT & LEVEL,DAYLIGHT,3,B,087-US-0460  -000
32426288,MONTGOMERY CO. SCHOOL DIST. PD,MONTGOMERY,,724,WOODFORD,DR,38.04564639,-83.94154506,0.148,10/27/2023,830,2,1,0,0,CLEAR,DRY,FALSE,1 VEHICLE ENTERING/LEAVING ENTRANCE,ANGLE,STRAIGHT & GRADE,DAYLIGHT,5,O,087-CR-1001  -000
32434661,MONTGOMERY CTY SHERIFF DEPT,MONTGOMERY,KY3363,,SAWMILL,RD,37.92761204,-83.90947031,0.265,10/9/2023,1156,1,1,0,1,CLEAR,DRY,FALSE,RAN OFF ROADWAY (1 VEHICLE WITH/EARTH EMBANKMENT/DITCH),SINGLE VEHICLE,STRAIGHT & GRADE,DAYLIGHT,2,A,087-KY-3363  -000
32434662,MONTGOMERY CTY SHERIFF DEPT,MONTGOMERY,,,MCCORMICK,RD,37.99488459,-83.88749668,0.054,10/11/2023,545,1,1,0,0,CLEAR,DRY,FALSE,COLLISION WITH FIXED OBJECT NON - INTERSECTION - FIRST EVENT COLLISION 09 - 32 EXCLUDING 16,SINGLE VEHICLE,STRAIGHT & LEVEL,DARK-HWY NOT LIGHTED,5,O,087-CR-1123  -000
32434664,MONTGOMERY CTY SHERIFF DEPT,MONTGOMERY,,,WOODBURN,AVE,38.06843995,-83.91834106,0.031,10/13/2023,1445,2,2,0,0,CLEAR,DRY,FALSE,1 VEHICLE PARKED POSITION (NOT PARKING LOT/DRIVEWAY),BACKING,STRAIGHT & LEVEL,DAYLIGHT,5,O,087-CR-1023C -000
32434666,MONTGOMERY CTY SHERIFF DEPT,MONTGOMERY,US0460,,CAMARGO,RD,37.99728107,-83.89455533,14.589,10/14/2023,1416,2,2,0,0,CLOUDY,DRY,FALSE,REAR END IN TRAFFIC LANES BOTH VEHICLES MOVING,REAR END,STRAIGHT & LEVEL,DAYLIGHT,5,O,087-US-0460  -000
32434668,MONTGOMERY CTY SHERIFF DEPT,MONTGOMERY,US0060,1352,OWINGSVILLE,RD,38.06554799,-83.93047264,6.14,10/13/2023,100,1,1,0,0,CLEAR,DRY,TRUE,OTHER ROADWAY OR MID-BLOCK COLLISION,SINGLE VEHICLE,STRAIGHT & LEVEL,DARK-HWY LIGHTED/ON,5,O,087-US-0060  -000
32434669,MONTGOMERY CTY SHERIFF DEPT,MONTGOMERY,,,CHANDLER,LN,38.08981516,-83.89984789,0.164,10/10/2023,545,2,2,0,0,CLEAR,DRY,FALSE,SIDESWIPE COLLISION - OPPOSITE DIRECTION,SIDESWIPE-OPPOSITE DIRECTION,CURVE & HILLCREST,DARK-HWY NOT LIGHTED,5,O,087-CR-1019J -000
32434675,MONTGOMERY CTY SHERIFF DEPT,MONTGOMERY,KY0646,,KIDDVILLE,RD,37.97507002,-83.9869485,8.277,10/10/2023,1827,2,2,0,0,CLEAR,DRY,FALSE,SIDESWIPE COLLISION - OPPOSITE DIRECTION,SIDESWIPE-OPPOSITE DIRECTION,STRAIGHT & LEVEL,DAYLIGHT,5,O,087-KY-0646  -000