IncidentID,AgencyName,County,RdwyNumber,Street,RoadwayName,StreetSfx,Latitude,Longitude,Milepoint,CollisionDate,CollisionTime,UnitsInvolved,MotorVehiclesInvolved,NumberKilled,NumberInjured,Weather,RdwyConditionCode,HitandRun,DirAnalysisCode,MannerofCollision,RdwyCharacter,LightCondition,KABCO Code,KABCO,RT_UNIQUE
32574849,MT. STERLING POLICE DEPARTMENT,MONTGOMERY,,,HIGH,ST,38.0572927,-83.94385585,0.252,12/11/2023,1548,2,2,0,0,CLEAR,DRY,FALSE,ANGLE COLLISION - OTHER,ANGLE,STRAIGHT & HILLCREST,DAYLIGHT,5,O,087-CS-1052  -000
32578099,MONTGOMERY CTY SHERIFF DEPT,MONTGOMERY,,,CLARENCE,DR,38.09258706,-83.89783124,0.009,12/11/2023,1656,2,2,0,0,CLEAR,DRY,FALSE,OTHER INTERSECTION COLLISIONS,REAR END,STRAIGHT & GRADE,DAYLIGHT,5,O,087-CR-1019G -000
32581793,MT. STERLING POLICE DEPARTMENT,MONTGOMERY,,,FALCON,DR,38.07567853,-83.94847352,0.004,12/12/2023,1901,2,2,0,0,CLEAR,DRY,FALSE,ANGLE COLLISION - OTHER,ANGLE,STRAIGHT & LEVEL,DARK-HWY LIGHTED/ON,5,O,087-CS-1119  -000
32602888,MONTGOMERY CTY SHERIFF DEPT,MONTGOMERY,,,LOWER SPRUCE,RD,37.93401171,-83.8232798,1.22,12/12/2023,1339,1,1,0,1,CLEAR,DRY,FALSE,RAN OFF ROADWAY (1 VEHICLE WITH/EARTH EMBANKMENT/DITCH),SINGLE VEHICLE,STRAIGHT & GRADE,DAYLIGHT,4,C,087-CR-1114  -000
32602890,MONTGOMERY CTY SHERIFF DEPT,MONTGOMERY,US0060,,WINCHESTER,RD,38.03813835,-84.00847438,1.122,12/14/2023,1020,1,1,0,1,CLEAR,DRY,FALSE,OTHER COLLISIONS ON SHOULDER,SINGLE VEHICLE,CURVE & HILLCREST,DAYLIGHT,4,C,087-US-0060  -000
32602892,MONTGOMERY CTY SHERIFF DEPT,MONTGOMERY,,,WOODLAND,LN,38.08803608,-83.90632664,0.052,12/15/2023,1029,1,1,0,0,CLEAR,DRY,FALSE,OTHER COLLISIONS ON SHOULDER,SINGLE VEHICLE,CURVE & GRADE,DAYLIGHT,5,O,087-CS-2018  -000
32602896,MONTGOMERY CTY SHERIFF DEPT,MONTGOMERY,KY0011,,LEVEE,RD,38.01489216,-83.95013796,7.439,12/13/2023,1447,3,3,0,2,CLEAR,DRY,FALSE,OTHER INTERSECTION COLLISIONS,REAR END,STRAIGHT & LEVEL,DAYLIGHT,4,C,087-KY-0011  -000
32614367,MONTGOMERY CTY SHERIFF DEPT,MONTGOMERY,KY0686,,INDIAN MOUND,DR,38.0539468,-83.9562149,1.65,12/8/2023,900,2,2,0,0,CLEAR,DRY,FALSE,1 VEHICLE ENTERING/LEAVING ENTRANCE,ANGLE,STRAIGHT & LEVEL,DAYLIGHT,5,O,087-KY-0686  -000
32628284,MT. STERLING POLICE DEPARTMENT,MONTGOMERY,US0460,,MAYSVILLE,ST,38.07685554,-83.9493199,8.086,12/19/2023,2119,2,2,0,0,CLEAR,DRY,FALSE,1 VEHICLE ENTERING/LEAVING ENTRANCE,ANGLE,STRAIGHT & LEVEL,DARK-HWY LIGHTED/ON,5,O,087-US-0460  -000
32628285,MT. STERLING POLICE DEPARTMENT,MONTGOMERY,US0460,,MAYSVILLE,ST,38.07554371,-83.9487501,8.184,12/15/2023,1253,2,2,0,1,CLEAR,DRY,FALSE,OTHER INTERSECTION COLLISIONS,REAR END,STRAIGHT & LEVEL,DAYLIGHT,4,C,087-US-0460  -000
32628286,MT. STERLING POLICE DEPARTMENT,MONTGOMERY,US0460,,MAYSVILLE,ST,38.05848756,-83.94273179,9.412,12/21/2023,1329,3,3,0,0,CLEAR,DRY,FALSE,OTHER INTERSECTION COLLISIONS,REAR END,STRAIGHT & LEVEL,DAYLIGHT,5,O,087-US-0460  -000
32628287,MT. STERLING POLICE DEPARTMENT,MONTGOMERY,KY0686,,INDIAN MOUND,DR,38.04084645,-83.93896708,3.243,12/3/2023,1757,2,2,0,1,RAINING,WET,FALSE,ANGLE COLLISION - OTHER,ANGLE,STRAIGHT & LEVEL,DARK-HWY LIGHTED/ON,3,B,087-KY-0686  -000
32628288,MT. STERLING POLICE DEPARTMENT,MONTGOMERY,US0460,,MAYSVILLE,RD,38.07887236,-83.94961085,7.964,12/19/2023,1611,2,2,0,1,CLEAR,DRY,FALSE,OTHER ROADWAY OR MID-BLOCK COLLISION,REAR END,STRAIGHT & LEVEL,DAYLIGHT,4,C,087-US-0460  -000
32629781,MONTGOMERY CTY SHERIFF DEPT,MONTGOMERY,US0460,,MAIN,ST,37.9795106,-83.86011573,16.865,12/18/2023,1752,2,2,0,2,"SLEET, HAIL, FREEZING RAIN",ICE,FALSE,1 VEHICLE ENTERING/LEAVING ENTRANCE,ANGLE,STRAIGHT & LEVEL,DARK-HWY NOT LIGHTED,2,A,087-US-0460  -000
32635398,MT. STERLING POLICE DEPARTMENT,MONTGOMERY,US0460,,MAYSVILLE,ST,38.07555689,-83.94893457,8.191,12/24/2023,2010,2,2,0,0,CLOUDY,DRY,FALSE,OTHER ROADWAY OR MID-BLOCK COLLISION,REAR END,STRAIGHT & LEVEL,DARK-HWY LIGHTED/ON,5,O,087-US-0460  -000
32642220,MT. STERLING POLICE DEPARTMENT,MONTGOMERY,US0460,,MAYSVILLE,RD,38.07887785,-83.94948958,7.944,12/24/2023,1325,2,2,0,0,CLEAR,DRY,FALSE,SIDESWIPE COLLISION - SAME DIRECTION,SIDESWIPE-SAME DIRECTION,STRAIGHT & LEVEL,DAYLIGHT,5,O,087-US-0460  -000
32643395,MT. STERLING POLICE DEPARTMENT,MONTGOMERY,KY0686,,INDIAN MOUND,DR,38.0545493,-83.91682083,4.849,12/27/2023,1839,1,1,0,0,CLEAR,DRY,FALSE,OTHER INTERSECTION COLLISIONS,SINGLE VEHICLE,STRAIGHT & LEVEL,DARK-HWY LIGHTED/ON,5,O,087-KY-0686  -000
32644285,MONTGOMERY CTY SHERIFF DEPT,MONTGOMERY,KY0686,,INDIAN MOUND,DR,38.05433063,-83.95650938,1.621,12/22/2023,1634,2,2,0,0,CLEAR,DRY,FALSE,SIDESWIPE COLLISION - SAME DIRECTION,SIDESWIPE-SAME DIRECTION,STRAIGHT & LEVEL,DAYLIGHT,5,O,087-KY-0686  -000
32644293,MONTGOMERY CTY SHERIFF DEPT,MONTGOMERY,US0060,,OWINGSVILLE,RD,38.12149892,-83.88059783,11.309,12/13/2023,1654,3,3,0,2,CLEAR,DRY,FALSE,HEAD-ON COLLISION,HEAD ON,CURVE & GRADE,DAYLIGHT,2,A,087-US-0060  -000
32644545,MONTGOMERY CTY SHERIFF DEPT,MONTGOMERY,KY0713,,HIGH,ST,38.05803448,-83.95565832,5.805,12/22/2023,1704,2,2,0,0,CLOUDY,DRY,FALSE,REAR END IN TRAFFIC LANES BOTH VEHICLES MOVING,REAR END,STRAIGHT & LEVEL,DAYLIGHT,5,O,087-KY-0713  -000
32644549,MONTGOMERY CTY SHERIFF DEPT,MONTGOMERY,KY1991,,HINKSTON,PIKE,38.09404108,-83.92447565,2.549,12/23/2023,2157,1,1,0,0,CLEAR,DRY,FALSE,COLLISION WITH FIXED OBJECT NON - INTERSECTION - FIRST EVENT COLLISION 09 - 32 EXCLUDING 16,SINGLE VEHICLE,CURVE & GRADE,DARK-HWY NOT LIGHTED,5,O,087-KY-1991  -000
32644557,MONTGOMERY CTY SHERIFF DEPT,MONTGOMERY,KY0011,,LEVEE,RD,37.99173907,-83.9411789,5.632,12/26/2023,1608,1,1,0,0,RAINING,WET,FALSE,RAN OFF ROADWAY (1 VEHICLE WITH/EARTH EMBANKMENT/DITCH),SINGLE VEHICLE,STRAIGHT & LEVEL,DAYLIGHT,5,O,087-KY-0011  -000
32649307,MT. STERLING POLICE DEPARTMENT,MONTGOMERY,US0460,,MAYSVILLE,ST,38.07559236,-83.94884996,8.183,12/29/2023,1420,2,2,0,0,RAINING,WET,FALSE,SIDESWIPE COLLISION - SAME DIRECTION,SIDESWIPE-SAME DIRECTION,STRAIGHT & LEVEL,DAYLIGHT,5,O,087-US-0460  -000
32671593,MONTGOMERY CTY SHERIFF DEPT,MONTGOMERY,KY0011,8205,LEVEE,RD,37.93964165,-83.92846758,1.732,12/29/2023,1627,1,1,0,1,CLOUDY,WET,FALSE,RAN OFF ROADWAY (1 VEHICLE WITH/EARTH EMBANKMENT/DITCH),SINGLE VEHICLE,CURVE & LEVEL,DAYLIGHT,3,B,087-KY-0011  -000
32671595,MONTGOMERY CTY SHERIFF DEPT,MONTGOMERY,KY0713,,HIGH,ST,38.05800076,-83.95565611,5.806,12/26/2023,1624,2,2,0,0,RAINING,WET,FALSE,REAR END IN TRAFFIC LANES BOTH VEHICLES MOVING,REAR END,STRAIGHT & LEVEL,DAYLIGHT,5,O,087-KY-0713  -000
32671597,MONTGOMERY CTY SHERIFF DEPT,MONTGOMERY,,485,DOUBLE GATE,RD,37.99325458,-83.8062118,0.199,12/29/2023,824,1,1,0,0,CLOUDY,WET,FALSE,COLLISION WITH FIXED OBJECT NON - INTERSECTION - FIRST EVENT COLLISION 09 - 32 EXCLUDING 16,SINGLE VEHICLE,STRAIGHT & LEVEL,DAYLIGHT,5,O,087-CR-1106  -000
32671599,MONTGOMERY CTY SHERIFF DEPT,MONTGOMERY,US0060,,OWINGSVILLE,RD,38.08547979,-83.9000871,8.438,12/29/2023,1210,2,2,0,0,SNOWING,WET,FALSE,1 VEHICLE ENTERING/LEAVING ENTRANCE,ANGLE,STRAIGHT & GRADE,DAYLIGHT,5,O,087-US-0060  -000
32671600,MONTGOMERY CTY SHERIFF DEPT,MONTGOMERY,KY0686,,INDIAN MOUND,DR,38.05814811,-83.95586701,1.355,12/29/2023,1403,2,2,0,1,CLOUDY,WET,FALSE,1 VEHICLE ENTERING/LEAVING ENTRANCE,ANGLE,STRAIGHT & GRADE,DAYLIGHT,4,C,087-KY-0686  -000
32671601,MONTGOMERY CTY SHERIFF DEPT,MONTGOMERY,KY0011,,LEVEE,RD,38.02966414,-83.9492993,8.476,12/29/2023,1555,1,1,0,0,CLOUDY,DRY,FALSE,RAN OFF ROADWAY (1 VEHICLE WITH/EARTH EMBANKMENT/DITCH),SINGLE VEHICLE,STRAIGHT & LEVEL,DAYLIGHT,5,O,087-KY-0011  -000
32671602,MONTGOMERY CTY SHERIFF DEPT,MONTGOMERY,,,OSBORNE,RD,38.0539356,-83.90229146,0.492,12/5/2023,12,1,1,0,0,CLEAR,WET,FALSE,OTHER COLLISIONS ON SHOULDER,SINGLE VEHICLE,CURVE & GRADE,DARK-HWY NOT LIGHTED,5,O,087-CR-1006  -000
32671607,MONTGOMERY CTY SHERIFF DEPT,MONTGOMERY,KY0686,,INDIAN MOUND,DR,38.06180446,-83.95543821,1.104,12/31/2023,1920,2,2,0,0,CLEAR,DRY,FALSE,OTHER ROADWAY OR MID-BLOCK COLLISION,OPPOSING LEFT TURN,STRAIGHT & LEVEL,DARK-HWY LIGHTED/ON,5,O,087-KY-0686  -000
32671608,MONTGOMERY CTY SHERIFF DEPT,MONTGOMERY,US0460,,CAMARGO,RD,37.99404233,-83.88751223,15.055,1/2/2024,638,1,1,0,0,CLEAR,DRY,FALSE,COLLISION WITH ANIMAL IN INTERSECTION,SINGLE VEHICLE,STRAIGHT & LEVEL,DARK-HWY LIGHTED/ON,5,O,087-US-0460  -000
32681460,MONTGOMERY CTY SHERIFF DEPT,MONTGOMERY,,705,LORENE,CIR,38.06476451,-83.95320909,0.124,12/24/2023,1240,2,1,0,0,CLEAR,DRY,FALSE,1 VEHICLE PARKED POSITION (NOT PARKING LOT/DRIVEWAY),BACKING,CURVE & LEVEL,DAYLIGHT,5,O,087-CR-1309C -000
32704801,MONTGOMERY CTY SHERIFF DEPT,MONTGOMERY,,,FOX,RD,37.98198851,-83.9058509,1.49,1/8/2024,1635,2,2,0,0,CLOUDY,DRY,FALSE,SIDESWIPE COLLISION - OPPOSITE DIRECTION,SIDESWIPE-OPPOSITE DIRECTION,CURVE & LEVEL,DAYLIGHT,5,O,087-CR-1209  -000
32704804,MONTGOMERY CTY SHERIFF DEPT,MONTGOMERY,KY0011,,LEVEE,RD,37.94423487,-83.92938892,2.052,1/8/2024,905,2,2,0,1,CLOUDY,ICE,FALSE,REAR END IN TRAFFIC LANES BOTH VEHICLES MOVING,REAR END,STRAIGHT & LEVEL,DAYLIGHT,4,C,087-KY-0011  -000
32708981,MONTGOMERY CTY SHERIFF DEPT,MONTGOMERY,US0460,,CAMARGO,RD,38.00521387,-83.903114,13.838,1/9/2024,1732,4,4,0,2,SEVERE CROSSWINDS,WET,FALSE,OTHER INTERSECTION COLLISIONS,REAR END,STRAIGHT & LEVEL,DARK-HWY NOT LIGHTED,3,B,087-US-0460  -000
32711087,MT. STERLING POLICE DEPARTMENT,MONTGOMERY,US0060,,MAIN,ST,38.05588332,-83.94436344,4.999,1/3/2024,1845,2,2,0,0,CLEAR,DRY,FALSE,1 VEHICLE PARKED POSITION (NOT PARKING LOT/DRIVEWAY),REAR END,STRAIGHT & LEVEL,DARK-HWY LIGHTED/ON,5,O,087-US-0060  -000
32711089,MT. STERLING POLICE DEPARTMENT,MONTGOMERY,KY0686,,INDIAN MOUND,DR,38.07406384,-83.94839855,0.005,12/21/2023,1818,2,2,0,0,CLEAR,DRY,FALSE,OTHER COLLISIONS ON SHOULDER,ANGLE,STRAIGHT & LEVEL,DARK-HWY LIGHTED/ON,5,O,087-KY-0686  -000
32722660,MT. STERLING POLICE DEPARTMENT,MONTGOMERY,,,WILSON,ALY,38.05673356,-83.94068981,0.082,1/12/2024,2342,1,1,0,0,CLOUDY,DRY,FALSE,COLLISION WITH FIXED OBJECT NON - INTERSECTION - FIRST EVENT COLLISION 09 - 32 EXCLUDING 16,SINGLE VEHICLE,STRAIGHT & LEVEL,DARK-HWY LIGHTED/ON,5,O,087-CS-1088  -000
32728940,MONTGOMERY CTY SHERIFF DEPT,MONTGOMERY,KY0011,,LEVEE,RD,37.99221927,-83.94114667,5.666,1/11/2024,830,1,1,0,0,CLOUDY,DRY,FALSE,OTHER COLLISIONS ON SHOULDER,SINGLE VEHICLE,STRAIGHT & LEVEL,DAYLIGHT,5,O,087-KY-0011  -000
32728941,MONTGOMERY CTY SHERIFF DEPT,MONTGOMERY,,3034,ESTES,CT,37.99491747,-83.88248378,0.179,1/12/2024,1940,1,1,0,0,CLEAR,DRY,FALSE,COLLISION WITH FIXED OBJECT NON - INTERSECTION - FIRST EVENT COLLISION 09 - 32 EXCLUDING 16,SINGLE VEHICLE,STRAIGHT & LEVEL,DARK-HWY NOT LIGHTED,5,O,087-CS-2001  -000
32728943,MONTGOMERY CTY SHERIFF DEPT,MONTGOMERY,KY0011,2122,LEVEE,RD,38.02205065,-83.94888022,7.944,1/13/2024,127,1,1,0,0,SEVERE CROSSWINDS,WET,FALSE,OTHER ROADWAY OR MID-BLOCK COLLISION,SINGLE VEHICLE,STRAIGHT & LEVEL,DARK-HWY NOT LIGHTED,5,O,087-KY-0011  -000
32729104,MONTGOMERY CTY SHERIFF DEPT,MONTGOMERY,,200,WELCH,RD,37.9607976,-83.88419172,1.725,1/13/2024,715,1,1,0,0,SEVERE CROSSWINDS,DRY,FALSE,RAN OFF ROADWAY (1 VEHICLE WITH/EARTH EMBANKMENT/DITCH),SINGLE VEHICLE,STRAIGHT & LEVEL,DARK-HWY NOT LIGHTED,5,O,087-CR-1117  -000
32730051,MT. STERLING POLICE DEPARTMENT,MONTGOMERY,,522,GARDEN SPRINGS,DR,38.068656,-83.943128,0.144,1/13/2024,2328,2,2,0,0,CLOUDY,DRY,TRUE,1 VEHICLE PARKED POSITION (NOT PARKING LOT/DRIVEWAY),SIDESWIPE-SAME DIRECTION,STRAIGHT & LEVEL,DARK-HWY LIGHTED/ON,5,O,087-CS-1107  -000
32730053,MT. STERLING POLICE DEPARTMENT,MONTGOMERY,US0060,,MAIN,ST,38.05602355,-83.94321947,5.044,1/12/2024,1624,2,2,0,0,CLOUDY,DRY,FALSE,COLLISION WITH FIXED OBJECT IN INTERSECTION - FIRST EVENT COLLISION 09 - 32,ANGLE,STRAIGHT & LEVEL,DAYLIGHT,5,O,087-US-0060  -000
32730054,MT. STERLING POLICE DEPARTMENT,MONTGOMERY,US0460,,MAYSVILLE,ST,38.0756252,-83.94879957,8.186,1/9/2023,1815,2,2,0,0,RAINING,WET,FALSE,ANGLE COLLISION - OTHER,ANGLE,STRAIGHT & LEVEL,DARK-HWY LIGHTED/ON,5,O,087-US-0460  -000
32733147,MT. STERLING POLICE DEPARTMENT,MONTGOMERY,KY0686,,INDIAN MOUND,DR,38.05511708,-83.95639045,1.567,11/22/2023,1218,2,2,0,0,CLOUDY,DRY,FALSE,REAR END IN TRAFFIC LANES BOTH VEHICLES MOVING,REAR END,STRAIGHT & LEVEL,DAYLIGHT,5,O,087-KY-0686  -000
32733148,MT. STERLING POLICE DEPARTMENT,MONTGOMERY,,,RICHMOND,AVE,38.04812,-83.94839084,0.467,12/2/2023,1004,2,2,0,0,CLOUDY,DRY,FALSE,ANGLE COLLISION - OTHER,ANGLE,STRAIGHT & LEVEL,DAYLIGHT,5,O,087-CS-1024  -000
32733150,MT. STERLING POLICE DEPARTMENT,MONTGOMERY,,326,QUEEN,ST,38.0516709,-83.93726331,0.303,1/15/2024,615,1,1,0,1,SNOWING,SNOW/SLUSH,FALSE,COLLISION WITH FIXED OBJECT NON - INTERSECTION - FIRST EVENT COLLISION 09 - 32 EXCLUDING 16,SINGLE VEHICLE,STRAIGHT & GRADE,DARK-HWY NOT LIGHTED,4,C,087-CS-1080  -000
32737170,MT. STERLING POLICE DEPARTMENT,MONTGOMERY,KY0686,,INDIAN MOUND,DR,38.0618777,-83.95550542,1.099,1/6/2024,1752,2,2,0,5,RAINING,WET,FALSE,1 VEHICLE ENTERING/LEAVING ENTRANCE,ANGLE,STRAIGHT & LEVEL,DARK-HWY LIGHTED/ON,3,B,087-KY-0686  -000
32737171,MT. STERLING POLICE DEPARTMENT,MONTGOMERY,US0460,,MAYSVILLE,ST,38.07558196,-83.94869186,8.18,1/1/2024,1600,2,2,0,0,CLEAR,DRY,FALSE,1 VEHICLE ENTERING/LEAVING ENTRANCE,ANGLE,STRAIGHT & LEVEL,DAYLIGHT,5,O,087-US-0460  -000
32737172,MT. STERLING POLICE DEPARTMENT,MONTGOMERY,US0460,,MAYSVILLE,RD,38.07888557,-83.94948626,7.944,1/12/2024,1623,2,2,0,0,RAINING,WET,FALSE,OTHER ROADWAY OR MID-BLOCK COLLISION,REAR END,STRAIGHT & LEVEL,DAYLIGHT,5,O,087-US-0460  -000
32741713,MT. STERLING POLICE DEPARTMENT,MONTGOMERY,,,QUEEN,ST,38.05393838,-83.93805152,0.141,1/17/2024,1450,1,1,0,0,CLEAR,SNOW/SLUSH,FALSE,COLLISION WITH FIXED OBJECT NON - INTERSECTION - FIRST EVENT COLLISION 09 - 32 EXCLUDING 16,SINGLE VEHICLE,STRAIGHT & HILLCREST,DAYLIGHT,5,O,087-CS-1080  -000
32741714,MT. STERLING POLICE DEPARTMENT,MONTGOMERY,KY0686,,INDIAN MOUND,DR,38.0408932,-83.93894907,3.254,1/16/2024,1810,2,2,0,0,CLOUDY,WET,FALSE,ANGLE COLLISION - OTHER,ANGLE,STRAIGHT & LEVEL,DARK-HWY LIGHTED/ON,5,O,087-KY-0686  -000
32748106,MT. STERLING POLICE DEPARTMENT,MONTGOMERY,,,WINGTIP,WAY,38.07419137,-83.94795845,0.002,1/20/2024,304,2,2,0,0,SNOWING,SNOW/SLUSH,FALSE,REAR END IN TRAFFIC LANES BOTH VEHICLES MOVING,REAR END,STRAIGHT & LEVEL,DARK-HWY LIGHTED/ON,5,O,087-CS-1121  -000
32761965,MONTGOMERY CTY SHERIFF DEPT,MONTGOMERY,KY0213,,BEDFORD,RD,37.99788863,-83.83736604,7.062,1/15/2024,1801,1,1,0,1,SNOWING,SNOW/SLUSH,FALSE,RAN OFF ROADWAY (1 VEHICLE WITH/EARTH EMBANKMENT/DITCH),SINGLE VEHICLE,CURVE & LEVEL,DARK-HWY NOT LIGHTED,3,B,087-KY-0213  -000
32761972,MONTGOMERY CTY SHERIFF DEPT,MONTGOMERY,,,PREWITT,PIKE,38.04500855,-83.97583692,0.307,1/9/2024,1748,1,1,0,0,RAINING,WET,FALSE,RAN OFF ROADWAY (1 VEHICLE WITH/EARTH EMBANKMENT/DITCH),SINGLE VEHICLE,STRAIGHT & GRADE,DARK-HWY NOT LIGHTED,5,O,087-KY-0713  -000
32761973,MONTGOMERY CTY SHERIFF DEPT,MONTGOMERY,,75,WARE CHAPEL,RD,37.94585526,-83.87642471,0.101,1/14/2024,117,2,2,0,0,CLEAR,GRAVEL,FALSE,1 VEHICLE PARKED POSITION (NOT PARKING LOT/DRIVEWAY),REAR END,STRAIGHT & GRADE,DARK (UNKNOWN ROADWAY LIGHTING),5,O,087-CR-1116  -000
32761974,MONTGOMERY CTY SHERIFF DEPT,MONTGOMERY,KY0011,,LEVEE,RD,37.97968917,-83.93951747,4.761,1/10/2024,1659,3,3,0,0,CLEAR,DRY,FALSE,HEAD-ON COLLISION,HEAD ON,STRAIGHT & LEVEL,DAYLIGHT,5,O,087-KY-0011  -000
32761975,MONTGOMERY CTY SHERIFF DEPT,MONTGOMERY,US0060,,WINCHESTER,RD,38.03854853,-84.00732347,1.194,1/11/2024,1632,2,2,0,1,CLEAR,DRY,FALSE,SIDESWIPE COLLISION - OPPOSITE DIRECTION,SIDESWIPE-OPPOSITE DIRECTION,STRAIGHT & LEVEL,DAYLIGHT,3,B,087-US-0060  -000
32761978,MONTGOMERY CTY SHERIFF DEPT,MONTGOMERY,US0460,,MAIN,ST,37.98362371,-83.87111113,16.199,1/17/2024,1821,1,1,0,0,CLOUDY,DRY,FALSE,COLLISION WITH ANIMAL NON INTERSECTION,SINGLE VEHICLE,STRAIGHT & LEVEL,DARK-HWY NOT LIGHTED,5,O,087-US-0460  -000
32761993,MONTGOMERY CTY SHERIFF DEPT,MONTGOMERY,,7020,OLD NEST EGG,RD,37.95257147,-83.96710293,0.543,1/16/2024,705,1,1,0,0,SNOWING,ICE,FALSE,OTHER ROADWAY OR MID-BLOCK COLLISION,SINGLE VEHICLE,CURVE & HILLCREST,DAYLIGHT,5,O,087-CR-1232  -000
32761995,MONTGOMERY CTY SHERIFF DEPT,MONTGOMERY,,,OLD OWINGSVILLE,RD,38.08166962,-83.90185055,0.001,1/15/2024,1440,2,2,0,0,CLOUDY,WET,FALSE,OPPOSING LEFT TURN,OPPOSING LEFT TURN,STRAIGHT & LEVEL,DAYLIGHT,5,O,087-KY-1331  -000
32762004,MONTGOMERY CTY SHERIFF DEPT,MONTGOMERY,KY0686,,INDIAN MOUND,DR,38.06547109,-83.95524265,0.851,1/17/2024,1213,2,2,0,0,CLEAR,DRY,FALSE,SIDESWIPE-SAME DIRECTION,SIDESWIPE-SAME DIRECTION,STRAIGHT & LEVEL,DAYLIGHT,5,O,087-KY-0686  -000
32762013,MONTGOMERY CTY SHERIFF DEPT,MONTGOMERY,KY0646,,NEST EGG,RD,37.96118837,-83.96304896,6.28,1/24/2024,941,1,1,0,1,RAINING,WET,FALSE,RAN OFF ROADWAY (1 VEHICLE WITH/EARTH EMBANKMENT/DITCH),SINGLE VEHICLE,STRAIGHT & LEVEL,DAYLIGHT,4,C,087-KY-0646  -000
32762014,MONTGOMERY CTY SHERIFF DEPT,MONTGOMERY,KY0646,,WILLOUGHBY TOWN,RD,37.94345004,-83.86533731,0.068,1/22/2024,1818,1,1,0,1,CLEAR,WET,FALSE,COLLISION WITH FIXED OBJECT IN INTERSECTION - FIRST EVENT COLLISION 09 - 32,SINGLE VEHICLE,CURVE & HILLCREST,DARK-HWY NOT LIGHTED,2,A,087-KY-0646  -000
32762355,MT. STERLING POLICE DEPARTMENT,MONTGOMERY,KY0686,,INDIAN MOUND,DR,38.04216946,-83.93421233,3.519,1/20/2024,1638,2,2,0,0,CLEAR,DRY,FALSE,OTHER INTERSECTION COLLISIONS,REAR END,STRAIGHT & LEVEL,DAYLIGHT,5,O,087-KY-0686  -000
32779217,MT. STERLING POLICE DEPARTMENT,MONTGOMERY,,117,HIGH,ST,38.05698812,-83.94499027,0.146,1/8/2024,1350,2,2,0,0,CLEAR,DRY,FALSE,1 VEHICLE PARKED POSITION (NOT PARKING LOT/DRIVEWAY),BACKING,STRAIGHT & LEVEL,DAYLIGHT,5,O,087-CS-1052  -000
32779225,MT. STERLING POLICE DEPARTMENT,MONTGOMERY,,,EVANS,AVE,38.07544677,-83.95004454,0.088,1/25/2024,1220,2,2,0,0,RAINING,WET,FALSE,ANGLE COLLISION - OTHER,ANGLE,STRAIGHT & LEVEL,DAYLIGHT,5,O,087-CS-1116  -000
32779472,MONTGOMERY CTY SHERIFF DEPT,MONTGOMERY,KY0011,,MAYSVILLE,RD,38.15712305,-83.95728201,14.968,1/25/2024,802,1,1,0,0,RAINING,WET,FALSE,COLLISION WITH ANIMAL NON INTERSECTION,SINGLE VEHICLE,STRAIGHT & GRADE,DAWN,5,O,087-KY-0011  -000
32779474,MONTGOMERY CTY SHERIFF DEPT,MONTGOMERY,KY0686,,INDIAN MOUND,DR,38.04216621,-83.93430359,3.501,1/25/2024,1105,2,2,0,0,RAINING,WET,FALSE,ANGLE COLLISION - OTHER,ANGLE,STRAIGHT & LEVEL,DAYLIGHT,5,O,087-KY-0686  -000
32802698,MT. STERLING POLICE DEPARTMENT,MONTGOMERY,,,WINGTIP,WAY,38.07508775,-83.94841308,0.067,1/30/2024,1315,2,2,0,0,RAINING,WET,FALSE,1 VEHICLE ENTERING/LEAVING ENTRANCE,ANGLE,STRAIGHT & LEVEL,DAYLIGHT,5,O,087-CS-1121  -000
32812145,"KY STATE POLICE, POST 08",MONTGOMERY,US0060,,WINCHESTER,RD,38.03560244,-84.01305066,0.803,2/4/2024,600,1,1,0,0,CLEAR,DRY,FALSE,COLLISION WITH ANIMAL NON INTERSECTION,SINGLE VEHICLE,STRAIGHT & LEVEL,DARK-HWY NOT LIGHTED,5,O,087-US-0060  -000
32818709,MONTGOMERY CTY SHERIFF DEPT,MONTGOMERY,US0060,,WINCHESTER,RD,38.03332848,-84.02022446,0.383,1/16/2024,1827,2,2,0,0,CLOUDY,DRY,FALSE,SIDESWIPE COLLISION - OPPOSITE DIRECTION,SIDESWIPE-OPPOSITE DIRECTION,STRAIGHT & LEVEL,DARK-HWY NOT LIGHTED,5,O,087-US-0060  -000
32818712,MONTGOMERY CTY SHERIFF DEPT,MONTGOMERY,KY0646,,NEST EGG,RD,37.96039555,-83.96535708,6.447,1/26/2024,2114,2,2,0,0,CLOUDY,DRY,TRUE,OPPOSITE DIRECTION - BOTH VEHICLES GOING STRAIGHT AHEAD,SIDESWIPE-OPPOSITE DIRECTION,STRAIGHT & LEVEL,DARK-HWY NOT LIGHTED,5,O,087-KY-0646  -000
32818721,MONTGOMERY CTY SHERIFF DEPT,MONTGOMERY,,,TAPP,LN,38.03972545,-83.80026656,0.968,2/1/2024,1956,1,1,0,1,CLEAR,DRY,FALSE,RAN OFF ROADWAY (1 VEHICLE WITH/EARTH EMBANKMENT/DITCH),SINGLE VEHICLE,CURVE & LEVEL,DARK-HWY NOT LIGHTED,4,C,087-CR-1102  -000