IncidentID,AgencyName,County,RdwyNumber,Street,RoadwayName,StreetSfx,Latitude,Longitude,Milepoint,CollisionDate,CollisionTime,UnitsInvolved,MotorVehiclesInvolved,NumberKilled,NumberInjured,Weather,RdwyConditionCode,HitandRun,DirAnalysisCode,MannerofCollision,RdwyCharacter,LightCondition,KABCO Code,KABCO,RT_UNIQUE
33044277,MONTGOMERY CTY SHERIFF DEPT,MONTGOMERY,,,DONALDSON,RD,38.08865495,-84.04552258,1.571,3/20/2024,1356,2,2,0,0,CLEAR,DRY,FALSE,SIDESWIPE COLLISION - OPPOSITE DIRECTION,SIDESWIPE-OPPOSITE DIRECTION,STRAIGHT & HILLCREST,DAYLIGHT,5,O,087-CR-1322  -000
33044294,MONTGOMERY CTY SHERIFF DEPT,MONTGOMERY,KY0011,3758,LEVEE,RD,38.006127,-83.94477018,6.697,3/24/2024,1538,2,2,0,1,CLEAR,DRY,FALSE,1 VEHICLE ENTERING/LEAVING ENTRANCE,ANGLE,STRAIGHT & LEVEL,DAYLIGHT,3,B,087-KY-0011  -000
33044299,MONTGOMERY CTY SHERIFF DEPT,MONTGOMERY,,,FOGG,PIKE,38.04135495,-83.95114436,0.176,3/26/2024,708,2,2,0,0,RAINING,WET,FALSE,ANGLE COLLISION - ONE VEHICLE TURNING RIGHT,ANGLE,STRAIGHT & HILLCREST,DAWN,5,O,087-CR-1227  -000
33044310,MONTGOMERY CTY SHERIFF DEPT,MONTGOMERY,,,SHADELAWN,DR,38.04078445,-83.96061094,0.058,3/27/2024,521,2,2,0,1,CLEAR,DRY,FALSE,1 VEHICLE PARKED POSITION (NOT PARKING LOT/DRIVEWAY),HEAD ON,STRAIGHT & LEVEL,DARK (UNKNOWN ROADWAY LIGHTING),4,C,087-CR-1242G -000
33044459,MONTGOMERY CTY SHERIFF DEPT,MONTGOMERY,US0060,,OWINGSVILLE,RD,38.0747828,-83.91877486,7.181,3/25/2024,1443,2,2,0,0,CLEAR,DRY,FALSE,ANGLE COLLISION - OTHER,ANGLE,STRAIGHT & LEVEL,DAYLIGHT,5,O,087-US-0060  -000
33044460,MONTGOMERY CTY SHERIFF DEPT,MONTGOMERY,KY0686,,INDIAN MOUND,DR,38.05815729,-83.95607381,1.357,3/28/2024,750,2,2,0,0,CLEAR,DRY,FALSE,OTHER INTERSECTION COLLISIONS,REAR END,STRAIGHT & LEVEL,DAYLIGHT,5,O,087-KY-0686  -000
33044462,MONTGOMERY CTY SHERIFF DEPT,MONTGOMERY,KY0686,,INDIAN MOUND,DR,38.07352995,-83.91796041,6.217,3/28/2024,1148,2,2,0,0,CLEAR,DRY,FALSE,1 VEHICLE ENTERING/LEAVING ENTRANCE,ANGLE,STRAIGHT & GRADE,DAYLIGHT,5,O,087-KY-0686  -000
33044463,MONTGOMERY CTY SHERIFF DEPT,MONTGOMERY,KY0646,,NEST EGG,RD,37.96417986,-83.95099636,5.521,3/28/2024,1032,2,2,0,0,CLEAR,DRY,TRUE,SIDESWIPE COLLISION - OPPOSITE DIRECTION,SIDESWIPE-OPPOSITE DIRECTION,STRAIGHT & LEVEL,DAYLIGHT,5,O,087-KY-0646  -000
33046251,MT. STERLING POLICE DEPARTMENT,MONTGOMERY,KY0686,,INDIAN MOUND,DR,38.06737741,-83.95542462,0.718,3/27/2024,1553,2,2,0,0,CLEAR,DRY,FALSE,OTHER INTERSECTION COLLISIONS,REAR END,STRAIGHT & LEVEL,DAYLIGHT,5,O,087-KY-0686  -000
33049159,MT. STERLING POLICE DEPARTMENT,MONTGOMERY,,510,SPRING,ST,38.05143296,-83.95439857,0.122,3/29/2024,2114,2,2,0,0,CLEAR,DRY,FALSE,1 VEHICLE PARKED POSITION (NOT PARKING LOT/DRIVEWAY),REAR END,STRAIGHT & LEVEL,DARK-HWY LIGHTED/ON,5,O,087-CR-1042  -000
33052044,MT. STERLING POLICE DEPARTMENT,MONTGOMERY,,,WHITLEDGE,HTS,38.04631608,-83.95137579,0.111,3/29/2024,700,2,2,0,0,CLEAR,DRY,FALSE,1 VEHICLE PARKED POSITION (NOT PARKING LOT/DRIVEWAY),SIDESWIPE-SAME DIRECTION,STRAIGHT & LEVEL,DAWN,5,O,087-CS-1033  -000
33052479,MT. STERLING POLICE DEPARTMENT,MONTGOMERY,US0060,,MAIN,ST,38.05447637,-83.9506824,4.623,3/31/2024,1537,1,1,0,0,CLEAR,DRY,FALSE,OTHER ROADWAY OR MID-BLOCK COLLISION,SINGLE VEHICLE,STRAIGHT & LEVEL,DAYLIGHT,5,O,087-US-0060  -000
33052481,MT. STERLING POLICE DEPARTMENT,MONTGOMERY,KY1991,,HINKSTON,PIKE,38.08322625,-83.92594716,1.759,3/31/2024,2115,1,1,0,1,CLEAR,DRY,FALSE,RAN OFF ROADWAY (1 VEHICLE WITH/EARTH EMBANKMENT/DITCH),SINGLE VEHICLE,STRAIGHT & LEVEL,DARK-HWY NOT LIGHTED,4,C,087-KY-1991  -000
33055233,MONTGOMERY CTY SHERIFF DEPT,MONTGOMERY,,,QUISENBERRY,RD,38.10254012,-83.88634388,0.652,3/29/2024,834,2,2,0,0,CLEAR,DRY,TRUE,SIDESWIPE COLLISION - OPPOSITE DIRECTION,SIDESWIPE-OPPOSITE DIRECTION,STRAIGHT & LEVEL,DAYLIGHT,5,O,087-CR-1011  -000
33064395,MT. STERLING POLICE DEPARTMENT,MONTGOMERY,,128,MADISON,SPGS,38.04977412,-83.95383279,0.113,3/28/2024,1838,2,2,0,0,CLEAR,DRY,TRUE,1 VEHICLE PARKED POSITION (NOT PARKING LOT/DRIVEWAY),SIDESWIPE-SAME DIRECTION,STRAIGHT & GRADE,DAYLIGHT,5,O,087-CS-1150  -000
33064396,MT. STERLING POLICE DEPARTMENT,MONTGOMERY,US0460,,MAYSVILLE,ST,38.07261974,-83.94776714,8.404,3/28/2024,1648,2,2,0,0,CLEAR,DRY,FALSE,OPPOSING LEFT TURN,OPPOSING LEFT TURN,STRAIGHT & LEVEL,DAYLIGHT,5,O,087-US-0460  -000
33069512,MONTGOMERY CTY SHERIFF DEPT,MONTGOMERY,US0460,2600,PARIS,RD,38.09947382,-84.00334382,4.171,3/31/2024,2058,1,1,2,0,CLEAR,DRY,FALSE,RAN OFF ROADWAY (1 VEHICLE WITH/EARTH EMBANKMENT/DITCH),SINGLE VEHICLE,CURVE & LEVEL,DARK-HWY NOT LIGHTED,1,K,087-US-0460  -000
33069514,MONTGOMERY CTY SHERIFF DEPT,MONTGOMERY,KY0713,,SPENCER,PIKE,38.03051379,-83.86707679,11.17,4/2/2024,638,1,1,0,0,CLEAR,DRY,FALSE,OTHER COLLISIONS ON SHOULDER,SINGLE VEHICLE,CURVE & LEVEL,DAWN,5,O,087-KY-0713  -000
33070020,MT. STERLING POLICE DEPARTMENT,MONTGOMERY,,509,GARDEN SPRINGS,DR,38.06761499,-83.9424526,0.064,4/2/2024,1300,1,1,0,0,RAINING,WET,TRUE,COLLISION WITH FIXED OBJECT NON - INTERSECTION - FIRST EVENT COLLISION 09 - 32 EXCLUDING 16,SINGLE VEHICLE,STRAIGHT & GRADE,DAYLIGHT,5,O,087-CS-1107  -000
33089232,MONTGOMERY CTY SHERIFF DEPT,MONTGOMERY,KY0646,,NEST EGG,RD,37.96033065,-83.97807814,7.171,3/31/2024,1631,2,2,0,0,CLEAR,DRY,FALSE,SIDESWIPE COLLISION - OPPOSITE DIRECTION,SIDESWIPE-OPPOSITE DIRECTION,CURVE & LEVEL,DAYLIGHT,5,O,087-KY-0646  -000
33089243,MONTGOMERY CTY SHERIFF DEPT,MONTGOMERY,KY0011,,LEVEE,RD,37.98704876,-83.94046805,5.292,4/6/2024,754,1,1,0,0,CLEAR,WET,FALSE,OTHER ROADWAY OR MID-BLOCK COLLISION,SINGLE VEHICLE,STRAIGHT & LEVEL,DAYLIGHT,5,O,087-KY-0011  -000
33089246,MONTGOMERY CTY SHERIFF DEPT,MONTGOMERY,,,SCIENCE RIDGE,RD,37.97614327,-83.81630399,0.65,4/7/2024,1651,2,2,0,0,CLEAR,DRY,FALSE,SIDESWIPE COLLISION - OPPOSITE DIRECTION,SIDESWIPE-OPPOSITE DIRECTION,CURVE & GRADE,DAYLIGHT,5,O,087-CR-1107  -000
33098014,MONTGOMERY CTY SHERIFF DEPT,MONTGOMERY,US0060,,OWINGSVILLE,RD,38.08523328,-83.89990344,8.426,3/20/2024,2117,2,2,0,0,CLEAR,DRY,FALSE,SIDESWIPE COLLISION - SAME DIRECTION,SIDESWIPE-SAME DIRECTION,STRAIGHT & GRADE,DARK-HWY NOT LIGHTED,5,O,087-US-0060  -000
33099603,MT. STERLING POLICE DEPARTMENT,MONTGOMERY,KY0686,,INDIAN MOUND,DR,38.07393427,-83.94842209,0.013,4/10/2024,1506,2,2,0,0,CLOUDY,DRY,FALSE,OTHER INTERSECTION COLLISIONS,REAR END,STRAIGHT & LEVEL,DAYLIGHT,5,O,087-KY-0686  -000
33099604,MT. STERLING POLICE DEPARTMENT,MONTGOMERY,KY0686,,INDIAN MOUND,DR,38.0616291,-83.95549092,1.115,4/11/2024,1604,2,2,0,0,RAINING,WET,FALSE,OTHER ROADWAY OR MID-BLOCK COLLISION,REAR END,STRAIGHT & LEVEL,DAYLIGHT,5,O,087-KY-0686  -000
33103435,MT. STERLING POLICE DEPARTMENT,MONTGOMERY,,,EVANS,AVE,38.07546236,-83.94961213,0.065,4/11/2024,1625,2,2,0,0,CLOUDY,WET,FALSE,1 VEHICLE ENTERING/LEAVING ENTRANCE,ANGLE,STRAIGHT & LEVEL,DAYLIGHT,5,O,087-CS-1116  -000
33103437,MT. STERLING POLICE DEPARTMENT,MONTGOMERY,KY0686,,INDIAN MOUND,DR,38.07359529,-83.95125204,0.169,4/8/2024,945,2,2,0,0,CLEAR,DRY,FALSE,SIDESWIPE-SAME DIRECTION,SIDESWIPE-SAME DIRECTION,STRAIGHT & LEVEL,DAYLIGHT,5,O,087-KY-0686  -000
33115040,MT. STERLING POLICE DEPARTMENT,MONTGOMERY,US0460,,MAYSVILLE,ST,38.06268668,-83.94429894,9.107,3/19/2024,1514,2,2,0,0,CLEAR,DRY,FALSE,REAR END - ONE VEHICLE TURNING RIGHT,REAR END,STRAIGHT & LEVEL,DAYLIGHT,5,O,087-US-0460  -000
33121370,MT. STERLING POLICE DEPARTMENT,MONTGOMERY,,,CULPEPPER,DR,38.07067088,-83.94692639,0.002,4/16/2024,1606,2,2,0,0,CLEAR,DRY,FALSE,OTHER INTERSECTION COLLISIONS,REAR END,STRAIGHT & LEVEL,DAYLIGHT,5,O,087-CS-1103  -000
33128794,MT. STERLING POLICE DEPARTMENT,MONTGOMERY,KY0686,,INDIAN MOUND,DR,38.04082031,-83.93893229,3.24,4/15/2024,522,2,2,0,0,CLEAR,DRY,FALSE,ANGLE COLLISION - OTHER,ANGLE,STRAIGHT & HILLCREST,DARK-HWY LIGHTED/ON,5,O,087-KY-0686  -000
33138004,MT. STERLING POLICE DEPARTMENT,MONTGOMERY,,744,COBBLER,LN,38.03924037,-83.93946533,0.037,4/12/2024,830,2,2,0,0,CLEAR,DRY,FALSE,1 VEHICLE ENTERING OR LEAVING PARKED POSITION (NOT PARKING LOT),BACKING,STRAIGHT & GRADE,DAYLIGHT,5,O,087-CS-1161  -000
33155325,MT. STERLING POLICE DEPARTMENT,MONTGOMERY,KY0011,,MAYSVILLE,RD,38.0902326,-83.94992502,10.15,4/22/2024,1724,1,1,0,0,CLEAR,DRY,TRUE,OTHER INTERSECTION COLLISIONS,SINGLE VEHICLE,STRAIGHT & GRADE,DAYLIGHT,5,O,087-KY-0011  -000
33158645,"KY STATE POLICE, POST 08",MONTGOMERY,KY0686,,INDIAN MOUND,DR,38.05891194,-83.91441603,5.179,4/25/2024,810,2,2,0,0,CLEAR,DRY,FALSE,SIDESWIPE COLLISION - OPPOSITE DIRECTION,SIDESWIPE-OPPOSITE DIRECTION,CURVE & LEVEL,DAYLIGHT,5,O,087-KY-0686  -000
33163271,MONTGOMERY CTY SHERIFF DEPT,MONTGOMERY,KY0011,3232,LEVEE,RD,38.01154439,-83.95061766,7.207,4/11/2024,1212,2,2,0,0,RAINING,WET,FALSE,SIDESWIPE COLLISION - OPPOSITE DIRECTION,SIDESWIPE-OPPOSITE DIRECTION,CURVE & HILLCREST,DAYLIGHT,5,O,087-KY-0011  -000
33163277,MONTGOMERY CTY SHERIFF DEPT,MONTGOMERY,,,HOLLOW CREEK,DR,38.05309155,-83.96354157,0.009,4/10/2024,1558,2,2,0,0,RAINING,WET,FALSE,REAR END IN TRAFFIC LANES BOTH VEHICLES MOVING,REAR END,STRAIGHT & GRADE,DAYLIGHT,5,O,087-CR-1306K -000
33163279,MONTGOMERY CTY SHERIFF DEPT,MONTGOMERY,KY0646,700,NEST EGG,RD,37.96474817,-83.94891747,5.391,4/11/2024,810,1,1,0,1,RAINING,WET,FALSE,OTHER COLLISIONS ON SHOULDER,SINGLE VEHICLE,STRAIGHT & LEVEL,DAYLIGHT,4,C,087-KY-0646  -000
33163283,MONTGOMERY CTY SHERIFF DEPT,MONTGOMERY,,,MCCORMICK,RD,37.9965776,-83.88709341,0.173,4/10/2024,645,2,2,0,0,RAINING,WET,FALSE,VEHICLE BACKING NON INTERSECTION,BACKING,STRAIGHT & LEVEL,DARK-HWY NOT LIGHTED,5,O,087-CR-1123  -000
33163284,MONTGOMERY CTY SHERIFF DEPT,MONTGOMERY,US0460,,CAMARGO,RD,38.00066807,-83.89870541,14.249,4/12/2024,1238,2,2,0,0,RAINING,WET,FALSE,1 VEHICLE ENTERING/LEAVING ENTRANCE,ANGLE,STRAIGHT & LEVEL,DAYLIGHT,5,O,087-US-0460  -000
33163286,MONTGOMERY CTY SHERIFF DEPT,MONTGOMERY,KY0011,,LEVEE,RD,37.97022359,-83.93618882,3.999,4/13/2024,45,1,1,0,1,FOG WITH RAIN,WET,FALSE,RAN OFF ROADWAY (1 VEHICLE WITH/EARTH EMBANKMENT/DITCH),SINGLE VEHICLE,STRAIGHT & LEVEL,DARK-HWY NOT LIGHTED,3,B,087-KY-0011  -000
33163294,MONTGOMERY CTY SHERIFF DEPT,MONTGOMERY,KY0011,,LEVEE,RD,38.03645201,-83.94998264,8.924,4/14/2024,1306,2,2,0,2,CLEAR,DRY,FALSE,REAR END - ONE VEHICLE TURNING LEFT,REAR END,STRAIGHT & LEVEL,DAYLIGHT,3,B,087-KY-0011  -000
33163297,MONTGOMERY CTY SHERIFF DEPT,MONTGOMERY,KY1991,,HINKSTON,PIKE,38.0936399,-83.92504002,2.511,4/17/2024,814,1,1,0,1,CLOUDY,WET,FALSE,OTHER COLLISIONS ON SHOULDER,SINGLE VEHICLE,CURVE & LEVEL,DAYLIGHT,4,C,087-KY-1991  -000
33163298,MONTGOMERY CTY SHERIFF DEPT,MONTGOMERY,KY0713,,HIGH,ST,38.05763645,-83.95269111,5.976,4/17/2024,1850,1,1,0,0,CLEAR,DRY,FALSE,COLLISION WITH ANIMAL IN INTERSECTION,SINGLE VEHICLE,STRAIGHT & LEVEL,DAYLIGHT,5,O,087-KY-0713  -000
33163299,MONTGOMERY CTY SHERIFF DEPT,MONTGOMERY,KY0011,4624,LEVEE,RD,37.98068414,-83.94021693,4.838,4/10/2024,1930,1,1,0,1,CLOUDY,WET,FALSE,RAN OFF ROADWAY (1 VEHICLE WITH/EARTH EMBANKMENT/DITCH),SINGLE VEHICLE,CURVE & LEVEL,DAYLIGHT,4,C,087-KY-0011  -000
33163313,MONTGOMERY CTY SHERIFF DEPT,MONTGOMERY,KY0686,,INDIAN MOUND,DR,38.07480041,-83.91859768,6.327,4/8/2024,657,2,2,0,1,CLEAR,DRY,FALSE,ANGLE COLLISION - ONE VEHICLE TURNING LEFT,ANGLE,STRAIGHT & LEVEL,DAYLIGHT,3,B,087-KY-0686  -000
33163315,MONTGOMERY CTY SHERIFF DEPT,MONTGOMERY,US0460,,CAMARGO,RD,38.01078725,-83.90637152,13.413,4/19/2024,1635,2,2,0,0,CLOUDY,DRY,FALSE,REAR END IN TRAFFIC LANES BOTH VEHICLES MOVING,REAR END,STRAIGHT & LEVEL,DAYLIGHT,5,O,087-US-0460  -000
33163325,MONTGOMERY CTY SHERIFF DEPT,MONTGOMERY,US0460,3543,PARIS,RD,38.10321827,-84.01276221,3.564,4/23/2024,2047,1,1,0,0,CLOUDY,WET,FALSE,COLLISION WITH ANIMAL NON INTERSECTION,SINGLE VEHICLE,STRAIGHT & LEVEL,DARK-HWY NOT LIGHTED,5,O,087-US-0460  -000
33163326,MONTGOMERY CTY SHERIFF DEPT,MONTGOMERY,US0060,,WINCHESTER,RD,38.04712663,-83.98101815,2.863,4/22/2024,1540,2,2,0,0,CLEAR,DRY,FALSE,OTHER ROADWAY OR MID-BLOCK COLLISION,REAR END,STRAIGHT & LEVEL,DAYLIGHT,5,O,087-US-0060  -000
33170392,MT. STERLING POLICE DEPARTMENT,MONTGOMERY,KY0686,,INDIAN MOUND,DR,38.07357284,-83.95123297,0.169,4/26/2024,843,2,2,0,1,CLEAR,DRY,FALSE,1 VEHICLE ENTERING/LEAVING ENTRANCE,ANGLE,STRAIGHT & LEVEL,DAYLIGHT,3,B,087-KY-0686  -000
33174286,MONTGOMERY CTY SHERIFF DEPT,MONTGOMERY,KY0646,,KIDDVILLE,RD,37.96509764,-83.98421025,7.504,4/16/2024,1421,2,2,0,0,CLOUDY,DRY,FALSE,SIDESWIPE COLLISION - OPPOSITE DIRECTION,SIDESWIPE-OPPOSITE DIRECTION,STRAIGHT & GRADE,DAYLIGHT,5,O,087-KY-0646  -000
33174288,MONTGOMERY CTY SHERIFF DEPT,MONTGOMERY,KY0646,,NEST EGG,RD,37.96477783,-83.94885487,5.386,4/25/2024,1308,2,2,0,0,CLEAR,DRY,TRUE,SIDESWIPE COLLISION - OPPOSITE DIRECTION,SIDESWIPE-OPPOSITE DIRECTION,STRAIGHT & GRADE,DAYLIGHT,5,O,087-KY-0646  -000
33174289,MONTGOMERY CTY SHERIFF DEPT,MONTGOMERY,,,MCCORMICK,RD,37.99418197,-83.88770809,0.004,4/25/2024,1433,2,2,0,0,CLEAR,DRY,FALSE,HEAD-ON COLLISION,HEAD ON,STRAIGHT & LEVEL,DAYLIGHT,5,O,087-CR-1123  -000
33182530,MONTGOMERY CTY SHERIFF DEPT,MONTGOMERY,KY0713,,GRASSY LICK,RD,38.07589723,-83.99694175,3.121,4/25/2024,2154,1,1,0,0,CLEAR,DRY,FALSE,COLLISION WITH FIXED OBJECT NON - INTERSECTION - FIRST EVENT COLLISION 09 - 32 EXCLUDING 16,SINGLE VEHICLE,STRAIGHT & LEVEL,DARK-HWY NOT LIGHTED,5,O,087-KY-0713  -000
33182531,MONTGOMERY CTY SHERIFF DEPT,MONTGOMERY,US0460,,CAMARGO,RD,37.9935715,-83.88629724,15.128,4/28/2024,1620,2,2,0,0,CLEAR,DRY,FALSE,1 VEHICLE ENTERING/LEAVING ENTRANCE,ANGLE,STRAIGHT & LEVEL,DAYLIGHT,5,O,087-US-0460  -000
33182533,MONTGOMERY CTY SHERIFF DEPT,MONTGOMERY,US0060,2706,OWINGSVILLE,RD,38.07871336,-83.9092162,7.75,4/28/2024,2350,1,1,0,0,CLEAR,DRY,FALSE,COLLISION WITH ANIMAL NON INTERSECTION,SINGLE VEHICLE,STRAIGHT & LEVEL,DARK-HWY LIGHTED/ON,5,O,087-US-0060  -000
33182534,MONTGOMERY CTY SHERIFF DEPT,MONTGOMERY,,3775,STEPSTONE,RD,38.09165044,-83.8632407,1.958,4/28/2024,648,1,1,0,1,CLEAR,DRY,FALSE,COLLISION WITH FIXED OBJECT NON - INTERSECTION - FIRST EVENT COLLISION 09 - 32 EXCLUDING 16,SINGLE VEHICLE,STRAIGHT & LEVEL,DAYLIGHT,2,A,087-CR-1008  -000
33182564,MONTGOMERY CTY SHERIFF DEPT,MONTGOMERY,US0460,,CAMARGO,RD,38.01685326,-83.91226595,12.867,4/26/2024,2048,1,1,0,0,CLEAR,DRY,FALSE,COLLISION WITH ANIMAL NON INTERSECTION,SINGLE VEHICLE,STRAIGHT & GRADE,DARK-HWY NOT LIGHTED,5,O,087-US-0460  -000
33193681,MONTGOMERY CTY SHERIFF DEPT,MONTGOMERY,,,TAPP,LN,38.03266921,-83.7984807,0.439,4/29/2024,1622,1,1,0,1,CLEAR,DRY,FALSE,COLLISION WITH FIXED OBJECT NON - INTERSECTION - FIRST EVENT COLLISION 09 - 32 EXCLUDING 16,SINGLE VEHICLE,STRAIGHT & GRADE,DAYLIGHT,3,B,087-CR-1102  -000
33193684,MONTGOMERY CTY SHERIFF DEPT,MONTGOMERY,KY0646,,KIDDVILLE,RD,37.98344229,-83.98448964,8.884,5/2/2024,1117,2,2,0,0,CLEAR,DRY,FALSE,SIDESWIPE COLLISION - OPPOSITE DIRECTION,SIDESWIPE-OPPOSITE DIRECTION,CURVE & LEVEL,DAYLIGHT,5,O,087-KY-0646  -000
33203985,MONTGOMERY CTY SHERIFF DEPT,MONTGOMERY,US0460,,CAMARGO,RD,37.99498648,-83.8900507,14.895,5/3/2024,1719,3,3,0,0,CLEAR,DRY,FALSE,REAR END IN TRAFFIC LANES BOTH VEHICLES MOVING,REAR END,STRAIGHT & LEVEL,DAYLIGHT,5,O,087-US-0460  -000
33203987,MONTGOMERY CTY SHERIFF DEPT,MONTGOMERY,KY0686,,INDIAN MOUND,DR,38.05652478,-83.95602529,1.469,4/25/2024,1137,2,2,0,0,CLEAR,DRY,FALSE,SIDESWIPE COLLISION - SAME DIRECTION,SIDESWIPE-SAME DIRECTION,STRAIGHT & LEVEL,DAYLIGHT,5,O,087-KY-0686  -000
33203990,MONTGOMERY CTY SHERIFF DEPT,MONTGOMERY,US0460,105,PARIS,RD,38.08816024,-83.95102344,7.242,5/3/2024,1152,1,1,0,0,RAINING,WET,FALSE,OTHER ROADWAY OR MID-BLOCK COLLISION,SINGLE VEHICLE,STRAIGHT & LEVEL,DAYLIGHT,5,O,087-US-0460  -000
33203991,MONTGOMERY CTY SHERIFF DEPT,MONTGOMERY,US0060,,OWINGSVILLE,RD,38.08897576,-83.89825719,8.692,5/4/2024,1447,2,2,0,0,CLEAR,DRY,FALSE,OTHER ROADWAY OR MID-BLOCK COLLISION,REAR END,STRAIGHT & LEVEL,DAYLIGHT,5,O,087-US-0060  -000
33203993,MONTGOMERY CTY SHERIFF DEPT,MONTGOMERY,US0460,,PARIS,RD,38.11323032,-84.03658246,2.021,5/1/2024,1312,1,1,0,0,CLEAR,DRY,FALSE,OTHER ROADWAY OR MID-BLOCK COLLISION,SINGLE VEHICLE,CURVE & GRADE,DAYLIGHT,5,O,087-US-0460  -000
33204012,MONTGOMERY CTY SHERIFF DEPT,MONTGOMERY,KY0686,,INDIAN MOUND,DR,38.0552762,-83.95635817,1.556,5/5/2024,1407,2,2,0,1,CLOUDY,DRY,FALSE,ANGLE COLLISION - OTHER,ANGLE,STRAIGHT & LEVEL,DAYLIGHT,3,B,087-KY-0686  -000
33205051,MT. STERLING POLICE DEPARTMENT,MONTGOMERY,,,EVANS,AVE,38.07569054,-83.94859446,0.008,5/4/2024,1902,2,2,0,0,CLEAR,DRY,FALSE,REAR END IN TRAFFIC LANES BOTH VEHICLES MOVING,REAR END,STRAIGHT & LEVEL,DAYLIGHT,5,O,087-CS-1116  -000
33208556,MONTGOMERY CTY SHERIFF DEPT,MONTGOMERY,US0060,,MAIN,ST,38.06171105,-83.93160285,5.848,5/1/2024,1818,1,1,0,0,CLEAR,DRY,FALSE,COLLISION WITH FIXED OBJECT NON - INTERSECTION - FIRST EVENT COLLISION 09 - 32 EXCLUDING 16,SINGLE VEHICLE,STRAIGHT & LEVEL,DAYLIGHT,5,O,087-US-0060  -000
33208557,MONTGOMERY CTY SHERIFF DEPT,MONTGOMERY,KY0011,,LEVEE,RD,37.97031257,-83.93579508,4.077,5/6/2024,1721,1,1,0,1,RAINING,WET,FALSE,RAN OFF ROADWAY (1 VEHICLE WITH/EARTH EMBANKMENT/DITCH),SINGLE VEHICLE,CURVE & LEVEL,DAYLIGHT,4,C,087-KY-0011  -000
33208560,MONTGOMERY CTY SHERIFF DEPT,MONTGOMERY,US0460,,MAIN,ST,37.97930322,-83.85936168,16.909,5/7/2024,557,2,2,0,0,CLOUDY,DRY,FALSE,HEAD-ON COLLISION,HEAD ON,STRAIGHT & LEVEL,DAWN,5,O,087-US-0460  -000
33208879,MONTGOMERY CTY SHERIFF DEPT,MONTGOMERY,,,WESTSIDE,DR,38.0552415,-83.97051795,0.222,5/4/2024,1513,2,2,0,1,CLEAR,DRY,FALSE,SIDESWIPE COLLISION - OPPOSITE DIRECTION,SIDESWIPE-OPPOSITE DIRECTION,STRAIGHT & LEVEL,DAYLIGHT,4,C,087-CR-1305  -000
33208880,MONTGOMERY CTY SHERIFF DEPT,MONTGOMERY,KY0011,,LEVEE,RD,37.96892767,-83.93733289,3.946,5/7/2024,938,1,1,0,0,CLEAR,DRY,FALSE,OTHER ROADWAY OR MID-BLOCK COLLISION,SINGLE VEHICLE,STRAIGHT & LEVEL,DAYLIGHT,5,O,087-KY-0011  -000
33212147,MONTGOMERY CO. SCHOOL DIST. PD,MONTGOMERY,,,MT STERLING ELEMENTARY SCHOOL,DR,38.06020529,-83.91342041,0.194,4/25/2024,715,2,2,0,0,CLOUDY,DRY,FALSE,SIDESWIPE COLLISION - OPPOSITE DIRECTION,SIDESWIPE-OPPOSITE DIRECTION,STRAIGHT & LEVEL,DAYLIGHT,5,O,087-PS-1107  -000
33214991,MT. STERLING POLICE DEPARTMENT,MONTGOMERY,US0460,,MAYSVILLE,ST,38.07403936,-83.94830994,8.286,5/6/2024,1447,2,2,0,0,CLOUDY,DRY,FALSE,ANGLE COLLISION - ONE VEHICLE TURNING LEFT,ANGLE,STRAIGHT & LEVEL,DAYLIGHT,5,O,087-US-0460  -000
33214992,MT. STERLING POLICE DEPARTMENT,MONTGOMERY,US0460,415,MAYSVILLE,ST,38.06454275,-83.94490965,8.981,5/3/2024,1426,2,2,0,0,CLEAR,DRY,FALSE,1 VEHICLE ENTERING/LEAVING ENTRANCE,ANGLE,STRAIGHT & HILLCREST,DAYLIGHT,5,O,087-US-0460  -000
33214993,MT. STERLING POLICE DEPARTMENT,MONTGOMERY,,,COURT,ST,38.05667025,-83.94270542,0.032,5/7/2024,1018,2,2,0,0,CLEAR,DRY,FALSE,VEHICLE BACKING NON INTERSECTION,BACKING,STRAIGHT & LEVEL,DAYLIGHT,5,O,087-CS-1066  -000
33218526,MONTGOMERY CTY SHERIFF DEPT,MONTGOMERY,,,FOXGLOVE,DR,38.06551617,-83.95565477,0.009,5/7/2024,1406,2,2,0,0,CLOUDY,DRY,TRUE,REAR END IN TRAFFIC LANES BOTH VEHICLES MOVING,REAR END,STRAIGHT & LEVEL,DAYLIGHT,5,O,087-PR-1352  -000
33218528,MONTGOMERY CTY SHERIFF DEPT,MONTGOMERY,,229,BURLEY,WAY,38.03904351,-83.94671877,0.451,5/7/2024,1832,2,2,0,0,CLEAR,DRY,FALSE,1 VEHICLE PARKED POSITION (NOT PARKING LOT/DRIVEWAY),BACKING,STRAIGHT & LEVEL,DAYLIGHT,5,O,087-CR-1244A -000
33223792,MT. STERLING POLICE DEPARTMENT,MONTGOMERY,KY0686,,INDIAN MOUND,DR,38.05392321,-83.95649811,1.658,5/9/2024,1902,3,3,0,0,CLEAR,DRY,FALSE,ANGLE COLLISION - OTHER,ANGLE,STRAIGHT & LEVEL,DAYLIGHT,5,O,087-KY-0686  -000