IncidentID,AgencyName,County,RdwyNumber,Street,RoadwayName,StreetSfx,Latitude,Longitude,Milepoint,CollisionDate,CollisionTime,UnitsInvolved,MotorVehiclesInvolved,NumberKilled,NumberInjured,Weather,RdwyConditionCode,HitandRun,DirAnalysisCode,MannerofCollision,RdwyCharacter,LightCondition,KABCO Code,KABCO,RT_UNIQUE
33234394,MONTGOMERY CTY SHERIFF DEPT,MONTGOMERY,KY0011,,LEVEE,RD,37.92472917,-83.91290744,0.378,5/9/2024,1426,1,1,0,0,CLEAR,DRY,FALSE,COLLISION WITH FIXED OBJECT NON - INTERSECTION - FIRST EVENT COLLISION 09 - 32 EXCLUDING 16,SINGLE VEHICLE,STRAIGHT & LEVEL,DAYLIGHT,5,O,087-CS-2003  -000
33234400,MONTGOMERY CTY SHERIFF DEPT,MONTGOMERY,KY0646,,CREAM ALLEY,RD,37.9696165,-83.93587958,4.589,5/11/2024,1323,1,1,0,0,CLEAR,DRY,FALSE,COLLISION WITH FIXED OBJECT NON - INTERSECTION - FIRST EVENT COLLISION 09 - 32 EXCLUDING 16,SINGLE VEHICLE,STRAIGHT & LEVEL,DAYLIGHT,5,O,087-KY-0646  -000
33240441,MT. STERLING POLICE DEPARTMENT,MONTGOMERY,KY0686,,INDIAN MOUND,DR,38.04085147,-83.93890091,3.258,5/12/2024,1734,2,2,0,1,CLEAR,DRY,FALSE,ANGLE COLLISION - OTHER,ANGLE,STRAIGHT & LEVEL,DAYLIGHT,4,C,087-KY-0686  -000
33240442,MT. STERLING POLICE DEPARTMENT,MONTGOMERY,KY0011,,LEVEE,RD,38.05007751,-83.94150847,9.99,5/13/2024,1156,2,2,0,0,CLEAR,DRY,FALSE,1 VEHICLE ENTERING/LEAVING ENTRANCE,ANGLE,STRAIGHT & LEVEL,DAYLIGHT,5,O,087-KY-0011  -000
33252588,MT. STERLING POLICE DEPARTMENT,MONTGOMERY,,,DARLEY,CRK,38.05006369,-83.9520404,0.096,5/11/2024,1659,2,2,0,0,CLEAR,DRY,FALSE,SIDESWIPE-SAME DIRECTION,SIDESWIPE-SAME DIRECTION,STRAIGHT & LEVEL,DAYLIGHT,5,O,087-CS-1151  -000
33253204,MONTGOMERY CTY SHERIFF DEPT,MONTGOMERY,US0460,,CAMARGO,RD,38.01352347,-83.90842165,13.187,5/14/2024,1355,2,2,0,3,RAINING,WET,FALSE,HEAD-ON COLLISION,HEAD ON,STRAIGHT & GRADE,DAYLIGHT,4,C,087-US-0460  -000
33253206,MONTGOMERY CTY SHERIFF DEPT,MONTGOMERY,,,WELCH,RD,37.96736977,-83.86159706,0.225,5/9/2024,1643,2,2,0,0,CLEAR,DRY,TRUE,SIDESWIPE COLLISION - SAME DIRECTION,SIDESWIPE-SAME DIRECTION,,DAYLIGHT,5,O,087-CR-1117  -000
33253534,MT. STERLING POLICE DEPARTMENT,MONTGOMERY,,,EVANS,AVE,38.07549308,-83.94915906,0.039,5/10/2024,1430,2,2,0,0,CLEAR,DRY,FALSE,ANGLE COLLISION - OTHER,ANGLE,STRAIGHT & LEVEL,DAYLIGHT,5,O,087-CS-1116  -000
33256844,MT. STERLING POLICE DEPARTMENT,MONTGOMERY,,,LOCUST,ST,38.05473231,-83.94442131,0.319,5/17/2024,2246,1,1,0,1,CLOUDY,WET,FALSE,COLLISION WITH FIXED OBJECT IN INTERSECTION - FIRST EVENT COLLISION 09 - 32,SINGLE VEHICLE,STRAIGHT & LEVEL,DARK-HWY LIGHTED/ON,4,C,087-CS-1023  -000
33256847,MT. STERLING POLICE DEPARTMENT,MONTGOMERY,KY0686,,INDIAN MOUND,DR,38.06783616,-83.95542483,0.687,5/15/2024,1818,2,2,0,0,CLEAR,DRY,FALSE,1 VEHICLE ENTERING/LEAVING ENTRANCE,ANGLE,STRAIGHT & LEVEL,DAYLIGHT,5,O,087-KY-0686  -000
33257453,MONTGOMERY CO. SCHOOL DIST. PD,MONTGOMERY,,1002,WOODFORD,DR,38.04462177,-83.93511774,0.548,5/6/2024,1540,2,1,0,0,CLEAR,DRY,FALSE,1 VEHICLE ENTERING/LEAVING ENTRANCE,ANGLE,STRAIGHT & LEVEL,DAYLIGHT,5,O,087-CR-1001  -000
33258895,MONTGOMERY CTY SHERIFF DEPT,MONTGOMERY,,1566,OLDHAM,RD,38.0003705,-83.91642996,0.228,5/17/2024,802,2,1,0,1,RAINING,WET,FALSE,COLLISION WITH PEDESTRIAN NON - INTERSECTION,SINGLE VEHICLE,STRAIGHT & GRADE,DAYLIGHT,4,C,087-CS-2021  -000
33265675,MT. STERLING POLICE DEPARTMENT,MONTGOMERY,KY1991,,HINKSTON,PIKE,38.06899572,-83.93798901,0.478,5/20/2024,1557,2,2,0,4,CLEAR,DRY,FALSE,ANGLE COLLISION - OTHER,ANGLE,STRAIGHT & LEVEL,DAYLIGHT,4,C,087-KY-1991  -000
33275447,MT. STERLING POLICE DEPARTMENT,MONTGOMERY,US0460,513,MAYSVILLE,ST,38.06847899,-83.94594111,8.702,5/17/2024,1631,2,2,0,0,RAINING,WET,FALSE,1 VEHICLE PARKED POSITION (NOT PARKING LOT/DRIVEWAY),BACKING,STRAIGHT & LEVEL,DAYLIGHT,5,O,087-US-0460  -000
33314818,MONTGOMERY CTY SHERIFF DEPT,MONTGOMERY,US0060,,OWINGSVILLE,RD,38.08509507,-83.9003577,8.407,5/20/2024,326,1,1,0,1,CLEAR,DRY,FALSE,OTHER COLLISIONS ON SHOULDER,SINGLE VEHICLE,STRAIGHT & LEVEL,DARK-HWY LIGHTED/ON,2,A,087-US-0060  -000
33315461,MT. STERLING POLICE DEPARTMENT,MONTGOMERY,KY0686,,INDIAN MOUND,DR,38.07092221,-83.95488365,0.461,5/6/2024,953,2,2,0,3,CLEAR,DRY,FALSE,1 VEHICLE ENTERING/LEAVING ENTRANCE,ANGLE,CURVE & LEVEL,DAYLIGHT,3,B,087-KY-0686  -000
33315462,MT. STERLING POLICE DEPARTMENT,MONTGOMERY,US0460,,APPERSON,HTS,38.05031249,-83.9416243,9.965,5/17/2024,1152,2,2,0,0,RAINING,WET,FALSE,OTHER ROADWAY OR MID-BLOCK COLLISION,OPPOSING LEFT TURN,CURVE & LEVEL,DAYLIGHT,5,O,087-US-0460  -000
33315463,MT. STERLING POLICE DEPARTMENT,MONTGOMERY,US0460,,MAYSVILLE,RD,38.07898516,-83.94973812,7.987,5/23/2024,1407,3,3,0,1,CLEAR,DRY,FALSE,ANGLE COLLISION - ONE VEHICLE TURNING LEFT,ANGLE,STRAIGHT & LEVEL,DAYLIGHT,3,B,087-US-0460  -000
33323092,MONTGOMERY CTY SHERIFF DEPT,MONTGOMERY,,,LONG,LN,38.11293501,-84.03222264,0.32,5/17/2024,919,2,2,0,0,CLEAR,DRY,TRUE,1 VEHICLE PARKED POSITION (NOT PARKING LOT/DRIVEWAY),BACKING,STRAIGHT & LEVEL,UNKNOWN,5,O,087-CR-1059  -000
33323094,MONTGOMERY CTY SHERIFF DEPT,MONTGOMERY,,,CHERIE,DR,38.05700908,-83.962282,0.016,5/22/2024,1528,2,2,0,0,RAINING,WET,FALSE,1 VEHICLE PARKED POSITION (NOT PARKING LOT/DRIVEWAY),BACKING,STRAIGHT & LEVEL,DAYLIGHT,5,O,087-CR-1304C -000
33323101,MONTGOMERY CTY SHERIFF DEPT,MONTGOMERY,,,MCCORMICK,RD,38.0026379,-83.87985849,0.839,5/17/2024,2157,1,1,0,0,CLOUDY,WET,FALSE,COLLISION WITH FIXED OBJECT NON - INTERSECTION - FIRST EVENT COLLISION 09 - 32 EXCLUDING 16,SINGLE VEHICLE,CURVE & LEVEL,DARK-HWY NOT LIGHTED,5,O,087-CR-1123  -000
33323104,MONTGOMERY CTY SHERIFF DEPT,MONTGOMERY,,,OSBORNE,RD,38.07221588,-83.91491042,2.446,5/22/2024,1558,1,1,0,0,CLOUDY,DRY,FALSE,RAN OFF ROADWAY (1 VEHICLE WITH/EARTH EMBANKMENT/DITCH),SINGLE VEHICLE,STRAIGHT & GRADE,DAYLIGHT,5,O,087-CR-1006  -000
33323111,MONTGOMERY CTY SHERIFF DEPT,MONTGOMERY,KY0686,,INDIAN MOUND,DR,38.06564209,-83.95553143,0.855,5/24/2024,1237,3,3,0,1,CLEAR,DRY,FALSE,1 VEHICLE ENTERING/LEAVING ENTRANCE,ANGLE,STRAIGHT & LEVEL,DAYLIGHT,4,C,087-KY-0686  -000
33323121,MONTGOMERY CTY SHERIFF DEPT,MONTGOMERY,,,FOGG,PIKE,38.04131259,-83.95109325,0.18,5/23/2024,718,3,3,0,0,CLEAR,DRY,FALSE,ANGLE COLLISION - OTHER,ANGLE,STRAIGHT & LEVEL,DAYLIGHT,5,O,087-CR-1227  -000
33323123,MONTGOMERY CTY SHERIFF DEPT,MONTGOMERY,KY0686,,INDIAN MOUND,DR,38.05454135,-83.91683283,4.848,5/26/2024,246,1,1,0,2,CLEAR,DRY,FALSE,COLLISION WITH FIXED OBJECT IN INTERSECTION - FIRST EVENT COLLISION 09 - 32,SINGLE VEHICLE,STRAIGHT & LEVEL,DAYLIGHT,3,B,087-KY-0686  -000
33323126,MONTGOMERY CTY SHERIFF DEPT,MONTGOMERY,,,CLAY LICK,RD,37.96908859,-83.78811843,0.575,5/26/2024,1624,2,2,0,0,CLEAR,WET,FALSE,SIDESWIPE COLLISION - OPPOSITE DIRECTION,SIDESWIPE-OPPOSITE DIRECTION,CURVE & LEVEL,DAYLIGHT,5,O,087-CR-1110  -000
33323127,MONTGOMERY CTY SHERIFF DEPT,MONTGOMERY,,,MIDLAND,TRL,38.07482003,-83.91871463,0.005,5/21/2024,1116,2,2,0,0,CLEAR,DRY,FALSE,ANGLE COLLISION - OTHER,ANGLE,STRAIGHT & LEVEL,DAYLIGHT,5,O,087-CR-1020  -000
33323173,MONTGOMERY CTY SHERIFF DEPT,MONTGOMERY,KY1331,,HOWARDS MILL,RD,38.065794,-83.85950266,2.788,5/27/2024,58,1,1,0,0,RAINING,WET,FALSE,COLLISION WITH ANIMAL NON INTERSECTION,SINGLE VEHICLE,STRAIGHT & LEVEL,DARK-HWY NOT LIGHTED,5,O,087-KY-1331  -000
33323180,MONTGOMERY CTY SHERIFF DEPT,MONTGOMERY,KY0686,,INDIAN MOUND,DR,38.0580698,-83.95589566,1.353,5/25/2024,1705,2,2,0,0,CLEAR,DRY,FALSE,1 VEHICLE ENTERING/LEAVING ENTRANCE,ANGLE,STRAIGHT & LEVEL,DAYLIGHT,5,O,087-KY-0686  -000
33323444,MONTGOMERY CTY SHERIFF DEPT,MONTGOMERY,,,FOGG,PIKE,38.04131751,-83.9511033,0.18,5/29/2024,1723,2,2,0,0,CLEAR,DRY,FALSE,1 VEHICLE ENTERING/LEAVING ENTRANCE,ANGLE,STRAIGHT & GRADE,DAYLIGHT,5,O,087-CR-1227  -000
33323446,MONTGOMERY CTY SHERIFF DEPT,MONTGOMERY,,1130,SHADELAWN,DR,38.03866536,-83.96001245,0.208,5/30/2024,1121,2,2,0,0,CLEAR,DRY,FALSE,VEHICLE BACKING NON INTERSECTION,BACKING,STRAIGHT & LEVEL,DAYLIGHT,5,O,087-CR-1242G -000
33323447,MONTGOMERY CTY SHERIFF DEPT,MONTGOMERY,KY0713,,SPENCER,PIKE,38.04775804,-83.90498424,8.623,5/27/2024,2012,1,1,0,0,CLEAR,DRY,TRUE,COLLISION WITH FIXED OBJECT NON - INTERSECTION - FIRST EVENT COLLISION 09 - 32 EXCLUDING 16,SINGLE VEHICLE,STRAIGHT & LEVEL,DAYLIGHT,5,O,087-KY-0713  -000
33325445,MT. STERLING POLICE DEPARTMENT,MONTGOMERY,US0460,,MAYSVILLE,ST,38.07676753,-83.94929054,8.109,5/29/2024,1655,2,2,0,0,CLEAR,DRY,FALSE,SIDESWIPE-SAME DIRECTION,SIDESWIPE-SAME DIRECTION,STRAIGHT & LEVEL,DAYLIGHT,5,O,087-US-0460  -000
33325448,MT. STERLING POLICE DEPARTMENT,MONTGOMERY,,,SPRING,ST,38.0514058,-83.95501213,0.089,5/29/2024,1250,2,2,0,0,CLEAR,DRY,FALSE,SIDESWIPE COLLISION - SAME DIRECTION,SIDESWIPE-SAME DIRECTION,STRAIGHT & LEVEL,DAYLIGHT,5,O,087-CR-1042  -000
33325450,MT. STERLING POLICE DEPARTMENT,MONTGOMERY,US0460,,MAYSVILLE,RD,38.07884648,-83.94945547,7.982,5/7/2024,1720,3,3,0,0,CLEAR,DRY,FALSE,OTHER INTERSECTION COLLISIONS,REAR END,STRAIGHT & LEVEL,DAYLIGHT,5,O,087-US-0460  -000
33325451,MT. STERLING POLICE DEPARTMENT,MONTGOMERY,KY0686,,INDIAN MOUND,DR,38.05267068,-83.95631478,1.736,5/15/2024,1832,2,2,0,0,CLEAR,DRY,FALSE,COLLISION WITH FIXED OBJECT NON - INTERSECTION - FIRST EVENT COLLISION 09 - 32 EXCLUDING 16,ANGLE,STRAIGHT & LEVEL,DAYLIGHT,5,O,087-KY-0686  -000
33325452,MT. STERLING POLICE DEPARTMENT,MONTGOMERY,KY0686,1342,INDIAN MOUND,DR,38.04879155,-83.95583411,1.942,5/31/2024,1404,2,2,0,0,CLEAR,DRY,FALSE,1 VEHICLE PARKED POSITION (NOT PARKING LOT/DRIVEWAY),ANGLE,STRAIGHT & LEVEL,DAYLIGHT,5,O,087-KY-0686  -000
33329043,MONTGOMERY CO. SCHOOL DIST. PD,MONTGOMERY,KY0686,3570,INDIAN MOUND,DR,38.04099145,-83.94114858,3.12,5/20/2024,800,2,1,0,0,CLEAR,DRY,FALSE,REAR END IN TRAFFIC LANES BOTH VEHICLES MOVING,REAR END,STRAIGHT & GRADE,DAYLIGHT,5,O,087-KY-0686  -000
33330022,MT. STERLING POLICE DEPARTMENT,MONTGOMERY,US0460,,MAYSVILLE,RD,38.08024921,-83.94963471,7.847,6/1/2024,2240,2,2,0,0,RAINING,WET,FALSE,ANGLE COLLISION - OTHER,ANGLE,STRAIGHT & GRADE,DARK-HWY LIGHTED/ON,5,O,087-US-0460  -000
33330024,MT. STERLING POLICE DEPARTMENT,MONTGOMERY,I 0064,,,,38.07866202,-83.95000009,0.023,5/29/2024,1500,2,2,0,0,CLEAR,DRY,FALSE,OTHER RAMP RELATED COLLISIONS NOT LISTED ABOVE,SIDESWIPE-SAME DIRECTION,STRAIGHT & GRADE,DAYLIGHT,5,O,087-CR-1036  -000
33330025,MT. STERLING POLICE DEPARTMENT,MONTGOMERY,US0460,,MAYSVILLE,ST,38.07547053,-83.94866868,8.204,6/2/2024,1015,2,2,0,0,RAINING,WET,FALSE,OTHER INTERSECTION COLLISIONS,REAR END,STRAIGHT & LEVEL,DAYLIGHT,5,O,087-US-0460  -000
33346563,MT. STERLING POLICE DEPARTMENT,MONTGOMERY,US0460,,MAYSVILLE,ST,38.07065826,-83.94694512,8.545,6/4/2024,1413,2,2,0,0,CLEAR,DRY,FALSE,1 VEHICLE ENTERING/LEAVING ENTRANCE,ANGLE,STRAIGHT & LEVEL,DAYLIGHT,5,O,087-US-0460  -000
33358009,MT. STERLING POLICE DEPARTMENT,MONTGOMERY,,,YOUNG,LN,38.07491552,-83.95606459,0.029,6/2/2024,1200,2,2,0,0,CLEAR,WET,FALSE,HEAD-ON COLLISION,HEAD ON,STRAIGHT & LEVEL,DAYLIGHT,5,O,087-KY-2929  -000
33358996,MT. STERLING POLICE DEPARTMENT,MONTGOMERY,,,BROADWAY,,38.05717552,-83.94306562,0.016,6/7/2024,2033,2,2,0,0,CLEAR,DRY,FALSE,1 VEHICLE PARKED POSITION (NOT PARKING LOT/DRIVEWAY),ANGLE,STRAIGHT & LEVEL,DUSK,5,O,087-CS-1061  -000
33358997,MT. STERLING POLICE DEPARTMENT,MONTGOMERY,US0460,,CAMARGO,RD,38.04114748,-83.93399383,10.758,6/8/2024,2000,2,2,0,0,CLOUDY,DRY,FALSE,1 VEHICLE ENTERING/LEAVING ENTRANCE,ANGLE,STRAIGHT & LEVEL,DAYLIGHT,5,O,087-US-0460  -000
33367263,MT. STERLING POLICE DEPARTMENT,MONTGOMERY,US0460,,CAMARGO,RD,38.04193568,-83.93425264,10.699,6/8/2024,1435,2,2,0,0,CLOUDY,DRY,FALSE,REAR END - ONE VEHICLE TURNING RIGHT,REAR END,STRAIGHT & LEVEL,DAYLIGHT,5,O,087-US-0460  -000
33371703,MT. STERLING POLICE DEPARTMENT,MONTGOMERY,US0060,,MAIN,ST,38.0576561,-83.93658552,5.441,6/10/2024,1635,2,2,0,0,CLEAR,DRY,FALSE,1 VEHICLE ENTERING/LEAVING ENTRANCE,ANGLE,STRAIGHT & GRADE,DAYLIGHT,5,O,087-US-0060  -000
33375982,MONTGOMERY CTY SHERIFF DEPT,MONTGOMERY,US0460,,MAIN,ST,37.98213413,-83.86706673,16.472,5/31/2024,1438,2,2,0,0,CLEAR,DRY,FALSE,REAR END IN TRAFFIC LANES BOTH VEHICLES MOVING,REAR END,STRAIGHT & LEVEL,DAYLIGHT,5,O,087-US-0460  -000
33375985,MONTGOMERY CTY SHERIFF DEPT,MONTGOMERY,,,OLD OWINGSVILLE,RD,38.06989663,-83.9224265,1.435,5/31/2024,1419,2,2,0,0,CLEAR,DRY,FALSE,OTHER ROADWAY OR MID-BLOCK COLLISION,REAR END,STRAIGHT & LEVEL,DAYLIGHT,5,O,087-CR-1029  -000
33375986,MONTGOMERY CTY SHERIFF DEPT,MONTGOMERY,US0460,,MAIN,ST,37.97637599,-83.85100934,17.41,6/1/2024,910,2,2,0,0,CLEAR,DRY,FALSE,1 VEHICLE ENTERING/LEAVING ENTRANCE,ANGLE,STRAIGHT & LEVEL,DAYLIGHT,5,O,087-US-0460  -000
33375987,MONTGOMERY CTY SHERIFF DEPT,MONTGOMERY,,5453,DONALDSON,RD,38.08872563,-84.04633196,1.618,6/1/2024,1408,1,1,0,0,CLOUDY,DRY,FALSE,OTHER ROADWAY OR MID-BLOCK COLLISION,SINGLE VEHICLE,STRAIGHT & LEVEL,DAYLIGHT,5,O,087-CR-1322  -000
33375989,MONTGOMERY CTY SHERIFF DEPT,MONTGOMERY,,762,LONG BRANCH,RD,37.9750487,-83.80855802,0.819,6/2/2024,1253,1,1,0,0,CLOUDY,WET,FALSE,COLLISION WITH FIXED OBJECT NON - INTERSECTION - FIRST EVENT COLLISION 09 - 32 EXCLUDING 16,SINGLE VEHICLE,STRAIGHT & LEVEL,DAYLIGHT,5,O,087-CR-1059  -000
33375992,MONTGOMERY CTY SHERIFF DEPT,MONTGOMERY,KY0646,,KIDDVILLE,RD,37.99801312,-83.96804388,10.347,6/3/2024,1503,2,2,0,0,CLEAR,DRY,FALSE,SIDESWIPE COLLISION - OPPOSITE DIRECTION,SIDESWIPE-OPPOSITE DIRECTION,CURVE & LEVEL,DAYLIGHT,5,O,087-KY-0646  -000
33375996,MONTGOMERY CTY SHERIFF DEPT,MONTGOMERY,KY0011,3230,LEVEE,RD,38.01125309,-83.95053727,7.188,6/4/2024,1855,1,1,0,3,CLEAR,WET,FALSE,OTHER ROADWAY OR MID-BLOCK COLLISION,SINGLE VEHICLE,CURVE & HILLCREST,DAYLIGHT,3,B,087-KY-0011  -000
33376000,MONTGOMERY CTY SHERIFF DEPT,MONTGOMERY,US0460,,CAMARGO,RD,38.01236861,-83.90743506,13.263,6/5/2024,1803,2,2,0,0,CLEAR,DRY,FALSE,ANGLE COLLISION - OTHER,ANGLE,STRAIGHT & GRADE,DAYLIGHT,5,O,087-US-0460  -000
33376002,MONTGOMERY CTY SHERIFF DEPT,MONTGOMERY,US0460,2355,CAMARGO,RD,38.01434747,-83.90941128,13.106,6/2/2024,1322,2,2,0,0,CLOUDY,DRY,FALSE,1 VEHICLE ENTERING/LEAVING ENTRANCE,ANGLE,STRAIGHT & LEVEL,DAYLIGHT,5,O,087-US-0460  -000
33376004,MONTGOMERY CTY SHERIFF DEPT,MONTGOMERY,US0060,,WINCHESTER,RD,38.03136101,-84.02565055,0.058,6/5/2024,1540,2,2,0,0,CLOUDY,WET,FALSE,OTHER ROADWAY OR MID-BLOCK COLLISION,REAR END,STRAIGHT & HILLCREST,DAYLIGHT,5,O,087-US-0060  -000
33376007,MONTGOMERY CTY SHERIFF DEPT,MONTGOMERY,US0460,10558,MAIN,ST,37.96379737,-83.80649598,20.004,6/3/2024,1728,1,1,0,1,CLEAR,DRY,FALSE,RAN OFF ROADWAY (1 VEHICLE WITH/EARTH EMBANKMENT/DITCH),SINGLE VEHICLE,STRAIGHT & LEVEL,DAYLIGHT,4,C,087-US-0460  -000
33376218,MT. STERLING POLICE DEPARTMENT,MONTGOMERY,US0460,,MAYSVILLE,RD,38.07919556,-83.94951462,7.953,6/11/2024,919,2,2,0,0,CLEAR,DRY,FALSE,SIDESWIPE COLLISION - SAME DIRECTION,SIDESWIPE-SAME DIRECTION,STRAIGHT & GRADE,DAYLIGHT,5,O,087-US-0460  -000
33385039,MT. STERLING POLICE DEPARTMENT,MONTGOMERY,KY0686,,INDIAN MOUND,DR,38.0539482,-83.95652719,1.658,6/13/2024,1020,2,2,0,1,CLEAR,DRY,FALSE,OTHER INTERSECTION COLLISIONS,REAR END,STRAIGHT & LEVEL,DAYLIGHT,4,C,087-KY-0686  -000
33388070,MT. STERLING POLICE DEPARTMENT,MONTGOMERY,KY0686,,INDIAN MOUND,DR,38.07084515,-83.95461546,0.447,6/13/2024,1652,2,2,0,0,CLEAR,DRY,FALSE,NON-COLLISION OBJECT COLLISION,OPPOSING LEFT TURN,STRAIGHT & LEVEL,DAYLIGHT,5,O,087-KY-0686  -000
33392260,MT. STERLING POLICE DEPARTMENT,MONTGOMERY,US0460,,MAYSVILLE,ST,38.07425918,-83.94821655,8.289,6/12/2024,1656,2,2,0,0,CLEAR,DRY,FALSE,1 VEHICLE ENTERING/LEAVING ENTRANCE,ANGLE,STRAIGHT & LEVEL,DAYLIGHT,5,O,087-US-0460  -000
33392261,MT. STERLING POLICE DEPARTMENT,MONTGOMERY,,,YOUNG,LN,38.0745114,-83.94995157,0.324,6/16/2024,1610,1,1,0,0,CLEAR,DRY,TRUE,OTHER ROADWAY OR MID-BLOCK COLLISION,SINGLE VEHICLE,,DAYLIGHT,5,O,087-CS-1117  -000
33395808,MONTGOMERY CTY SHERIFF DEPT,MONTGOMERY,,,CLARENCE,DR,38.09272106,-83.90210236,0.243,6/7/2024,1555,2,2,0,0,CLEAR,DRY,FALSE,1 VEHICLE ENTERING/LEAVING ENTRANCE,ANGLE,STRAIGHT & LEVEL,DAYLIGHT,5,O,087-CR-1019G -000
33395810,MONTGOMERY CTY SHERIFF DEPT,MONTGOMERY,KY0713,,SPENCER,PIKE,38.02333199,-83.82439362,13.727,6/8/2024,1318,2,2,0,0,CLEAR,DRY,FALSE,1 VEHICLE ENTERING/LEAVING ENTRANCE,ANGLE,STRAIGHT & HILLCREST,DAYLIGHT,5,O,087-KY-0713  -000
33395812,MONTGOMERY CTY SHERIFF DEPT,MONTGOMERY,KY0646,,CREAM ALLEY,RD,37.96932465,-83.92624974,4.055,6/8/2024,1021,1,1,0,0,CLOUDY,DRY,FALSE,RAN OFF ROADWAY (1 VEHICLE WITH/EARTH EMBANKMENT/DITCH),SINGLE VEHICLE,STRAIGHT & LEVEL,DAYLIGHT,5,O,087-KY-0646  -000
33395814,MONTGOMERY CTY SHERIFF DEPT,MONTGOMERY,,,OLD OWINGSVILLE,RD,38.0776594,-83.90594163,0.356,6/9/2024,1542,2,2,0,0,CLEAR,DRY,FALSE,VEHICLE BACKING NON INTERSECTION,BACKING,STRAIGHT & LEVEL,DAYLIGHT,5,O,087-CR-1029  -000
33395817,MONTGOMERY CTY SHERIFF DEPT,MONTGOMERY,KY0011,,LEVEE,RD,37.92812182,-83.91560747,0.662,6/1/2024,2102,1,1,0,0,RAINING,WET,FALSE,COLLISION WITH FIXED OBJECT NON - INTERSECTION - FIRST EVENT COLLISION 09 - 32 EXCLUDING 16,SINGLE VEHICLE,STRAIGHT & LEVEL,DARK-HWY NOT LIGHTED,5,O,087-KY-0011  -000
33396083,MT. STERLING POLICE DEPARTMENT,MONTGOMERY,US0460,,MAYSVILLE,RD,38.07876863,-83.949699,7.967,5/30/2024,1716,2,2,0,0,CLEAR,DRY,FALSE,OTHER ROADWAY OR MID-BLOCK COLLISION,OPPOSING LEFT TURN,STRAIGHT & LEVEL,DAYLIGHT,5,O,087-US-0460  -000
33404944,MT. STERLING POLICE DEPARTMENT,MONTGOMERY,,214,BROOKS,AVE,38.04664003,-83.95279041,0.092,6/12/2024,1522,2,2,0,0,CLEAR,DRY,FALSE,VEHICLE BACKING NON INTERSECTION,BACKING,STRAIGHT & LEVEL,DAYLIGHT,5,O,087-CS-1034  -000
33409669,MONTGOMERY CTY SHERIFF DEPT,MONTGOMERY,KY0646,,NEST EGG,RD,37.96016488,-83.96614067,6.459,6/13/2024,700,1,1,0,0,CLEAR,DRY,FALSE,COLLISION WITH FIXED OBJECT NON - INTERSECTION - FIRST EVENT COLLISION 09 - 32 EXCLUDING 16,SINGLE VEHICLE,STRAIGHT & LEVEL,DAYLIGHT,5,O,087-KY-0646  -000
33409673,MONTGOMERY CTY SHERIFF DEPT,MONTGOMERY,KY0713,,SPENCER,PIKE,38.04380379,-83.8984528,9.085,6/13/2024,1256,2,2,0,2,CLEAR,DRY,FALSE,SIDESWIPE COLLISION - OPPOSITE DIRECTION,SIDESWIPE-OPPOSITE DIRECTION,STRAIGHT & LEVEL,DAYLIGHT,3,B,087-KY-0713  -000
33409675,MONTGOMERY CTY SHERIFF DEPT,MONTGOMERY,KY0213,,BEDFORD,RD,38.00421166,-83.83523978,7.519,6/13/2024,1340,2,2,0,2,CLEAR,DRY,FALSE,SIDESWIPE COLLISION - SAME DIRECTION,SIDESWIPE-SAME DIRECTION,CURVE & LEVEL,DAYLIGHT,3,B,087-KY-0213  -000
33409684,MONTGOMERY CTY SHERIFF DEPT,MONTGOMERY,US0460,,MAIN,ST,37.98408584,-83.87228565,16.155,6/15/2024,1547,2,2,0,0,CLEAR,DRY,FALSE,SIDESWIPE COLLISION - OPPOSITE DIRECTION,SIDESWIPE-OPPOSITE DIRECTION,CURVE & GRADE,DAYLIGHT,5,O,087-US-0460  -000
33419715,MT. STERLING POLICE DEPARTMENT,MONTGOMERY,KY0686,,INDIAN MOUND,DR,38.06553375,-83.95550613,0.848,6/19/2024,2323,2,2,0,0,CLEAR,DRY,FALSE,SIDESWIPE-SAME DIRECTION,SIDESWIPE-SAME DIRECTION,STRAIGHT & LEVEL,DARK-HWY LIGHTED/ON,5,O,087-KY-0686  -000
33419719,MT. STERLING POLICE DEPARTMENT,MONTGOMERY,KY0011,,LEVEE,RD,38.04129957,-83.94790082,9.221,6/22/2024,1432,2,2,0,0,CLEAR,DRY,FALSE,VEHICLE BACKING NON INTERSECTION,BACKING,STRAIGHT & LEVEL,DAYLIGHT,5,O,087-KY-0011  -000
33429846,MT. STERLING POLICE DEPARTMENT,MONTGOMERY,KY0686,,INDIAN MOUND,DR,38.06192543,-83.95559052,1.09,6/20/2024,1350,2,2,0,2,CLEAR,DRY,FALSE,1 VEHICLE ENTERING/LEAVING ENTRANCE,ANGLE,STRAIGHT & LEVEL,DAYLIGHT,2,A,087-KY-0686  -000
33434476,MT. STERLING POLICE DEPARTMENT,MONTGOMERY,KY0686,,INDIAN MOUND,DR,38.04209672,-83.93446949,3.502,6/25/2024,1055,2,2,0,3,CLEAR,DRY,FALSE,ANGLE COLLISION - OTHER,ANGLE,STRAIGHT & LEVEL,DAYLIGHT,2,A,087-KY-0686  -000
33442811,MONTGOMERY CTY SHERIFF DEPT,MONTGOMERY,,,STEPSTONE,RD,38.09362274,-83.86026126,2.164,6/18/2024,656,1,1,0,0,CLEAR,DRY,FALSE,COLLISION WITH FIXED OBJECT NON - INTERSECTION - FIRST EVENT COLLISION 09 - 32 EXCLUDING 16,SINGLE VEHICLE,CURVE & LEVEL,DAYLIGHT,5,O,087-CR-1008  -000