IncidentID,AgencyName,County,RdwyNumber,Street,RoadwayName,StreetSfx,Latitude,Longitude,Milepoint,CollisionDate,CollisionTime,UnitsInvolved,MotorVehiclesInvolved,NumberKilled,NumberInjured,Weather,RdwyConditionCode,HitandRun,DirAnalysisCode,MannerofCollision,RdwyCharacter,LightCondition,KABCO Code,KABCO,RT_UNIQUE
33442815,MONTGOMERY CTY SHERIFF DEPT,MONTGOMERY,KY0646,1525,KIDDVILLE,RD,37.99680165,-83.96980786,10.223,6/15/2024,1559,1,1,0,1,CLEAR,DRY,FALSE,COLLISION WITH FIXED OBJECT NON - INTERSECTION - FIRST EVENT COLLISION 09 - 32 EXCLUDING 16,SINGLE VEHICLE,STRAIGHT & LEVEL,DAYLIGHT,2,A,087-KY-0646  -000
33442816,MONTGOMERY CTY SHERIFF DEPT,MONTGOMERY,,2545,OLD OWINGSVILLE,RD,38.0737133,-83.91202435,0.793,6/16/2024,1249,1,1,0,0,CLEAR,DRY,FALSE,COLLISION WITH FIXED OBJECT NON - INTERSECTION - FIRST EVENT COLLISION 09 - 32 EXCLUDING 16,SINGLE VEHICLE,STRAIGHT & LEVEL,DAYLIGHT,5,O,087-CR-1029  -000
33443990,MT. STERLING POLICE DEPARTMENT,MONTGOMERY,KY0713,,HIGH,ST,38.05762512,-83.95267096,5.976,6/27/2024,1013,2,2,0,0,CLEAR,DRY,FALSE,ANGLE COLLISION - OTHER,ANGLE,STRAIGHT & GRADE,DAYLIGHT,5,O,087-KY-0713  -000
33454110,MONTGOMERY CTY SHERIFF DEPT,MONTGOMERY,KY0011,,LEVEE,RD,38.03393637,-83.94999168,8.776,6/19/2024,1110,3,3,0,1,CLEAR,DRY,FALSE,1 VEHICLE ENTERING/LEAVING ENTRANCE,ANGLE,STRAIGHT & LEVEL,DAYLIGHT,4,C,087-KY-0011  -000
33454111,MONTGOMERY CTY SHERIFF DEPT,MONTGOMERY,KY0011,,MAYSVILLE,RD,38.08817982,-83.94970202,10.011,6/21/2024,1751,2,2,0,0,CLEAR,DRY,FALSE,REAR END - ONE VEHICLE TURNING RIGHT,REAR END,STRAIGHT & GRADE,DAYLIGHT,5,O,087-KY-0011  -000
33454115,MONTGOMERY CTY SHERIFF DEPT,MONTGOMERY,US0060,801,WINCHESTER,RD,38.05351014,-83.96019478,4.107,6/24/2024,843,2,2,0,0,CLEAR,DRY,FALSE,OTHER ROADWAY OR MID-BLOCK COLLISION,REAR TO REAR,STRAIGHT & HILLCREST,DAYLIGHT,5,O,087-US-0060  -000
33454119,MONTGOMERY CTY SHERIFF DEPT,MONTGOMERY,US0060,,OWINGSVILLE,RD,38.12246805,-83.87940793,11.402,6/26/2024,635,1,1,0,0,RAINING,WET,FALSE,RAN OFF ROADWAY (1 VEHICLE WITH/EARTH EMBANKMENT/DITCH),SINGLE VEHICLE,CURVE & GRADE,DAWN,5,O,087-US-0060  -000
33454120,MONTGOMERY CTY SHERIFF DEPT,MONTGOMERY,KY0713,5225,SPENCER,PIKE,38.03115774,-83.86136715,11.488,6/17/2024,1905,2,2,0,0,CLEAR,DRY,FALSE,SIDESWIPE COLLISION - SAME DIRECTION,SIDESWIPE-SAME DIRECTION,STRAIGHT & LEVEL,DAYLIGHT,5,O,087-KY-0713  -000
33454122,MONTGOMERY CTY SHERIFF DEPT,MONTGOMERY,US0460,,MAIN,ST,37.98203989,-83.8668044,16.488,6/26/2024,1353,2,2,0,0,CLEAR,DRY,FALSE,REAR END IN TRAFFIC LANES BOTH VEHICLES MOVING,REAR END,STRAIGHT & LEVEL,DAYLIGHT,5,O,087-US-0460  -000
33454125,MONTGOMERY CTY SHERIFF DEPT,MONTGOMERY,US0460,,MAIN,ST,37.9826014,-83.86826986,16.4,6/24/2024,1557,2,2,0,0,CLEAR,DRY,FALSE,REAR END - ONE VEHICLE TURNING LEFT,REAR END,STRAIGHT & LEVEL,DAYLIGHT,5,O,087-US-0460  -000
33455998,MT. STERLING POLICE DEPARTMENT,MONTGOMERY,,140,SKYVIEW,DR,38.03978526,-83.93753978,0.117,6/29/2024,1200,2,2,0,0,CLEAR,DRY,FALSE,VEHICLE BACKING NON INTERSECTION,BACKING,STRAIGHT & LEVEL,DAYLIGHT,5,O,087-CS-1200  -000
33460045,MT. STERLING POLICE DEPARTMENT,MONTGOMERY,US0460,,MAYSVILLE,ST,38.06240627,-83.94420372,9.093,7/2/2024,1100,2,2,0,0,CLEAR,DRY,FALSE,REAR END IN TRAFFIC LANES BOTH VEHICLES MOVING,REAR END,STRAIGHT & LEVEL,DAYLIGHT,5,O,087-US-0460  -000
33460047,MT. STERLING POLICE DEPARTMENT,MONTGOMERY,,,COURT,ST,38.05677662,-83.94238208,0.032,7/1/2024,1505,2,2,0,0,CLEAR,DRY,FALSE,1 VEHICLE PARKED POSITION (NOT PARKING LOT/DRIVEWAY),REAR END,STRAIGHT & LEVEL,DAYLIGHT,5,O,087-CS-1066  -000
33464203,MONTGOMERY CTY SHERIFF DEPT,MONTGOMERY,KY0011,,MAYSVILLE,RD,38.1253962,-83.94967022,12.618,6/30/2024,2211,1,1,0,0,CLEAR,DRY,FALSE,COLLISION WITH ANIMAL NON INTERSECTION,SINGLE VEHICLE,STRAIGHT & LEVEL,DARK-HWY NOT LIGHTED,5,O,087-KY-0011  -000
33464233,MONTGOMERY CTY SHERIFF DEPT,MONTGOMERY,KY0646,,WILLOUGHBY TOWN,RD,37.94375886,-83.86432499,0.01,7/2/2024,1749,1,1,0,0,CLEAR,DRY,FALSE,OTHER INTERSECTION COLLISIONS,SINGLE VEHICLE,CURVE & HILLCREST,DAYLIGHT,5,O,087-KY-0646  -000
33472109,MT. STERLING POLICE DEPARTMENT,MONTGOMERY,KY0686,,INDIAN MOUND,DR,38.04213043,-83.93443883,3.505,7/4/2024,1156,2,2,0,0,CLOUDY,DRY,FALSE,ANGLE COLLISION - OTHER,ANGLE,STRAIGHT & LEVEL,DAYLIGHT,5,O,087-KY-0686  -000
33483434,MT. STERLING POLICE DEPARTMENT,MONTGOMERY,KY0686,,INDIAN MOUND,DR,38.05403226,-83.95646125,1.642,7/6/2024,1132,2,2,0,0,CLEAR,DRY,FALSE,OTHER INTERSECTION COLLISIONS,REAR END,STRAIGHT & LEVEL,DAYLIGHT,5,O,087-KY-0686  -000
33483436,MT. STERLING POLICE DEPARTMENT,MONTGOMERY,US0460,,CAMARGO,RD,38.04220142,-83.93442715,10.681,7/6/2024,1155,2,2,0,0,CLEAR,DRY,FALSE,OTHER INTERSECTION COLLISIONS,REAR END,STRAIGHT & LEVEL,DAYLIGHT,5,O,087-US-0460  -000
33483437,MT. STERLING POLICE DEPARTMENT,MONTGOMERY,,,DARLEY,CRK,38.05009655,-83.95306093,0.042,7/7/2024,735,1,1,0,0,CLEAR,DRY,FALSE,OTHER COLLISIONS ON SHOULDER,SINGLE VEHICLE,STRAIGHT & LEVEL,DAWN,5,O,087-CS-1151  -000
33484417,MONTGOMERY CTY SHERIFF DEPT,MONTGOMERY,,,HIGHLAND,AVE,38.07065957,-83.92133143,0.001,6/26/2024,1400,2,1,0,0,CLOUDY,DRY,FALSE,1 VEHICLE PARKED POSITION (NOT PARKING LOT/DRIVEWAY),SIDESWIPE-OPPOSITE DIRECTION,STRAIGHT & GRADE,DAYLIGHT,5,O,087-CR-1023B -000
33503273,MT. STERLING POLICE DEPARTMENT,MONTGOMERY,KY0686,,INDIAN MOUND,DR,38.04192091,-83.9343746,3.505,7/11/2024,1031,2,2,0,0,CLEAR,DRY,FALSE,REAR END - ONE VEHICLE TURNING RIGHT,REAR END,STRAIGHT & LEVEL,DAYLIGHT,5,O,087-KY-0686  -000
33509850,MT. STERLING POLICE DEPARTMENT,MONTGOMERY,US0460,,MAYSVILLE,ST,38.07550329,-83.94866794,8.186,7/14/2024,1251,2,2,0,0,CLEAR,DRY,FALSE,OTHER ROADWAY OR MID-BLOCK COLLISION,REAR END,STRAIGHT & LEVEL,DAYLIGHT,5,O,087-US-0460  -000
33533170,MONTGOMERY CTY SHERIFF DEPT,MONTGOMERY,,,SCIENCE RIDGE,RD,37.98125682,-83.81364696,1.12,6/28/2024,1848,1,1,0,0,CLEAR,DRY,TRUE,COLLISION WITH FIXED OBJECT NON - INTERSECTION - FIRST EVENT COLLISION 09 - 32 EXCLUDING 16,SINGLE VEHICLE,STRAIGHT & LEVEL,DAYLIGHT,5,O,087-CR-1107  -000
33533187,MONTGOMERY CTY SHERIFF DEPT,MONTGOMERY,US0060,,MAIN,ST,38.05647438,-83.94173041,5.147,7/2/2024,1438,2,2,0,0,CLEAR,DRY,FALSE,SIDESWIPE COLLISION - SAME DIRECTION,SIDESWIPE-SAME DIRECTION,STRAIGHT & LEVEL,DAYLIGHT,5,O,087-US-0060  -000
33533188,MONTGOMERY CTY SHERIFF DEPT,MONTGOMERY,,,CLAY LICK,RD,37.97583913,-83.78132481,1.202,7/7/2024,1237,1,1,0,0,CLEAR,DRY,FALSE,RAN OFF ROADWAY (1 VEHICLE WITH/EARTH EMBANKMENT/DITCH),SINGLE VEHICLE,CURVE & LEVEL,DAYLIGHT,5,O,087-CR-1110  -000
33533201,MONTGOMERY CTY SHERIFF DEPT,MONTGOMERY,KY0011,,LEVEE,RD,37.94194033,-83.92885782,1.892,7/12/2024,309,1,1,0,0,CLEAR,DRY,FALSE,COLLISION WITH ANIMAL NON INTERSECTION,SINGLE VEHICLE,STRAIGHT & LEVEL,DARK (UNKNOWN ROADWAY LIGHTING),5,O,087-KY-0011  -000
33533204,MONTGOMERY CTY SHERIFF DEPT,MONTGOMERY,,,ALEXA,DR,38.06544411,-83.95383034,0.092,7/12/2024,1622,2,2,0,0,CLEAR,DRY,FALSE,VEHICLE BACKING NON INTERSECTION,BACKING,STRAIGHT & LEVEL,DAYLIGHT,5,O,087-CS-1064  -000
33533209,MONTGOMERY CTY SHERIFF DEPT,MONTGOMERY,KY0011,,LEVEE,RD,37.96694783,-83.93925312,3.771,7/15/2024,1121,1,1,0,0,CLEAR,DRY,FALSE,RAN OFF ROADWAY (1 VEHICLE WITH/EARTH EMBANKMENT/DITCH),SINGLE VEHICLE,CURVE & LEVEL,DAYLIGHT,5,O,087-KY-0011  -000
33533213,MONTGOMERY CTY SHERIFF DEPT,MONTGOMERY,,,TOWN BRANCH,RD,38.01537711,-83.82267235,0.134,7/5/2024,1255,2,2,0,1,CLOUDY,WET,FALSE,HEAD-ON COLLISION,HEAD ON,STRAIGHT & GRADE,DAYLIGHT,3,B,087-CR-1104  -000
33551800,MONTGOMERY CTY SHERIFF DEPT,MONTGOMERY,US0060,,WINCHESTER,RD,38.05330034,-83.96187474,4.014,7/19/2024,1310,2,2,0,0,CLEAR,DRY,FALSE,REAR END IN TRAFFIC LANES BOTH VEHICLES MOVING,REAR END,STRAIGHT & GRADE,DAYLIGHT,5,O,087-US-0060  -000
33551806,MONTGOMERY CTY SHERIFF DEPT,MONTGOMERY,US0060,,WINCHESTER,RD,38.04931077,-83.97731017,3.106,7/20/2024,1021,1,1,0,1,CLOUDY,DRY,FALSE,COLLISION WITH FIXED OBJECT IN INTERSECTION - FIRST EVENT COLLISION 09 - 32,SINGLE VEHICLE,STRAIGHT & LEVEL,DAYLIGHT,4,C,087-US-0060  -000
33551807,MONTGOMERY CTY SHERIFF DEPT,MONTGOMERY,KY0646,,NEST EGG,RD,37.96804385,-83.94352917,4.967,7/21/2024,903,2,2,0,0,RAINING,WET,FALSE,1 VEHICLE ENTERING/LEAVING ENTRANCE,ANGLE,CURVE & LEVEL,DAYLIGHT,5,O,087-KY-0646  -000
33553974,MT. STERLING POLICE DEPARTMENT,MONTGOMERY,,,SWISS STONE,WAY,38.05336033,-83.94951887,0.082,7/20/2024,1440,1,1,0,0,CLEAR,DRY,FALSE,RAN OFF ROADWAY (1 VEHICLE WITH/EARTH EMBANKMENT/DITCH),SINGLE VEHICLE,STRAIGHT & LEVEL,DAYLIGHT,5,O,087-CS-1143  -000
33553976,MT. STERLING POLICE DEPARTMENT,MONTGOMERY,US0460,,MAYSVILLE,RD,38.08131293,-83.94965623,7.768,7/21/2024,1025,2,2,0,0,CLOUDY,WET,FALSE,ANGLE COLLISION - OTHER,ANGLE,STRAIGHT & GRADE,DAYLIGHT,5,O,087-US-0460  -000
33553978,MT. STERLING POLICE DEPARTMENT,MONTGOMERY,US0460,,MAYSVILLE,ST,38.07396838,-83.94804393,8.27,7/20/2024,1642,2,2,0,0,CLEAR,DRY,FALSE,ANGLE COLLISION - ONE VEHICLE TURNING LEFT,ANGLE,STRAIGHT & LEVEL,DAYLIGHT,5,O,087-US-0460  -000
33570213,"KY STATE POLICE, POST 08",MONTGOMERY,,,PILOT KNOB,RD,37.92663944,-83.92764855,0.667,7/24/2024,1351,2,2,0,0,CLEAR,DRY,FALSE,1 VEHICLE PARKED POSITION (NOT PARKING LOT/DRIVEWAY),BACKING,STRAIGHT & LEVEL,DAYLIGHT,5,O,087-CR-1219  -000
33574164,MT. STERLING POLICE DEPARTMENT,MONTGOMERY,KY0686,,INDIAN MOUND,DR,38.07333038,-83.95121416,0.165,7/25/2024,2001,2,1,0,1,CLEAR,DRY,FALSE,COLLISION WITH PEDESTRIAN NON - INTERSECTION,SINGLE VEHICLE,STRAIGHT & HILLCREST,DAYLIGHT,3,B,087-KY-0686  -000
33574861,MT. STERLING POLICE DEPARTMENT,MONTGOMERY,KY0686,,INDIAN MOUND,DR,38.04095957,-83.94114387,3.121,7/27/2024,1207,2,2,0,0,CLEAR,DRY,FALSE,SIDESWIPE COLLISION - SAME DIRECTION,SIDESWIPE-SAME DIRECTION,STRAIGHT & LEVEL,DAYLIGHT,5,O,087-KY-0686  -000
33582378,MONTGOMERY CTY SHERIFF DEPT,MONTGOMERY,US0060,,OWINGSVILLE,RD,38.08846895,-83.89847687,8.657,7/22/2024,653,3,3,0,0,RAINING,WET,FALSE,OTHER ROADWAY OR MID-BLOCK COLLISION,REAR END,STRAIGHT & LEVEL,DAYLIGHT,5,O,087-US-0060  -000
33582849,MT. STERLING POLICE DEPARTMENT,MONTGOMERY,US0060,,MAIN,ST,38.05674105,-83.9406996,5.206,7/29/2024,1208,2,2,0,0,CLEAR,DRY,FALSE,ANGLE COLLISION - ONE VEHICLE TURNING RIGHT,ANGLE,STRAIGHT & LEVEL,DAYLIGHT,5,O,087-US-0060  -000
33587315,MONTGOMERY CTY SHERIFF DEPT,MONTGOMERY,KY0686,,INDIAN MOUND,DR,38.05361691,-83.95621853,1.659,7/16/2024,1210,2,2,0,1,CLEAR,DRY,FALSE,REAR END IN TRAFFIC LANES BOTH VEHICLES MOVING,REAR END,STRAIGHT & LEVEL,DAYLIGHT,4,C,087-KY-0686  -000
33587326,MONTGOMERY CTY SHERIFF DEPT,MONTGOMERY,,1319,MCCROSKEY,WAY,38.03507996,-83.97202997,0.056,7/27/2024,1024,2,2,0,0,CLEAR,DRY,FALSE,1 VEHICLE PARKED POSITION (NOT PARKING LOT/DRIVEWAY),BACKING,STRAIGHT & LEVEL,DAYLIGHT,5,O,087-CR-1229A -000
33587329,MONTGOMERY CTY SHERIFF DEPT,MONTGOMERY,KY0011,7200,LEVEE,RD,37.9580791,-83.93886586,3.152,7/28/2024,659,1,1,0,0,CLEAR,DRY,FALSE,COLLISION WITH ANIMAL NON INTERSECTION,SINGLE VEHICLE,STRAIGHT & LEVEL,DAYLIGHT,5,O,087-KY-0011  -000
33587331,MONTGOMERY CTY SHERIFF DEPT,MONTGOMERY,US0460,,PARIS,RD,38.12326847,-84.06101525,0.491,2/3/2024,706,1,1,0,0,CLEAR,DRY,FALSE,COLLISION WITH ANIMAL NON INTERSECTION,SINGLE VEHICLE,STRAIGHT & LEVEL,DAYLIGHT,5,O,087-US-0460  -000
33587332,MONTGOMERY CTY SHERIFF DEPT,MONTGOMERY,,,FOGG PIKE CONN,,38.04195577,-83.95081747,0.003,7/28/2024,1256,2,2,0,0,CLOUDY,DRY,FALSE,ANGLE COLLISION - OTHER,ANGLE,STRAIGHT & LEVEL,DAYLIGHT,5,O,087-CR-1306N -000
33587333,MONTGOMERY CTY SHERIFF DEPT,MONTGOMERY,,30,LARISON,RD,37.95109987,-83.95273314,0.087,7/25/2024,1156,2,2,0,0,CLEAR,MUD-DIRT,FALSE,VEHICLE BACKING NON INTERSECTION,BACKING,STRAIGHT & LEVEL,DAYLIGHT,5,O,087-PR-1257  -000
33588538,MT. STERLING POLICE DEPARTMENT,MONTGOMERY,,,LOCUST,ST,38.05496631,-83.94286958,0.235,7/28/2024,2223,2,2,0,0,CLEAR,DRY,FALSE,ANGLE COLLISION - OTHER,ANGLE,STRAIGHT & LEVEL,DARK-HWY LIGHTED/ON,5,O,087-CS-1023  -000
33588540,MT. STERLING POLICE DEPARTMENT,MONTGOMERY,,,HIGH,ST,38.05889984,-83.93691472,0.318,7/28/2024,2324,1,1,0,0,CLEAR,DRY,TRUE,COLLISION WITH FIXED OBJECT IN INTERSECTION - FIRST EVENT COLLISION 09 - 32,SINGLE VEHICLE,STRAIGHT & LEVEL,UNKNOWN,5,O,087-CS-1052  -000
33588541,MT. STERLING POLICE DEPARTMENT,MONTGOMERY,US0060,207,MAIN,ST,38.05624181,-83.94224594,5.139,7/10/2024,1717,2,2,0,0,CLEAR,DRY,FALSE,REAR END IN TRAFFIC LANES BOTH VEHICLES MOVING,REAR END,STRAIGHT & LEVEL,DAYLIGHT,5,O,087-US-0060  -000
33593893,MONTGOMERY CTY SHERIFF DEPT,MONTGOMERY,US0060,,WINCHESTER,RD,38.05312831,-83.96341353,3.902,7/16/2024,1750,2,2,0,0,RAINING,WET,FALSE,REAR END IN TRAFFIC LANES BOTH VEHICLES MOVING,REAR END,STRAIGHT & HILLCREST,OTHER,5,O,087-US-0060  -000
33593894,MONTGOMERY CTY SHERIFF DEPT,MONTGOMERY,,,MIDLAND,TRL,38.07434862,-83.91837736,0.029,7/29/2024,2050,2,2,0,3,CLEAR,DRY,FALSE,1 VEHICLE ENTERING/LEAVING ENTRANCE,ANGLE,CURVE & LEVEL,DUSK,3,B,087-CR-1020  -000
33593896,MONTGOMERY CTY SHERIFF DEPT,MONTGOMERY,KY0011,,LEVEE,RD,37.94840871,-83.93339996,2.404,7/29/2024,1305,1,1,0,0,CLOUDY,WET,FALSE,RAN OFF ROADWAY (1 VEHICLE WITH/EARTH EMBANKMENT/DITCH),SINGLE VEHICLE,CURVE & LEVEL,DAYLIGHT,5,O,087-KY-0011  -000
33594097,MONTGOMERY CTY SHERIFF DEPT,MONTGOMERY,,,FOGG,PIKE,38.04115812,-83.95052685,0.148,7/30/2024,1835,2,2,0,0,CLEAR,DRY,FALSE,1 VEHICLE ENTERING/LEAVING ENTRANCE,ANGLE,STRAIGHT & LEVEL,DAYLIGHT,5,O,087-CR-1227  -000
33594098,MONTGOMERY CTY SHERIFF DEPT,MONTGOMERY,,,MCCORMICK,RD,37.99759494,-83.88687341,0.245,7/31/2024,2020,2,2,0,0,RAINING,WET,FALSE,1 VEHICLE ENTERING/LEAVING ENTRANCE,ANGLE,CURVE & LEVEL,DUSK,5,O,087-CR-1123  -000
33596887,MT. STERLING POLICE DEPARTMENT,MONTGOMERY,US0060,,MAIN,ST,38.05614476,-83.94328143,5.057,7/31/2024,828,2,2,0,1,CLOUDY,DRY,FALSE,HEAD-ON COLLISION,HEAD ON,STRAIGHT & LEVEL,DAYLIGHT,4,C,087-US-0060  -000
33596889,MT. STERLING POLICE DEPARTMENT,MONTGOMERY,US0460,,MAYSVILLE,ST,38.06540907,-83.94516161,8.917,7/8/2024,1633,2,2,0,0,CLEAR,DRY,FALSE,ANGLE COLLISION - OTHER,ANGLE,STRAIGHT & GRADE,DAYLIGHT,5,O,087-US-0460  -000
33605449,MT. STERLING POLICE DEPARTMENT,MONTGOMERY,US0460,,MAYSVILLE,ST,38.07411576,-83.94818033,8.279,8/1/2024,950,2,2,0,0,CLEAR,DRY,FALSE,OTHER ROADWAY OR MID-BLOCK COLLISION,REAR END,STRAIGHT & LEVEL,DAYLIGHT,5,O,087-US-0460  -000
33605450,MT. STERLING POLICE DEPARTMENT,MONTGOMERY,,,SPRING,ST,38.05140473,-83.95383673,0.153,8/2/2024,2025,1,1,0,1,RAINING,WET,FALSE,COLLISION WITH FIXED OBJECT IN INTERSECTION - FIRST EVENT COLLISION 09 - 32,SINGLE VEHICLE,STRAIGHT & LEVEL,DUSK,4,C,087-CR-1042  -000
33611627,MT. STERLING POLICE DEPARTMENT,MONTGOMERY,KY0686,892,INDIAN MOUND,DR,38.05987657,-83.95556809,1.242,8/2/2024,1528,2,2,0,0,CLEAR,DRY,FALSE,1 VEHICLE ENTERING/LEAVING ENTRANCE,ANGLE,STRAIGHT & LEVEL,DAYLIGHT,5,O,087-KY-0686  -000
33632662,MT. STERLING POLICE DEPARTMENT,MONTGOMERY,,,REESE,WAY,38.06732489,-83.95507176,0.019,8/7/2024,1718,2,2,0,0,CLEAR,DRY,FALSE,OTHER ROADWAY OR MID-BLOCK COLLISION,REAR END,STRAIGHT & LEVEL,DAYLIGHT,5,O,087-CS-1031  -000
33636789,MONTGOMERY CTY SHERIFF DEPT,MONTGOMERY,US0460,,CAMARGO,RD,38.04603901,-83.93567624,10.403,8/3/2024,921,1,1,0,0,CLOUDY,DRY,FALSE,RAN OFF ROADWAY (1 VEHICLE WITH/EARTH EMBANKMENT/DITCH),SINGLE VEHICLE,CURVE & GRADE,DAYLIGHT,5,O,087-US-0460  -000
33636791,MONTGOMERY CTY SHERIFF DEPT,MONTGOMERY,KY0646,148,KIDDVILLE,RD,38.00973354,-83.94930955,11.671,8/2/2024,1135,1,1,0,0,CLOUDY,WET,FALSE,COLLISION WITH FIXED OBJECT NON - INTERSECTION - FIRST EVENT COLLISION 09 - 32 EXCLUDING 16,SINGLE VEHICLE,STRAIGHT & GRADE,DAYLIGHT,5,O,087-KY-0646  -000
33636942,MONTGOMERY CTY SHERIFF DEPT,MONTGOMERY,,,MIDLAND,TRL,38.07671257,-83.91956345,0.143,8/6/2024,1156,2,2,0,0,CLEAR,DRY,FALSE,1 VEHICLE ENTERING/LEAVING ENTRANCE,ANGLE,STRAIGHT & LEVEL,DAYLIGHT,5,O,087-CR-1020  -000
33636948,MONTGOMERY CTY SHERIFF DEPT,MONTGOMERY,,,ASHGROVE,DR,38.0453318,-83.95328778,0.172,8/5/2024,1851,2,2,0,0,CLEAR,DRY,FALSE,1 VEHICLE PARKED POSITION (NOT PARKING LOT/DRIVEWAY),BACKING,STRAIGHT & LEVEL,DAYLIGHT,5,O,087-CR-1307A -000
33636951,MONTGOMERY CTY SHERIFF DEPT,MONTGOMERY,KY0686,,INDIAN MOUND,DR,38.06554066,-83.95551587,0.849,8/9/2024,1232,3,3,0,1,CLEAR,DRY,FALSE,ANGLE COLLISION - OTHER,ANGLE,STRAIGHT & LEVEL,DAYLIGHT,3,B,087-KY-0686  -000
33636955,MONTGOMERY CTY SHERIFF DEPT,MONTGOMERY,,100,CLARENCE,DR,38.09251796,-83.89933704,0.092,8/9/2024,1015,2,2,0,0,CLEAR,DRY,FALSE,OTHER ROADWAY OR MID-BLOCK COLLISION,OPPOSING LEFT TURN,STRAIGHT & LEVEL,DAYLIGHT,5,O,087-CR-1019G -000
33636959,MONTGOMERY CTY SHERIFF DEPT,MONTGOMERY,US0060,3387,WINCHESTER,RD,38.03792791,-84.00888526,1.093,8/10/2024,1330,1,1,0,2,CLEAR,DRY,FALSE,OTHER COLLISIONS ON SHOULDER,SINGLE VEHICLE,STRAIGHT & LEVEL,DAYLIGHT,2,A,087-US-0060  -000
33636960,MONTGOMERY CTY SHERIFF DEPT,MONTGOMERY,US0060,2524,WINCHESTER,RD,38.04672313,-83.98289731,2.757,8/10/2024,1619,2,2,0,1,CLEAR,DRY,FALSE,OTHER COLLISIONS ON SHOULDER,ANGLE,STRAIGHT & LEVEL,DAYLIGHT,4,C,087-US-0060  -000
33643726,MONTGOMERY CTY SHERIFF DEPT,MONTGOMERY,US0060,,OWINGSVILLE,RD,38.08589418,-83.89971099,8.472,8/8/2024,224,1,1,0,0,CLEAR,DRY,TRUE,1 VEHICLE PARKED POSITION (NOT PARKING LOT/DRIVEWAY),SINGLE VEHICLE,STRAIGHT & LEVEL,DARK-HWY LIGHTED/ON,5,O,087-US-0060  -000
33649919,MT. STERLING POLICE DEPARTMENT,MONTGOMERY,KY0686,,INDIAN MOUND,DR,38.0515219,-83.95633843,1.814,8/12/2024,2106,2,2,0,0,CLEAR,DRY,FALSE,1 VEHICLE ENTERING/LEAVING ENTRANCE,ANGLE,STRAIGHT & LEVEL,DARK-HWY LIGHTED/ON,5,O,087-KY-0686  -000
33649922,MT. STERLING POLICE DEPARTMENT,MONTGOMERY,US0460,611,MAYSVILLE,ST,38.07019351,-83.94669022,8.58,8/13/2024,2013,2,2,0,0,CLEAR,DRY,FALSE,1 VEHICLE PARKED POSITION (NOT PARKING LOT/DRIVEWAY),BACKING,STRAIGHT & LEVEL,DUSK,5,O,087-US-0460  -000
33662996,MT. STERLING POLICE DEPARTMENT,MONTGOMERY,US0460,,MAYSVILLE,RD,38.07969181,-83.94970959,7.894,8/17/2024,838,2,2,0,0,CLEAR,DRY,FALSE,SIDESWIPE COLLISION - SAME DIRECTION,SIDESWIPE-SAME DIRECTION,STRAIGHT & LEVEL,DAYLIGHT,5,O,087-US-0460  -000
33670046,MT. STERLING POLICE DEPARTMENT,MONTGOMERY,KY0686,,INDIAN MOUND,DR,38.06727099,-83.95545304,0.736,7/18/2024,2209,2,2,0,0,CLEAR,DRY,FALSE,SIDESWIPE COLLISION - SAME DIRECTION,SIDESWIPE-SAME DIRECTION,STRAIGHT & LEVEL,DARK-HWY LIGHTED/ON,5,O,087-KY-0686  -000
33670056,MT. STERLING POLICE DEPARTMENT,MONTGOMERY,US0460,,MAYSVILLE,RD,38.08025918,-83.94964136,7.865,8/14/2024,1610,2,2,0,1,CLEAR,DRY,FALSE,ANGLE COLLISION - OTHER,ANGLE,STRAIGHT & GRADE,DAYLIGHT,3,B,087-US-0460  -000
33670057,MT. STERLING POLICE DEPARTMENT,MONTGOMERY,US0460,,MAYSVILLE,ST,38.07016365,-83.94676433,8.581,8/15/2024,1823,2,2,0,0,CLEAR,DRY,FALSE,REAR END IN TRAFFIC LANES BOTH VEHICLES MOVING,REAR END,STRAIGHT & LEVEL,DAYLIGHT,5,O,087-US-0460  -000
33674578,MT. STERLING POLICE DEPARTMENT,MONTGOMERY,,,HAWK,LN,38.06540828,-83.93220558,0.131,8/20/2024,1305,2,2,0,0,CLEAR,DRY,FALSE,1 VEHICLE PARKED POSITION (NOT PARKING LOT/DRIVEWAY),BACKING,STRAIGHT & LEVEL,DAYLIGHT,5,O,087-PR-1014  -000
33683468,MONTGOMERY CTY SHERIFF DEPT,MONTGOMERY,KY0213,,KY213,,37.9085943,-83.871129,0.165,8/13/2024,617,1,1,0,0,CLOUDY,DRY,FALSE,COLLISION WITH ANIMAL NON INTERSECTION,SINGLE VEHICLE,STRAIGHT & HILLCREST,DAWN,5,O,087-CR-1157  -000
33683469,MONTGOMERY CTY SHERIFF DEPT,MONTGOMERY,US0460,,MAIN,ST,37.97230132,-83.83848807,18.146,8/13/2024,1355,2,2,0,0,CLEAR,DRY,FALSE,SIDESWIPE COLLISION - SAME DIRECTION,SIDESWIPE-SAME DIRECTION,STRAIGHT & LEVEL,DAYLIGHT,5,O,087-US-0460  -000