IncidentID,AgencyName,County,RdwyNumber,Street,RoadwayName,StreetSfx,Latitude,Longitude,Milepoint,CollisionDate,CollisionTime,UnitsInvolved,MotorVehiclesInvolved,NumberKilled,NumberInjured,Weather,RdwyConditionCode,HitandRun,DirAnalysisCode,MannerofCollision,RdwyCharacter,LightCondition,KABCO Code,KABCO,RT_UNIQUE
34062437,MONTGOMERY CTY SHERIFF DEPT,MONTGOMERY,KY0713,,SPENCER,PIKE,38.02891239,-83.84065048,12.707,11/13/2024,2016,2,2,0,0,RAINING,WET,FALSE,OPPOSITE DIRECTION - BOTH VEHICLES GOING STRAIGHT AHEAD,SIDESWIPE-OPPOSITE DIRECTION,CURVE & LEVEL,DARK-HWY NOT LIGHTED,5,O,087-KY-0713  -000
34062444,MONTGOMERY CTY SHERIFF DEPT,MONTGOMERY,KY0646,7930,CREAM ALLEY,RD,37.96324111,-83.91106734,3.116,11/12/2024,1553,1,1,0,0,CLEAR,DRY,FALSE,RAN OFF ROADWAY (1 VEHICLE WITH/EARTH EMBANKMENT/DITCH),SINGLE VEHICLE,STRAIGHT & LEVEL,DAYLIGHT,5,O,087-KY-0646  -000
34063680,MT. STERLING POLICE DEPARTMENT,MONTGOMERY,US0460,,MAYSVILLE,RD,38.07871871,-83.94944632,7.989,11/19/2024,842,2,2,0,1,RAINING,WET,FALSE,REAR END IN TRAFFIC LANES BOTH VEHICLES MOVING,REAR END,STRAIGHT & LEVEL,DAYLIGHT,4,C,087-US-0460  -000
34063684,MT. STERLING POLICE DEPARTMENT,MONTGOMERY,KY0686,892,INDIAN MOUND,DR,38.06031286,-83.95582357,1.256,11/19/2024,1711,2,2,0,0,RAINING,WET,FALSE,REAR END IN TRAFFIC LANES BOTH VEHICLES MOVING,REAR END,STRAIGHT & LEVEL,DAYLIGHT,5,O,087-KY-0686  -000
34064345,MT. STERLING POLICE DEPARTMENT,MONTGOMERY,US0460,,MAYSVILLE,ST,38.0597966,-83.94320556,9.32,11/20/2024,1543,3,3,0,1,CLEAR,DRY,FALSE,HEAD-ON COLLISION,HEAD ON,STRAIGHT & LEVEL,DAYLIGHT,3,B,087-US-0460  -000
34067393,MONTGOMERY CTY SHERIFF DEPT,MONTGOMERY,KY0011,3963,LEVEE,RD,38.02617932,-83.94855961,8.232,11/16/2024,900,1,1,0,0,CLOUDY,DRY,FALSE,COLLISION WITH ANIMAL NON INTERSECTION,SINGLE VEHICLE,STRAIGHT & LEVEL,DAYLIGHT,5,O,087-KY-0011  -000
34067401,MONTGOMERY CTY SHERIFF DEPT,MONTGOMERY,,,LOWER SPRUCE,RD,37.94384313,-83.81227144,0.189,11/16/2024,1815,1,1,0,0,CLEAR,DRY,FALSE,COLLISION WITH ANIMAL NON INTERSECTION,SINGLE VEHICLE,STRAIGHT & LEVEL,DARK-HWY NOT LIGHTED,5,O,087-CR-1114  -000
34067528,MONTGOMERY CTY SHERIFF DEPT,MONTGOMERY,US0460,,CAMARGO,RD,38.04328358,-83.93468924,10.602,11/20/2024,1732,2,2,0,0,CLOUDY,DRY,FALSE,OTHER ROADWAY OR MID-BLOCK COLLISION,REAR END,STRAIGHT & LEVEL,DUSK,5,O,087-US-0460  -000
34070775,MONTGOMERY CTY SHERIFF DEPT,MONTGOMERY,KY0686,,INDIAN MOUND,DR,38.05451732,-83.91674586,4.846,11/20/2024,1828,2,2,0,0,CLEAR,DRY,FALSE,ANGLE COLLISION - OTHER,ANGLE,STRAIGHT & LEVEL,DARK-HWY LIGHTED/ON,5,O,087-KY-0686  -000
34072106,MT. STERLING POLICE DEPARTMENT,MONTGOMERY,US0460,,MAYSVILLE,ST,38.07050651,-83.94687712,8.556,11/1/2024,1210,2,2,0,0,CLEAR,DRY,FALSE,REAR END IN TRAFFIC LANES BOTH VEHICLES MOVING,REAR END,STRAIGHT & LEVEL,DAWN,5,O,087-US-0460  -000
34072111,MT. STERLING POLICE DEPARTMENT,MONTGOMERY,US0060,,MAIN,ST,38.05413115,-83.9531985,4.495,11/18/2024,1046,2,2,0,0,CLEAR,DRY,FALSE,VEHICLE BACKING NON INTERSECTION,BACKING,STRAIGHT & LEVEL,DAYLIGHT,5,O,087-US-0060  -000
34080550,MONTGOMERY CTY SHERIFF DEPT,MONTGOMERY,KY0011,,LEVEE,RD,38.01036585,-83.94953405,7.109,10/30/2024,804,2,1,0,0,CLEAR,DRY,TRUE,SIDESWIPE COLLISION - OPPOSITE DIRECTION,SIDESWIPE-OPPOSITE DIRECTION,STRAIGHT & GRADE,DAYLIGHT,5,O,087-KY-0011  -000
34083381,MT. STERLING POLICE DEPARTMENT,MONTGOMERY,US0460,,CAMARGO,RD,38.04174175,-83.93423315,10.715,11/15/2024,933,2,2,0,0,CLOUDY,WET,FALSE,REAR END IN TRAFFIC LANES BOTH VEHICLES MOVING,REAR END,STRAIGHT & LEVEL,DAYLIGHT,5,O,087-US-0460  -000
34085131,MT. STERLING POLICE DEPARTMENT,MONTGOMERY,US0460,,MAYSVILLE,ST,38.0749228,-83.94848027,8.226,11/25/2024,1917,2,2,0,2,CLEAR,DRY,FALSE,OTHER ROADWAY OR MID-BLOCK COLLISION,REAR END,STRAIGHT & LEVEL,DARK-HWY LIGHTED/ON,3,B,087-US-0460  -000
34086393,MONTGOMERY CTY SHERIFF DEPT,MONTGOMERY,KY0686,,INDIAN MOUND,DR,38.0419917,-83.95079178,2.601,11/13/2024,1652,2,2,0,0,CLOUDY,DRY,FALSE,ANGLE COLLISION - OTHER,ANGLE,STRAIGHT & LEVEL,DUSK,5,O,087-KY-0686  -000
34086394,MONTGOMERY CTY SHERIFF DEPT,MONTGOMERY,KY0011,,MAYSVILLE,RD,38.10478074,-83.9544611,11.218,11/18/2024,720,1,1,0,1,CLOUDY,DRY,FALSE,COLLISION WITH ANIMAL NON INTERSECTION,SINGLE VEHICLE,STRAIGHT & LEVEL,DAWN,3,B,087-KY-0011  -000
34086396,MONTGOMERY CTY SHERIFF DEPT,MONTGOMERY,US0460,,CAMARGO,RD,38.04462317,-83.93506951,10.505,11/8/2024,816,2,2,1,0,CLEAR,DRY,FALSE,OTHER INTERSECTION COLLISIONS,REAR END,STRAIGHT & LEVEL,DAYLIGHT,1,K,087-US-0460  -000
34086397,MONTGOMERY CTY SHERIFF DEPT,MONTGOMERY,KY0011,4300,LEVEE,RD,37.98785899,-83.94058627,5.351,11/19/2024,1535,1,1,0,0,RAINING,WET,FALSE,COLLISION WITH FIXED OBJECT NON - INTERSECTION - FIRST EVENT COLLISION 09 - 32 EXCLUDING 16,SINGLE VEHICLE,STRAIGHT & LEVEL,DAYLIGHT,5,O,087-KY-0011  -000
34086398,MONTGOMERY CTY SHERIFF DEPT,MONTGOMERY,US0060,3387,WINCHESTER,RD,38.03893603,-84.00651324,1.249,11/23/2024,51,1,1,0,0,CLEAR,WET,FALSE,OTHER ROADWAY OR MID-BLOCK COLLISION,SINGLE VEHICLE,CURVE & HILLCREST,DARK-HWY LIGHTED/OFF,5,O,087-US-0060  -000
34091875,MONTGOMERY CTY SHERIFF DEPT,MONTGOMERY,KY1991,,HINKSTON,PIKE,38.10916618,-83.92254626,3.746,11/19/2024,948,2,2,0,0,CLOUDY,DRY,FALSE,SIDESWIPE COLLISION - OPPOSITE DIRECTION,SIDESWIPE-OPPOSITE DIRECTION,CURVE & LEVEL,DAYLIGHT,5,O,087-KY-1991  -000
34091877,MONTGOMERY CTY SHERIFF DEPT,MONTGOMERY,US0060,,WINCHESTER,RD,38.03539678,-84.01377625,0.761,11/22/2024,1707,1,1,0,0,CLEAR,WET,FALSE,COLLISION WITH ANIMAL NON INTERSECTION,SINGLE VEHICLE,STRAIGHT & LEVEL,DAYLIGHT,5,O,087-US-0060  -000
34093276,MT. STERLING POLICE DEPARTMENT,MONTGOMERY,US0460,,MAYSVILLE,RD,38.07931835,-83.94969224,7.941,11/25/2024,939,2,2,0,0,CLEAR,DRY,FALSE,SIDESWIPE COLLISION - SAME DIRECTION,SIDESWIPE-SAME DIRECTION,STRAIGHT & GRADE,DAYLIGHT,5,O,087-US-0460  -000
34094383,MT. STERLING POLICE DEPARTMENT,MONTGOMERY,,,HIGH,ST,38.05700708,-83.94512928,0.15,11/27/2024,2245,3,3,0,0,RAINING,WET,FALSE,1 VEHICLE PARKED POSITION (NOT PARKING LOT/DRIVEWAY),REAR END,STRAIGHT & GRADE,DARK-HWY LIGHTED/ON,5,O,087-CS-1052  -000
34100905,MT. STERLING POLICE DEPARTMENT,MONTGOMERY,,,COMMONWEALTH,DR,38.06774356,-83.95943348,0.223,11/29/2024,630,1,1,0,0,CLEAR,DRY,FALSE,COLLISION WITH FIXED OBJECT NON - INTERSECTION - FIRST EVENT COLLISION 09 - 32 EXCLUDING 16,SINGLE VEHICLE,STRAIGHT & LEVEL,DARK (UNKNOWN ROADWAY LIGHTING),5,O,087-CS-1181  -000
34109428,MT. STERLING POLICE DEPARTMENT,MONTGOMERY,KY0686,,INDIAN MOUND,DR,38.04180146,-83.93458676,3.491,12/1/2024,1016,2,2,0,0,CLEAR,WET,FALSE,REAR END IN TRAFFIC LANES BOTH VEHICLES MOVING,REAR END,STRAIGHT & LEVEL,DAYLIGHT,5,O,087-KY-0686  -000
34122086,MT. STERLING POLICE DEPARTMENT,MONTGOMERY,KY0686,,INDIAN MOUND,DR,38.07096951,-83.95488116,0.463,12/5/2024,1231,2,2,0,0,CLEAR,DRY,FALSE,ANGLE COLLISION - ONE VEHICLE TURNING LEFT,ANGLE,STRAIGHT & GRADE,DAYLIGHT,5,O,087-KY-0686  -000
34132533,MT. STERLING POLICE DEPARTMENT,MONTGOMERY,,,FALCON,DR,38.07563662,-83.94837971,0.003,12/6/2024,1744,2,2,0,0,CLEAR,DRY,FALSE,1 VEHICLE ENTERING/LEAVING ENTRANCE,ANGLE,STRAIGHT & LEVEL,DARK-HWY LIGHTED/ON,5,O,087-CS-1119  -000
34133470,MT. STERLING POLICE DEPARTMENT,MONTGOMERY,KY0686,800,INDIAN MOUND,DR,38.06777884,-83.95519211,0.688,12/4/2024,1805,2,2,0,0,CLEAR,DRY,FALSE,OTHER ROADWAY OR MID-BLOCK COLLISION,REAR END,STRAIGHT & LEVEL,DARK-HWY LIGHTED/ON,5,O,087-KY-0686  -000
34133472,MT. STERLING POLICE DEPARTMENT,MONTGOMERY,,109,STERLING,AVE,38.06142959,-83.9489608,0.203,12/6/2024,1133,2,2,0,0,CLEAR,DRY,FALSE,1 VEHICLE PARKED POSITION (NOT PARKING LOT/DRIVEWAY),BACKING,STRAIGHT & LEVEL,DAYLIGHT,5,O,087-CS-1070  -000
34133473,MT. STERLING POLICE DEPARTMENT,MONTGOMERY,KY0686,,INDIAN MOUND,DR,38.05378838,-83.95626524,1.66,12/6/2024,2123,2,2,0,0,CLEAR,DRY,FALSE,OTHER ROADWAY OR MID-BLOCK COLLISION,OPPOSING LEFT TURN,STRAIGHT & LEVEL,DARK-HWY LIGHTED/ON,5,O,087-KY-0686  -000
34135349,"KY STATE POLICE, POST 08",MONTGOMERY,US0460,,PARIS,RD,38.12019292,-84.05405638,0.924,12/4/2024,735,2,2,0,0,CLOUDY,DRY,FALSE,SIDESWIPE COLLISION - OPPOSITE DIRECTION,SIDESWIPE-OPPOSITE DIRECTION,STRAIGHT & LEVEL,DAWN,5,O,087-US-0460  -000
34141454,MT. STERLING POLICE DEPARTMENT,MONTGOMERY,KY0686,,INDIAN MOUND,DR,38.06732576,-83.95517614,0.722,12/5/2024,1406,2,2,0,0,CLEAR,DRY,FALSE,ANGLE COLLISION - OTHER,ANGLE,STRAIGHT & LEVEL,DAYLIGHT,5,O,087-KY-0686  -000
34141481,MT. STERLING POLICE DEPARTMENT,MONTGOMERY,US0460,,MAYSVILLE,ST,38.07549169,-83.94884828,8.192,11/22/2024,1223,2,2,0,1,CLEAR,DRY,FALSE,OTHER ROADWAY OR MID-BLOCK COLLISION,REAR END,STRAIGHT & LEVEL,DAYLIGHT,4,C,087-US-0460  -000
34141483,MT. STERLING POLICE DEPARTMENT,MONTGOMERY,KY0686,,INDIAN MOUND,DR,38.06735576,-83.95524063,0.725,12/9/2024,1440,2,2,0,0,CLEAR,DRY,FALSE,1 VEHICLE ENTERING/LEAVING ENTRANCE,ANGLE,STRAIGHT & LEVEL,DAYLIGHT,5,O,087-KY-0686  -000
34152020,MT. STERLING POLICE DEPARTMENT,MONTGOMERY,,,EVANS,AVE,38.07540192,-83.94948312,0.034,12/10/2024,1206,2,2,0,0,CLEAR,DRY,FALSE,VEHICLE BACKING NON INTERSECTION,BACKING,STRAIGHT & LEVEL,DAYLIGHT,5,O,087-CS-1116  -000
34156143,MT. STERLING POLICE DEPARTMENT,MONTGOMERY,US0460,,MAYSVILLE,ST,38.06100284,-83.9436899,9.234,12/12/2024,1113,2,2,0,1,CLEAR,DRY,FALSE,REAR END IN TRAFFIC LANES BOTH VEHICLES MOVING,REAR END,STRAIGHT & LEVEL,DAYLIGHT,4,C,087-US-0460  -000
34166468,MONTGOMERY CTY SHERIFF DEPT,MONTGOMERY,US0460,,MAIN,ST,37.98264818,-83.86845275,16.388,11/22/2024,2335,1,1,0,0,CLEAR,WET,FALSE,COLLISION WITH ANIMAL NON INTERSECTION,SINGLE VEHICLE,STRAIGHT & LEVEL,DARK-HWY NOT LIGHTED,5,O,087-US-0460  -000
34166471,MONTGOMERY CTY SHERIFF DEPT,MONTGOMERY,KY0713,,SPENCER,PIKE,38.02976081,-83.84201375,12.607,11/23/2024,513,1,1,0,1,CLEAR,WET,FALSE,RAN OFF ROADWAY (1 VEHICLE WITH/EARTH EMBANKMENT/DITCH),SINGLE VEHICLE,CURVE & LEVEL,DARK-HWY NOT LIGHTED,4,C,087-KY-0713  -000
34170386,MONTGOMERY CTY SHERIFF DEPT,MONTGOMERY,,,ARLINGTON,AVE,38.07825674,-83.90523315,0.006,11/25/2024,840,2,2,0,0,CLEAR,DRY,FALSE,1 VEHICLE ENTERING/LEAVING ENTRANCE,ANGLE,STRAIGHT & LEVEL,DAYLIGHT,5,O,087-CR-1021A -000
34170394,MONTGOMERY CTY SHERIFF DEPT,MONTGOMERY,US0460,,MAYSVILLE,RD,38.08423237,-83.94938753,7.569,11/26/2024,1801,2,2,0,1,CLEAR,DRY,FALSE,1 VEHICLE ENTERING/LEAVING ENTRANCE,ANGLE,STRAIGHT & LEVEL,DARK-HWY LIGHTED/ON,4,C,087-US-0460  -000
34170399,MONTGOMERY CTY SHERIFF DEPT,MONTGOMERY,,,ARLINGTON,AVE,38.0779609,-83.90476778,0.038,12/3/2024,1740,2,2,0,0,CLEAR,DRY,FALSE,SIDESWIPE COLLISION - OPPOSITE DIRECTION,SIDESWIPE-OPPOSITE DIRECTION,STRAIGHT & LEVEL,DARK-HWY LIGHTED/ON,5,O,087-CR-1021A -000
34170400,MONTGOMERY CTY SHERIFF DEPT,MONTGOMERY,,,STEPSTONE,RD,38.08267516,-83.89663447,0.006,12/4/2024,1613,2,2,0,1,CLOUDY,DRY,FALSE,1 VEHICLE ENTERING/LEAVING ENTRANCE,ANGLE,STRAIGHT & LEVEL,DAYLIGHT,4,C,087-CR-1008  -000
34170408,MONTGOMERY CTY SHERIFF DEPT,MONTGOMERY,US0460,,CAMARGO,RD,38.00526564,-83.90320025,13.838,12/2/2024,1440,2,2,0,3,CLEAR,DRY,FALSE,REAR END - ONE VEHICLE TURNING LEFT,REAR END,STRAIGHT & LEVEL,DAYLIGHT,2,A,087-US-0460  -000
34170412,MONTGOMERY CTY SHERIFF DEPT,MONTGOMERY,KY0213,,BEDFORD,RD,37.99644237,-83.83938042,6.918,12/3/2024,1650,2,2,0,0,CLEAR,DRY,FALSE,SIDESWIPE COLLISION - OPPOSITE DIRECTION,SIDESWIPE-OPPOSITE DIRECTION,STRAIGHT & LEVEL,DUSK,5,O,087-KY-0213  -000
34170440,MONTGOMERY CTY SHERIFF DEPT,MONTGOMERY,US0460,4220,CAMARGO,RD,37.99485145,-83.88968174,14.918,12/4/2024,1704,3,3,0,0,CLEAR,DRY,FALSE,1 VEHICLE ENTERING/LEAVING ENTRANCE,ANGLE,STRAIGHT & LEVEL,DUSK,5,O,087-US-0460  -000
34170444,MONTGOMERY CTY SHERIFF DEPT,MONTGOMERY,KY0537,,BUNKER HILL,RD,38.14019609,-83.99753859,1.785,12/11/2024,1331,1,1,0,1,CLOUDY,DRY,FALSE,COLLISION WITH FIXED OBJECT NON - INTERSECTION - FIRST EVENT COLLISION 09 - 32 EXCLUDING 16,SINGLE VEHICLE,STRAIGHT & LEVEL,DAYLIGHT,4,C,087-KY-0537  -000
34170446,MONTGOMERY CTY SHERIFF DEPT,MONTGOMERY,KY0686,,INDIAN MOUND,DR,38.06552387,-83.95548689,0.847,12/11/2024,800,2,2,0,1,SNOWING,WET,FALSE,OPPOSING LEFT TURN,OPPOSING LEFT TURN,STRAIGHT & LEVEL,DAYLIGHT,3,B,087-KY-0686  -000
34170448,MONTGOMERY CTY SHERIFF DEPT,MONTGOMERY,KY0011,,MAYSVILLE,RD,38.16147941,-83.95709768,15.271,12/11/2024,2233,2,2,0,1,SNOWING,WET,FALSE,HEAD-ON COLLISION,HEAD ON,STRAIGHT & LEVEL,DARK-HWY LIGHTED/OFF,3,B,087-KY-0011  -000
34170449,MONTGOMERY CTY SHERIFF DEPT,MONTGOMERY,KY1991,,HINKSTON,PIKE,38.07962695,-83.93286775,1.28,12/12/2024,1423,1,1,0,1,CLEAR,DRY,FALSE,OTHER ROADWAY OR MID-BLOCK COLLISION,SINGLE VEHICLE,CURVE & GRADE,DAYLIGHT,4,C,087-KY-1991  -000
34170450,MONTGOMERY CTY SHERIFF DEPT,MONTGOMERY,KY0646,191,NEST EGG,RD,37.96951678,-83.93931269,4.725,12/5/2024,1624,1,1,0,0,CLEAR,DRY,TRUE,OTHER ROADWAY OR MID-BLOCK COLLISION,SINGLE VEHICLE,CURVE & LEVEL,DAYLIGHT,5,O,087-KY-0646  -000
34170452,MONTGOMERY CTY SHERIFF DEPT,MONTGOMERY,US0460,3100,PARIS,RD,38.09984639,-84.00741798,3.944,12/10/2024,1451,1,1,0,0,CLOUDY,WET,FALSE,RAN OFF ROADWAY (1 VEHICLE WITH/EARTH EMBANKMENT/DITCH),SINGLE VEHICLE,CURVE & LEVEL,DAYLIGHT,5,O,087-US-0460  -000
34170453,MONTGOMERY CTY SHERIFF DEPT,MONTGOMERY,KY0646,8455,CREAM ALLEY,RD,37.96283839,-83.91058666,3.079,12/10/2024,1545,1,1,0,0,CLOUDY,WET,FALSE,RAN OFF ROADWAY (1 VEHICLE WITH/EARTH EMBANKMENT/DITCH),SINGLE VEHICLE,STRAIGHT & LEVEL,DAYLIGHT,5,O,087-KY-0646  -000
34170457,MONTGOMERY CTY SHERIFF DEPT,MONTGOMERY,KY0011,,LEVEE,RD,37.96742053,-83.93907613,3.803,12/14/2024,2151,1,1,0,1,RAINING,WET,FALSE,OTHER ROADWAY OR MID-BLOCK COLLISION,SINGLE VEHICLE,CURVE & LEVEL,DARK-HWY NOT LIGHTED,4,C,087-KY-0011  -000
34175879,MT. STERLING POLICE DEPARTMENT,MONTGOMERY,US0460,,MAYSVILLE,ST,38.07466098,-83.94852857,8.258,12/17/2024,1714,2,2,0,0,CLEAR,DRY,FALSE,REAR END IN TRAFFIC LANES BOTH VEHICLES MOVING,REAR END,STRAIGHT & LEVEL,DUSK,5,O,087-US-0460  -000
34178448,MONTGOMERY CTY SHERIFF DEPT,MONTGOMERY,US0460,,MAYSVILLE,RD,38.07933685,-83.94978258,7.939,11/25/2024,1017,2,1,0,0,CLEAR,DRY,FALSE,1 VEHICLE PARKED POSITION (NOT PARKING LOT/DRIVEWAY),BACKING,STRAIGHT & LEVEL,DAYLIGHT,5,O,087-US-0460  -000
34182290,MT. STERLING POLICE DEPARTMENT,MONTGOMERY,KY0686,,INDIAN MOUND,DR,38.06722513,-83.95544779,0.729,12/19/2024,1841,2,2,0,0,CLEAR,DRY,FALSE,SIDESWIPE COLLISION - SAME DIRECTION,SIDESWIPE-SAME DIRECTION,STRAIGHT & LEVEL,DARK-HWY LIGHTED/ON,5,O,087-KY-0686  -000
34182291,MT. STERLING POLICE DEPARTMENT,MONTGOMERY,,100,ANN,ST,38.06121203,-83.9397074,0.044,12/19/2024,1759,2,2,0,0,CLEAR,MUD-DIRT,FALSE,1 VEHICLE PARKED POSITION (NOT PARKING LOT/DRIVEWAY),BACKING,STRAIGHT & GRADE,DARK (UNKNOWN ROADWAY LIGHTING),5,O,087-PR-1012  -000
34187242,MT. STERLING POLICE DEPARTMENT,MONTGOMERY,US0460,,MAYSVILLE,ST,38.07554984,-83.94884077,8.18,12/20/2024,740,2,2,0,0,RAINING,WET,FALSE,1 VEHICLE ENTERING/LEAVING ENTRANCE,ANGLE,STRAIGHT & LEVEL,DAWN,5,O,087-US-0460  -000
34196627,MONTGOMERY CTY SHERIFF DEPT,MONTGOMERY,US0060,701,WINCHESTER,RD,38.05353347,-83.95966267,4.13,12/19/2024,1624,3,3,0,2,CLEAR,DRY,FALSE,REAR END IN TRAFFIC LANES BOTH VEHICLES MOVING,REAR END,STRAIGHT & LEVEL,DAYLIGHT,4,C,087-US-0060  -000
34196628,MONTGOMERY CTY SHERIFF DEPT,MONTGOMERY,US0060,,OWINGSVILLE,RD,38.06226345,-83.93126173,5.892,12/20/2024,1629,2,2,0,0,RAINING,WET,FALSE,1 VEHICLE ENTERING/LEAVING ENTRANCE,ANGLE,STRAIGHT & LEVEL,DAYLIGHT,5,O,087-US-0060  -000
34196678,MONTGOMERY CTY SHERIFF DEPT,MONTGOMERY,,,FOGG,PIKE,38.04134507,-83.95378317,0.328,12/17/2024,1257,1,1,0,0,CLEAR,DRY,FALSE,COLLISION WITH FIXED OBJECT NON - INTERSECTION - FIRST EVENT COLLISION 09 - 32 EXCLUDING 16,SINGLE VEHICLE,STRAIGHT & LEVEL,DAYLIGHT,5,O,087-CR-1227  -000
34196679,MONTGOMERY CTY SHERIFF DEPT,MONTGOMERY,US0460,,MAIN,ST,37.96659809,-83.81862459,19.292,12/20/2024,745,2,2,0,1,RAINING,WET,FALSE,REAR END IN TRAFFIC LANES BOTH VEHICLES MOVING,REAR END,STRAIGHT & GRADE,DAWN,3,B,087-US-0460  -000
34196735,MONTGOMERY CTY SHERIFF DEPT,MONTGOMERY,,908,GIBSON,LN,37.98293155,-83.86836259,0.141,12/21/2024,1230,2,2,0,0,CLEAR,DRY,TRUE,1 VEHICLE PARKED POSITION (NOT PARKING LOT/DRIVEWAY),SIDESWIPE-OPPOSITE DIRECTION,STRAIGHT & LEVEL,DAYLIGHT,5,O,087-CR-1119  -000
34197230,MT. STERLING POLICE DEPARTMENT,MONTGOMERY,US0460,,MAYSVILLE,ST,38.07574398,-83.94875179,8.185,12/24/2024,1303,3,3,0,0,CLOUDY,WET,FALSE,REAR END IN TRAFFIC LANES BOTH VEHICLES MOVING,REAR END,STRAIGHT & LEVEL,DAYLIGHT,5,O,087-US-0460  -000
34203087,MONTGOMERY CTY SHERIFF DEPT,MONTGOMERY,,1041,ARLINGTON,AVE,38.07356667,-83.89970785,0.465,12/10/2024,640,2,1,0,0,CLEAR,DRY,FALSE,COLLISION WITH PARKED VEHICLE,BACKING,STRAIGHT & LEVEL,DARK-HWY NOT LIGHTED,5,O,087-CR-1021A -000
34205690,MT. STERLING POLICE DEPARTMENT,MONTGOMERY,KY0686,,INDIAN MOUND,DR,38.05982724,-83.95572677,1.24,12/14/2024,1128,2,2,0,0,CLEAR,DRY,FALSE,1 VEHICLE ENTERING/LEAVING ENTRANCE,ANGLE,STRAIGHT & LEVEL,DAYLIGHT,5,O,087-KY-0686  -000
34210291,MT. STERLING POLICE DEPARTMENT,MONTGOMERY,US0060,30,MAIN,ST,38.0561907,-83.94272229,5.085,12/26/2024,1028,2,2,0,0,CLOUDY,DRY,FALSE,REAR END IN TRAFFIC LANES BOTH VEHICLES MOVING,REAR END,STRAIGHT & LEVEL,DAYLIGHT,5,O,087-US-0060  -000
34214669,MT. STERLING POLICE DEPARTMENT,MONTGOMERY,,604,TWIN BROOK,DR,38.06396559,-83.95276466,0.07,12/24/2024,2134,3,3,0,0,CLEAR,DRY,TRUE,1 VEHICLE PARKED POSITION (NOT PARKING LOT/DRIVEWAY),ANGLE,STRAIGHT & LEVEL,DARK-HWY LIGHTED/ON,5,O,087-CR-1309B -000
34214672,MT. STERLING POLICE DEPARTMENT,MONTGOMERY,,,VANCE,DR,38.07366267,-83.95127557,0.005,12/29/2024,1233,2,2,0,0,CLOUDY,DRY,FALSE,OTHER INTERSECTION COLLISIONS,REAR END,STRAIGHT & GRADE,DAYLIGHT,5,O,087-CS-1115  -000
34214673,MT. STERLING POLICE DEPARTMENT,MONTGOMERY,KY0686,,INDIAN MOUND,DR,38.05386049,-83.9562171,1.657,12/26/2024,1214,2,2,0,3,CLEAR,DRY,FALSE,ANGLE COLLISION - OTHER,ANGLE,STRAIGHT & LEVEL,DAYLIGHT,3,B,087-KY-0686  -000
34217027,MONTGOMERY CTY SHERIFF DEPT,MONTGOMERY,US0460,1104,CAMARGO,RD,38.00039054,-83.89839,14.275,12/23/2024,948,2,2,0,0,CLEAR,DRY,FALSE,REAR END IN TRAFFIC LANES BOTH VEHICLES MOVING,REAR END,STRAIGHT & LEVEL,DAYLIGHT,5,O,087-US-0460  -000
34217065,MONTGOMERY CTY SHERIFF DEPT,MONTGOMERY,,1037,TWIN OAKS,BLVD,38.09924604,-83.91751624,0.147,12/25/2024,1803,2,2,0,0,CLEAR,DRY,FALSE,1 VEHICLE PARKED POSITION (NOT PARKING LOT/DRIVEWAY),HEAD ON,STRAIGHT & LEVEL,DARK-HWY LIGHTED/ON,5,O,087-CR-1034  -000
34217095,MONTGOMERY CTY SHERIFF DEPT,MONTGOMERY,KY1331,,HOWARDS MILL,RD,38.07155531,-83.87699013,1.737,12/19/2024,500,1,1,0,1,CLOUDY,DRY,FALSE,COLLISION WITH ANIMAL NON INTERSECTION,SINGLE VEHICLE,STRAIGHT & LEVEL,DARK-HWY NOT LIGHTED,4,C,087-KY-1331  -000
34217096,MONTGOMERY CTY SHERIFF DEPT,MONTGOMERY,,,DONALDSON,RD,38.08356914,-84.03687356,0.971,12/30/2024,2003,1,1,0,3,CLEAR,DRY,FALSE,RAN OFF ROADWAY (1 VEHICLE WITH/EARTH EMBANKMENT/DITCH),SINGLE VEHICLE,CURVE & LEVEL,DARK-HWY LIGHTED/ON,3,B,087-CR-1322  -000
34228045,MONTGOMERY CTY SHERIFF DEPT,MONTGOMERY,US0460,,MAIN,ST,37.96309392,-83.80087132,20.317,12/31/2024,1706,3,3,0,0,RAINING,WET,FALSE,OTHER INTERSECTION COLLISIONS,REAR END,STRAIGHT & GRADE,DUSK,5,O,087-US-0460  -000
34368800,MONTGOMERY CO. SCHOOL DIST. PD,MONTGOMERY,,,MCNABB MIDDLE SCHOOL,DR,38.04128027,-83.939461,0.154,12/16/2024,1520,2,1,0,0,RAINING,WET,FALSE,SIDESWIPE COLLISION - SAME DIRECTION,SIDESWIPE-SAME DIRECTION,STRAIGHT & GRADE,DAYLIGHT,5,O,087-PS-1101  -000
34499537,"KY STATE POLICE, POST 08",MONTGOMERY,US0060,1292,OWINGSVILLE,RD,38.06487223,-83.93025571,6.089,5/22/2024,445,2,2,1,0,CLEAR,DRY,FALSE,HEAD-ON COLLISION,HEAD ON,CURVE & GRADE,DARK-HWY NOT LIGHTED,1,K,087-US-0060  -000